{"type":"FeatureCollection","features":[{"type":"Feature","properties":{"country":"DE","region":"Jersbek","parent":"Schleswig-Holstein"},"geometry":{"type":"Polygon","coordinates":[[[10.177811,53.710059],[10.183898,53.712361],[10.191169,53.722572],[10.192936,53.730001],[10.168238,53.738236],[10.17048,53.740335],[10.1776,53.747487],[10.193253,53.748629],[10.200652,53.756512],[10.216744,53.754807],[10.223687,53.756581],[10.229976,53.762562],[10.233443,53.762766],[10.236461,53.765648],[10.239121,53.767271],[10.241537,53.76892],[10.240103,53.762882],[10.255641,53.750974],[10.252774,53.747462],[10.229721,53.738126],[10.222429,53.732459],[10.222615,53.724719],[10.236462,53.720368],[10.230759,53.717228],[10.232311,53.7131],[10.215671,53.709902],[10.207868,53.713177],[10.187868,53.702838],[10.181779,53.703838],[10.176809,53.707504],[10.177811,53.710059]],[[10.207508,53.731327],[10.212582,53.7287],[10.215928,53.732584],[10.212085,53.733809],[10.207508,53.731327]]]}},{"type":"Feature","properties":{"country":"DE","region":"Neritz","parent":"Schleswig-Holstein"},"geometry":{"type":"Polygon","coordinates":[[[10.297254,53.797673],[10.312288,53.784617],[10.295748,53.782353],[10.273351,53.776454],[10.264638,53.7779],[10.259381,53.783447],[10.270263,53.788166],[10.274537,53.793873],[10.297254,53.797673]]]}},{"type":"Feature","properties":{"country":"DE","region":"Nienwohld","parent":"Schleswig-Holstein"},"geometry":{"type":"MultiPolygon","coordinates":[[[[10.229537,53.781859],[10.236516,53.776771],[10.22125,53.772522],[10.201344,53.776786],[10.198924,53.780891],[10.176588,53.777204],[10.161756,53.778758],[10.153191,53.774568],[10.141655,53.777216],[10.151778,53.787936],[10.176507,53.791725],[10.194942,53.802729],[10.212505,53.791538],[10.217362,53.783285],[10.229537,53.781859]]],[[[10.161597,53.768677],[10.164338,53.772543],[10.169342,53.769368],[10.166915,53.767563],[10.161597,53.768677]]]]}},{"type":"Feature","properties":{"country":"DE","region":"Oststeinbek","parent":"Hamburg"},"geometry":{"type":"Polygon","coordinates":[[[10.181086,53.558326],[10.180999,53.554829],[10.193298,53.545801],[10.192968,53.538596],[10.187393,53.533764],[10.193889,53.528922],[10.200836,53.527961],[10.210602,53.520046],[10.200071,53.514465],[10.187672,53.513038],[10.164191,53.521046],[10.162327,53.525892],[10.165952,53.536709],[10.155632,53.537462],[10.151818,53.544317],[10.15294,53.549773],[10.159549,53.555981],[10.157091,53.560139],[10.162347,53.559371],[10.174223,53.560344],[10.181086,53.558326]]]}},{"type":"Feature","properties":{"country":"DE","region":"Rausdorf (Schleswig-Holstein)","parent":"Schleswig-Holstein"},"geometry":{"type":"Polygon","coordinates":[[[10.320395,53.599078],[10.328876,53.597043],[10.343096,53.603272],[10.35046,53.602065],[10.34065,53.596006],[10.345835,53.589812],[10.334774,53.583119],[10.328652,53.584078],[10.321415,53.579782],[10.307518,53.580081],[10.299348,53.590227],[10.320395,53.599078]]]}},{"type":"Feature","properties":{"country":"DE","region":"Reinbek, Stadt","parent":"Schleswig-Holstein"},"geometry":{"type":"Polygon","coordinates":[[[10.229006,53.557676],[10.270317,53.564022],[10.278312,53.568962],[10.29176,53.574562],[10.30292,53.572265],[10.301236,53.577595],[10.306371,53.57998],[10.310633,53.57562],[10.315797,53.571701],[10.309909,53.568484],[10.310874,53.564798],[10.312438,53.559476],[10.312451,53.556465],[10.314482,53.554447],[10.293115,53.538692],[10.294763,53.53494],[10.307157,53.531809],[10.300508,53.524637],[10.29251,53.520352],[10.28579,53.525029],[10.275043,53.526075],[10.271314,53.521928],[10.268275,53.508971],[10.261664,53.506242],[10.243873,53.508186],[10.236679,53.496354],[10.226744,53.495893],[10.221133,53.498791],[10.219814,53.501407],[10.222646,53.50559],[10.210602,53.520046],[10.228721,53.520896],[10.234209,53.527616],[10.230141,53.531896],[10.235631,53.5473],[10.229006,53.557676]]]}},{"type":"Feature","properties":{"country":"DE","region":"Siek","parent":"Schleswig-Holstein"},"geometry":{"type":"Polygon","coordinates":[[[10.311752,53.633474],[10.312777,53.624129],[10.305953,53.616272],[10.290819,53.61886],[10.282603,53.613798],[10.248161,53.624852],[10.245553,53.630952],[10.24069,53.633503],[10.243373,53.636743],[10.255783,53.639457],[10.257834,53.642877],[10.271994,53.638983],[10.278038,53.640853],[10.296624,53.653195],[10.307978,53.649456],[10.313384,53.637146],[10.311752,53.633474]]]}},{"type":"Feature","properties":{"country":"DE","region":"Stapelfeld","parent":"Schleswig-Holstein"},"geometry":{"type":"Polygon","coordinates":[[[10.20145,53.584076],[10.192775,53.593557],[10.196245,53.602035],[10.190332,53.613422],[10.206523,53.623199],[10.215056,53.625013],[10.216946,53.63124],[10.221762,53.633722],[10.231739,53.633771],[10.230539,53.614257],[10.236264,53.606808],[10.236409,53.598819],[10.20145,53.584076]]]}},{"type":"Feature","properties":{"country":"DE","region":"Tangstedt (Schleswig-Holstein) (Stormarn)","parent":"Schleswig-Holstein"},"geometry":{"type":"MultiPolygon","coordinates":[[[[10.111859,53.767837],[10.106382,53.754378],[10.109441,53.745813],[10.125497,53.74653],[10.133218,53.754911],[10.140287,53.75565],[10.17048,53.740335],[10.168238,53.738236],[10.14526,53.725496],[10.128162,53.72036],[10.120254,53.713769],[10.083158,53.7201],[10.072805,53.709634],[10.061369,53.71067],[10.058332,53.714891],[10.045136,53.719316],[10.033394,53.719619],[10.034471,53.722554],[10.027458,53.727438],[10.022742,53.749531],[10.036824,53.754008],[10.042107,53.76409],[10.045459,53.764503],[10.050626,53.76217],[10.059642,53.765703],[10.090313,53.768639],[10.111859,53.767837]]],[[[10.07143,53.697023],[10.062828,53.698392],[10.069628,53.706244],[10.07841,53.703918],[10.076697,53.699761],[10.07143,53.697023]]]]}},{"type":"Feature","properties":{"country":"DE","region":"Moisburg","parent":"Niedersachsen"},"geometry":{"type":"Polygon","coordinates":[[[9.726711,53.422593],[9.728931,53.422328],[9.740122,53.403632],[9.729149,53.39442],[9.730007,53.387247],[9.733125,53.385174],[9.731058,53.378922],[9.725887,53.375413],[9.723928,53.382134],[9.713938,53.393638],[9.699479,53.395339],[9.686734,53.391996],[9.677915,53.39465],[9.678819,53.402281],[9.675383,53.406649],[9.681834,53.41099],[9.682593,53.412269],[9.704899,53.415995],[9.718711,53.422828],[9.726711,53.422593]]]}},{"type":"Feature","properties":{"country":"DE","region":"Neu Wulmstorf","parent":"Niedersachsen"},"geometry":{"type":"Polygon","coordinates":[[[9.768861,53.505279],[9.783208,53.500095],[9.783271,53.492208],[9.801333,53.492792],[9.80077,53.470077],[9.808468,53.463138],[9.836535,53.450805],[9.862388,53.429876],[9.846541,53.419069],[9.833063,53.417143],[9.833446,53.414275],[9.841718,53.41245],[9.841639,53.407289],[9.827797,53.403522],[9.810333,53.406584],[9.806192,53.404375],[9.805755,53.401984],[9.811689,53.397456],[9.823376,53.392797],[9.817496,53.376099],[9.815972,53.364459],[9.78191,53.373991],[9.777362,53.382429],[9.76834,53.385592],[9.763752,53.392832],[9.777901,53.405419],[9.757582,53.418909],[9.728931,53.422328],[9.726711,53.422593],[9.740581,53.436983],[9.749203,53.438692],[9.771763,53.436626],[9.783436,53.442745],[9.779498,53.456725],[9.769951,53.460417],[9.769108,53.480229],[9.751008,53.485197],[9.74862,53.489785],[9.738073,53.490965],[9.748093,53.495798],[9.764641,53.495499],[9.768861,53.505279]]]}},{"type":"Feature","properties":{"country":"DE","region":"Rosengarten (Niedersachsen)","parent":"Niedersachsen"},"geometry":{"type":"Polygon","coordinates":[[[9.817496,53.376099],[9.823376,53.392797],[9.811689,53.397456],[9.805755,53.401984],[9.806192,53.404375],[9.810333,53.406584],[9.827797,53.403522],[9.841639,53.407289],[9.841718,53.41245],[9.833446,53.414275],[9.833063,53.417143],[9.846541,53.419069],[9.862388,53.429876],[9.861767,53.438916],[9.882772,53.448174],[9.89541,53.456346],[9.904536,53.456191],[9.920656,53.436539],[9.915117,53.430121],[9.915235,53.424379],[9.90774,53.416089],[9.915788,53.414501],[9.927943,53.419181],[9.941951,53.41281],[9.942039,53.399797],[9.946002,53.396715],[9.935612,53.388781],[9.92407,53.387377],[9.922471,53.384683],[9.928827,53.38078],[9.940845,53.381509],[9.948943,53.378656],[9.956034,53.363763],[9.955696,53.354321],[9.948677,53.348318],[9.957956,53.34243],[9.945578,53.342057],[9.941692,53.337805],[9.930478,53.33392],[9.926899,53.340117],[9.912443,53.341171],[9.911419,53.352773],[9.896477,53.352709],[9.894322,53.36087],[9.901047,53.367832],[9.882772,53.376294],[9.872321,53.378355],[9.843572,53.37369],[9.838244,53.36948],[9.832176,53.373993],[9.817496,53.376099]]]}},{"type":"Feature","properties":{"country":"DE","region":"Seevetal","parent":"Niedersachsen"},"geometry":{"type":"Polygon","coordinates":[[[10.05007,53.319434],[10.044331,53.32046],[10.041702,53.322441],[10.036432,53.324005],[10.020182,53.32486],[9.998904,53.32803],[9.999696,53.33113],[9.997702,53.331692],[9.998424,53.333673],[9.996556,53.334158],[9.99702,53.335797],[10.000707,53.342408],[10.01046,53.349991],[10.012599,53.35668],[9.995971,53.357397],[9.976147,53.353813],[9.963667,53.356646],[9.955696,53.354321],[9.956034,53.363763],[9.948943,53.378656],[9.940845,53.381509],[9.928827,53.38078],[9.922471,53.384683],[9.92407,53.387377],[9.935612,53.388781],[9.946002,53.396715],[9.942039,53.399797],[9.941951,53.41281],[9.927943,53.419181],[9.941647,53.421564],[9.95116,53.430319],[9.961706,53.427468],[9.963457,53.422981],[9.97328,53.42212],[9.976518,53.419296],[9.976363,53.415117],[9.983493,53.415618],[9.996673,53.425294],[10.018316,53.429541],[10.027198,53.434089],[10.0268,53.437077],[10.016136,53.442861],[10.021621,53.446248],[10.031361,53.444638],[10.046708,53.447763],[10.047807,53.449758],[10.042343,53.451782],[10.043187,53.457358],[10.051859,53.463242],[10.084745,53.450179],[10.107491,53.427401],[10.08686,53.407468],[10.073589,53.405052],[10.068973,53.396742],[10.068408,53.387916],[10.068771,53.377466],[10.072994,53.375031],[10.073353,53.370274],[10.058025,53.363862],[10.064805,53.357425],[10.089584,53.349796],[10.100191,53.342169],[10.091502,53.32534],[10.085498,53.320589],[10.069846,53.316911],[10.049527,53.323623],[10.05007,53.319434]]]}},{"type":"Feature","properties":{"country":"DE","region":"Stelle","parent":"Niedersachsen"},"geometry":{"type":"Polygon","coordinates":[[[10.146007,53.415079],[10.14541,53.40736],[10.135465,53.397499],[10.126373,53.392836],[10.122909,53.387316],[10.139438,53.377579],[10.142478,53.371975],[10.167652,53.365815],[10.168751,53.360841],[10.143242,53.350113],[10.12621,53.350495],[10.11417,53.343249],[10.100191,53.342169],[10.089584,53.349796],[10.064805,53.357425],[10.058025,53.363862],[10.073353,53.370274],[10.072994,53.375031],[10.068771,53.377466],[10.068408,53.387916],[10.068973,53.396742],[10.073589,53.405052],[10.08686,53.407468],[10.107491,53.427401],[10.133115,53.422672],[10.146007,53.415079]]]}},{"type":"Feature","properties":{"country":"DE","region":"Tespe","parent":"Niedersachsen"},"geometry":{"type":"Polygon","coordinates":[[[10.422833,53.355528],[10.405011,53.360541],[10.405403,53.36629],[10.390934,53.367562],[10.384635,53.364963],[10.370283,53.370543],[10.372431,53.372733],[10.36573,53.381946],[10.372103,53.384501],[10.371601,53.391176],[10.397947,53.411454],[10.429915,53.398212],[10.469184,53.385844],[10.46901,53.378714],[10.457062,53.368992],[10.444592,53.366969],[10.442978,53.361641],[10.437366,53.361229],[10.437866,53.356006],[10.422833,53.355528]]]}},{"type":"Feature","properties":{"country":"DE","region":"Wenzendorf","parent":"Niedersachsen"},"geometry":{"type":"Polygon","coordinates":[[[9.815972,53.364459],[9.816569,53.354862],[9.830031,53.351462],[9.825754,53.342387],[9.812955,53.340635],[9.776061,53.334676],[9.72647,53.335673],[9.726532,53.340096],[9.72308,53.343579],[9.72573,53.347743],[9.724105,53.353994],[9.732965,53.363801],[9.766812,53.366753],[9.78191,53.373991],[9.815972,53.364459]]]}},{"type":"Feature","properties":{"country":"DE","region":"Winsen (Luhe), Stadt","parent":"Niedersachsen"},"geometry":{"type":"Polygon","coordinates":[[[10.21172,53.293671],[10.207217,53.287249],[10.1949,53.287476],[10.187449,53.291525],[10.160614,53.296466],[10.171525,53.297878],[10.167768,53.30288],[10.169483,53.309408],[10.159338,53.312395],[10.118763,53.311145],[10.102004,53.314472],[10.092719,53.320049],[10.091502,53.32534],[10.100191,53.342169],[10.11417,53.343249],[10.12621,53.350495],[10.143242,53.350113],[10.168751,53.360841],[10.167652,53.365815],[10.142478,53.371975],[10.139438,53.377579],[10.122909,53.387316],[10.126373,53.392836],[10.135465,53.397499],[10.14541,53.40736],[10.146007,53.415079],[10.154409,53.405853],[10.170939,53.397638],[10.22675,53.395392],[10.242619,53.399097],[10.260042,53.418524],[10.246456,53.400644],[10.246422,53.397211],[10.259849,53.388903],[10.277051,53.394817],[10.290106,53.389718],[10.284896,53.377391],[10.277335,53.3691],[10.280859,53.363102],[10.277956,53.356527],[10.321604,53.350686],[10.324407,53.334884],[10.311499,53.334125],[10.30796,53.331504],[10.296946,53.332755],[10.292274,53.328432],[10.270036,53.329437],[10.263819,53.332581],[10.261403,53.330286],[10.263145,53.322603],[10.25745,53.316166],[10.236342,53.317617],[10.228613,53.314815],[10.219163,53.307083],[10.21172,53.293671]]]}},{"type":"Feature","properties":{"country":"DE","region":"Brunsbek","parent":"Schleswig-Holstein"},"geometry":{"type":"Polygon","coordinates":[[[10.320395,53.599078],[10.299348,53.590227],[10.307518,53.580081],[10.306371,53.57998],[10.301236,53.577595],[10.30292,53.572265],[10.29176,53.574562],[10.278312,53.568962],[10.265549,53.57897],[10.262211,53.5881],[10.243961,53.59214],[10.241624,53.595641],[10.266227,53.607659],[10.283612,53.609307],[10.282603,53.613798],[10.290819,53.61886],[10.305953,53.616272],[10.304241,53.608088],[10.316033,53.603776],[10.320395,53.599078]]]}},{"type":"Feature","properties":{"country":"DE","region":"Ammersbek","parent":"Schleswig-Holstein"},"geometry":{"type":"Polygon","coordinates":[[[10.232311,53.7131],[10.244477,53.709458],[10.243817,53.700861],[10.239924,53.696108],[10.236961,53.700453],[10.226903,53.699691],[10.225462,53.694339],[10.229832,53.690362],[10.226043,53.686169],[10.215682,53.684733],[10.213157,53.677992],[10.20021,53.676489],[10.191815,53.680182],[10.171708,53.68023],[10.171684,53.668965],[10.157039,53.67019],[10.153976,53.674644],[10.143612,53.676297],[10.141307,53.679128],[10.150273,53.682158],[10.158977,53.691201],[10.158503,53.704939],[10.169585,53.711784],[10.177811,53.710059],[10.176809,53.707504],[10.181779,53.703838],[10.187868,53.702838],[10.207868,53.713177],[10.215671,53.709902],[10.232311,53.7131]],[[10.22654,53.708138],[10.227907,53.70385],[10.233839,53.703886],[10.232143,53.70691],[10.22654,53.708138]]]}},{"type":"Feature","properties":{"country":"DE","region":"Hamburg, Freie und Hansestadt","parent":"Hamburg"},"geometry":{"type":"MultiPolygon","coordinates":[[[[10.221762,53.633722],[10.216946,53.63124],[10.215056,53.625013],[10.206523,53.623199],[10.190332,53.613422],[10.196245,53.602035],[10.192775,53.593557],[10.20145,53.584076],[10.167493,53.582593],[10.161436,53.584453],[10.153006,53.577369],[10.148237,53.566512],[10.149963,53.562849],[10.157091,53.560139],[10.159549,53.555981],[10.15294,53.549773],[10.151818,53.544317],[10.155632,53.537462],[10.165952,53.536709],[10.162327,53.525892],[10.164191,53.521046],[10.187672,53.513038],[10.200071,53.514465],[10.210602,53.520046],[10.222646,53.50559],[10.219814,53.501407],[10.221133,53.498791],[10.226744,53.495893],[10.236679,53.496354],[10.238672,53.484024],[10.249304,53.479539],[10.263565,53.474434],[10.271209,53.467897],[10.270999,53.463665],[10.289907,53.455343],[10.297134,53.451356],[10.297417,53.447195],[10.303519,53.443205],[10.307672,53.443764],[10.312672,53.451847],[10.325959,53.449639],[10.316105,53.441195],[10.317667,53.43597],[10.307954,53.433201],[10.260042,53.418524],[10.242619,53.399097],[10.22675,53.395392],[10.170939,53.397638],[10.154409,53.405853],[10.146007,53.415079],[10.133115,53.422672],[10.107491,53.427401],[10.084745,53.450179],[10.051859,53.463242],[10.043187,53.457358],[10.042343,53.451782],[10.047807,53.449758],[10.046708,53.447763],[10.031361,53.444638],[10.021621,53.446248],[10.016136,53.442861],[10.0268,53.437077],[10.027198,53.434089],[10.018316,53.429541],[9.996673,53.425294],[9.983493,53.415618],[9.976363,53.415117],[9.976518,53.419296],[9.97328,53.42212],[9.963457,53.422981],[9.961706,53.427468],[9.95116,53.430319],[9.941647,53.421564],[9.927943,53.419181],[9.915788,53.414501],[9.90774,53.416089],[9.915235,53.424379],[9.915117,53.430121],[9.920656,53.436539],[9.904536,53.456191],[9.89541,53.456346],[9.882772,53.448174],[9.861767,53.438916],[9.862388,53.429876],[9.836535,53.450805],[9.808468,53.463138],[9.80077,53.470077],[9.801333,53.492792],[9.783271,53.492208],[9.783208,53.500095],[9.768861,53.505279],[9.76587,53.512208],[9.769622,53.519569],[9.775602,53.522806],[9.76741,53.538934],[9.772077,53.543386],[9.802443,53.532287],[9.815916,53.530178],[9.822288,53.534031],[9.812746,53.541747],[9.822885,53.551061],[9.7725,53.562502],[9.734365,53.565215],[9.737487,53.57648],[9.741343,53.578823],[9.737486,53.581864],[9.746307,53.590614],[9.744514,53.59855],[9.748526,53.60313],[9.756048,53.604113],[9.758248,53.610216],[9.754681,53.613757],[9.757997,53.618116],[9.760126,53.624481],[9.763474,53.624924],[9.763673,53.627495],[9.770294,53.627462],[9.771552,53.616356],[9.794942,53.610047],[9.797033,53.606969],[9.790785,53.603797],[9.792474,53.600266],[9.815117,53.586956],[9.82432,53.584868],[9.835538,53.587792],[9.840385,53.594459],[9.856203,53.599016],[9.861606,53.606466],[9.868024,53.609346],[9.883854,53.621539],[9.896924,53.634865],[9.904073,53.642246],[9.906618,53.652452],[9.916927,53.654533],[9.945376,53.652928],[9.986498,53.648219],[9.989548,53.650959],[9.991345,53.672567],[9.997284,53.680285],[10.038194,53.681906],[10.050763,53.677471],[10.067099,53.679352],[10.06715,53.682851],[10.061675,53.687834],[10.07143,53.697023],[10.076697,53.699761],[10.07841,53.703918],[10.069628,53.706244],[10.072805,53.709634],[10.083158,53.7201],[10.120254,53.713769],[10.128162,53.72036],[10.14526,53.725496],[10.168238,53.738236],[10.192936,53.730001],[10.191169,53.722572],[10.183898,53.712361],[10.177811,53.710059],[10.169585,53.711784],[10.158503,53.704939],[10.158977,53.691201],[10.150273,53.682158],[10.141307,53.679128],[10.143612,53.676297],[10.153976,53.674644],[10.157039,53.67019],[10.171684,53.668965],[10.174799,53.664477],[10.183025,53.662987],[10.194759,53.654293],[10.197775,53.646793],[10.193111,53.638509],[10.221762,53.633722]]],[[[9.740286,53.556892],[9.743167,53.557519],[9.761084,53.556438],[9.766851,53.555355],[9.771272,53.555497],[9.77841,53.554677],[9.782811,53.552035],[9.783159,53.551075],[9.777831,53.549895],[9.774148,53.54985],[9.77338,53.550703],[9.778275,53.551076],[9.779155,53.552559],[9.777925,53.553474],[9.774233,53.553582],[9.772412,53.554454],[9.740286,53.556892]]],[[[8.498452,53.932508],[8.51594,53.924288],[8.515931,53.918402],[8.500049,53.912277],[8.487154,53.913721],[8.489044,53.9271],[8.498452,53.932508]]],[[[8.443238,53.964977],[8.460721,53.958767],[8.447095,53.954736],[8.431992,53.944444],[8.420155,53.946123],[8.422674,53.951535],[8.436884,53.954141],[8.43539,53.962816],[8.443238,53.964977]]]]}},{"type":"Feature","properties":{"country":"DE","region":"Wulfsen","parent":"Niedersachsen"},"geometry":{"type":"Polygon","coordinates":[[[10.102004,53.314472],[10.118763,53.311145],[10.159338,53.312395],[10.169483,53.309408],[10.167768,53.30288],[10.171525,53.297878],[10.160614,53.296466],[10.156709,53.299991],[10.140185,53.295123],[10.137322,53.290459],[10.124374,53.283539],[10.118877,53.285872],[10.118161,53.297221],[10.110608,53.306266],[10.093381,53.310453],[10.0938,53.313879],[10.098676,53.313985],[10.102004,53.314472]]]}},{"type":"Feature","properties":{"country":"DE","region":"Barum (Niedersachsen) (Lüneburg, Landkreis)","parent":"Niedersachsen"},"geometry":{"type":"Polygon","coordinates":[[[10.370283,53.370543],[10.384635,53.364963],[10.390934,53.367562],[10.405403,53.36629],[10.405011,53.360541],[10.422833,53.355528],[10.430277,53.35105],[10.429644,53.345517],[10.41903,53.339309],[10.404758,53.337419],[10.410355,53.322323],[10.389468,53.326878],[10.388583,53.338134],[10.383661,53.348281],[10.384972,53.358746],[10.371424,53.363673],[10.36865,53.368241],[10.370283,53.370543]]]}},{"type":"Feature","properties":{"country":"DE","region":"Handorf","parent":"Niedersachsen"},"geometry":{"type":"Polygon","coordinates":[[[10.30796,53.331504],[10.311499,53.334125],[10.324407,53.334884],[10.321604,53.350686],[10.323356,53.35964],[10.360014,53.358827],[10.363689,53.342217],[10.35589,53.329244],[10.326587,53.324476],[10.313257,53.323965],[10.307969,53.328292],[10.30796,53.331504]]]}},{"type":"Feature","properties":{"country":"DE","region":"Radbruch","parent":"Niedersachsen"},"geometry":{"type":"Polygon","coordinates":[[[10.330384,53.318959],[10.312319,53.313059],[10.317039,53.304408],[10.305857,53.300579],[10.279053,53.294963],[10.272324,53.296755],[10.26664,53.29394],[10.268412,53.289263],[10.257861,53.290207],[10.250274,53.290079],[10.241354,53.284965],[10.225267,53.287667],[10.223935,53.290377],[10.21172,53.293671],[10.219163,53.307083],[10.228613,53.314815],[10.236342,53.317617],[10.25745,53.316166],[10.263145,53.322603],[10.261403,53.330286],[10.263819,53.332581],[10.270036,53.329437],[10.292274,53.328432],[10.296946,53.332755],[10.30796,53.331504],[10.307969,53.328292],[10.313257,53.323965],[10.326587,53.324476],[10.332256,53.322651],[10.330384,53.318959]]]}},{"type":"Feature","properties":{"country":"DE","region":"Wittorf","parent":"Niedersachsen"},"geometry":{"type":"Polygon","coordinates":[[[10.330384,53.318959],[10.332256,53.322651],[10.326587,53.324476],[10.35589,53.329244],[10.363689,53.342217],[10.360014,53.358827],[10.371424,53.363673],[10.384972,53.358746],[10.383661,53.348281],[10.388583,53.338134],[10.389468,53.326878],[10.388224,53.313894],[10.384724,53.310885],[10.37246,53.310846],[10.365787,53.314981],[10.34569,53.318841],[10.330384,53.318959]]]}},{"type":"Feature","properties":{"country":"DE","region":"Ellerau","parent":"Schleswig-Holstein"},"geometry":{"type":"Polygon","coordinates":[[[9.892195,53.752275],[9.898345,53.756763],[9.900938,53.764464],[9.906791,53.768672],[9.913852,53.766906],[9.939884,53.771315],[9.948919,53.769786],[9.953833,53.766142],[9.966097,53.768014],[9.960804,53.762163],[9.941724,53.752736],[9.911869,53.748539],[9.892195,53.752275]]]}},{"type":"Feature","properties":{"country":"DE","region":"Henstedt-Ulzburg","parent":"Schleswig-Holstein"},"geometry":{"type":"Polygon","coordinates":[[[10.094494,53.803834],[10.090377,53.797744],[10.069512,53.792141],[10.06934,53.784759],[10.045459,53.764503],[10.042107,53.76409],[10.036824,53.754008],[10.022742,53.749531],[10.011372,53.746188],[9.996359,53.749702],[9.984677,53.759989],[9.972086,53.769201],[9.966097,53.768014],[9.953833,53.766142],[9.948919,53.769786],[9.94856,53.776915],[9.954315,53.779722],[9.965401,53.779748],[9.969261,53.783954],[9.964749,53.78577],[9.960058,53.79292],[9.939188,53.795953],[9.926964,53.802123],[9.935571,53.804319],[9.935566,53.809087],[9.954069,53.814411],[9.978791,53.815026],[9.986064,53.803929],[9.99539,53.79741],[10.032544,53.804081],[10.041646,53.799866],[10.062471,53.799806],[10.070724,53.794331],[10.082714,53.798393],[10.08719,53.804798],[10.094494,53.803834]]]}},{"type":"Feature","properties":{"country":"DE","region":"Itzstedt","parent":"Schleswig-Holstein"},"geometry":{"type":"Polygon","coordinates":[[[10.194942,53.802729],[10.176507,53.791725],[10.151778,53.787936],[10.156724,53.793034],[10.151958,53.801647],[10.136202,53.810853],[10.168627,53.818203],[10.191247,53.807834],[10.194942,53.802729]]]}},{"type":"Feature","properties":{"country":"DE","region":"Kayhude","parent":"Schleswig-Holstein"},"geometry":{"type":"Polygon","coordinates":[[[10.111859,53.767837],[10.117025,53.770586],[10.117,53.774717],[10.132589,53.77144],[10.145326,53.764293],[10.140287,53.75565],[10.133218,53.754911],[10.125497,53.74653],[10.109441,53.745813],[10.106382,53.754378],[10.111859,53.767837]]]}},{"type":"Feature","properties":{"country":"DE","region":"Kisdorf","parent":"Schleswig-Holstein"},"geometry":{"type":"Polygon","coordinates":[[[10.05353,53.833636],[10.067928,53.828558],[10.082468,53.829433],[10.085535,53.833082],[10.109078,53.820851],[10.113891,53.817443],[10.113336,53.803056],[10.094494,53.803834],[10.08719,53.804798],[10.082714,53.798393],[10.070724,53.794331],[10.062471,53.799806],[10.041646,53.799866],[10.032544,53.804081],[9.99539,53.79741],[9.986064,53.803929],[9.978791,53.815026],[9.984825,53.817186],[9.987141,53.82381],[9.984449,53.826694],[9.990105,53.82607],[9.991859,53.826751],[10.001698,53.822793],[10.037708,53.824162],[10.037959,53.827918],[10.033814,53.832458],[10.05353,53.833636]]]}},{"type":"Feature","properties":{"country":"DE","region":"Nahe","parent":"Schleswig-Holstein"},"geometry":{"type":"Polygon","coordinates":[[[10.113336,53.803056],[10.113891,53.817443],[10.118785,53.821456],[10.126202,53.820636],[10.136202,53.810853],[10.151958,53.801647],[10.156724,53.793034],[10.151778,53.787936],[10.141655,53.777216],[10.132589,53.77144],[10.117,53.774717],[10.114325,53.777571],[10.117732,53.783072],[10.113336,53.803056]]]}},{"type":"Feature","properties":{"country":"DE","region":"Norderstedt, Stadt","parent":"Schleswig-Holstein"},"geometry":{"type":"Polygon","coordinates":[[[9.935494,53.677979],[9.942443,53.687709],[9.941568,53.696168],[9.944933,53.705013],[9.95246,53.714057],[9.959726,53.722013],[9.953888,53.726265],[9.955328,53.731238],[9.967649,53.730649],[9.977339,53.741583],[9.97568,53.744499],[9.979365,53.751263],[9.978246,53.756972],[9.984677,53.759989],[9.996359,53.749702],[10.011372,53.746188],[10.022742,53.749531],[10.027458,53.727438],[10.034471,53.722554],[10.033394,53.719619],[10.045136,53.719316],[10.058332,53.714891],[10.061369,53.71067],[10.072805,53.709634],[10.069628,53.706244],[10.062828,53.698392],[10.07143,53.697023],[10.061675,53.687834],[10.06715,53.682851],[10.067099,53.679352],[10.050763,53.677471],[10.038194,53.681906],[9.997284,53.680285],[9.991345,53.672567],[9.989548,53.650959],[9.986498,53.648219],[9.945376,53.652928],[9.935494,53.677979]]]}},{"type":"Feature","properties":{"country":"DE","region":"Oering","parent":"Schleswig-Holstein"},"geometry":{"type":"Polygon","coordinates":[[[10.109078,53.820851],[10.108602,53.827502],[10.114995,53.832707],[10.117468,53.839621],[10.133066,53.84075],[10.135325,53.838335],[10.14676,53.839789],[10.161493,53.835908],[10.169839,53.83135],[10.166579,53.822898],[10.168627,53.818203],[10.136202,53.810853],[10.126202,53.820636],[10.118785,53.821456],[10.113891,53.817443],[10.109078,53.820851]]]}},{"type":"Feature","properties":{"country":"DE","region":"Sülfeld","parent":"Schleswig-Holstein"},"geometry":{"type":"Polygon","coordinates":[[[10.259381,53.783447],[10.229537,53.781859],[10.217362,53.783285],[10.212505,53.791538],[10.194942,53.802729],[10.191247,53.807834],[10.168627,53.818203],[10.166579,53.822898],[10.169839,53.83135],[10.161493,53.835908],[10.182962,53.839419],[10.186788,53.845488],[10.186244,53.854018],[10.197803,53.854095],[10.206766,53.847522],[10.218926,53.828771],[10.229497,53.825016],[10.239324,53.826996],[10.240882,53.820468],[10.254255,53.815627],[10.247682,53.806975],[10.248124,53.803537],[10.26145,53.796878],[10.263089,53.788009],[10.270263,53.788166],[10.259381,53.783447]]]}},{"type":"Feature","properties":{"country":"DE","region":"Wakendorf II","parent":"Schleswig-Holstein"},"geometry":{"type":"Polygon","coordinates":[[[10.113336,53.803056],[10.117732,53.783072],[10.114325,53.777571],[10.117,53.774717],[10.117025,53.770586],[10.111859,53.767837],[10.090313,53.768639],[10.059642,53.765703],[10.050626,53.76217],[10.045459,53.764503],[10.06934,53.784759],[10.069512,53.792141],[10.090377,53.797744],[10.094494,53.803834],[10.113336,53.803056]]]}},{"type":"Feature","properties":{"country":"DE","region":"Buxtehude, Hansestadt","parent":"Niedersachsen"},"geometry":{"type":"Polygon","coordinates":[[[9.738073,53.490965],[9.74862,53.489785],[9.751008,53.485197],[9.769108,53.480229],[9.769951,53.460417],[9.779498,53.456725],[9.783436,53.442745],[9.771763,53.436626],[9.749203,53.438692],[9.740581,53.436983],[9.726711,53.422593],[9.718711,53.422828],[9.704899,53.415995],[9.682593,53.412269],[9.665043,53.433693],[9.649662,53.441667],[9.633581,53.454188],[9.601317,53.453175],[9.601319,53.468163],[9.597805,53.472215],[9.611471,53.478125],[9.620806,53.486731],[9.625103,53.494935],[9.620398,53.501483],[9.62665,53.509126],[9.629673,53.509185],[9.679476,53.494931],[9.689229,53.502046],[9.716387,53.492054],[9.738073,53.490965]]]}},{"type":"Feature","properties":{"country":"DE","region":"Jork","parent":"Niedersachsen"},"geometry":{"type":"MultiPolygon","coordinates":[[[[9.772077,53.543386],[9.76741,53.538934],[9.775602,53.522806],[9.769622,53.519569],[9.76587,53.512208],[9.768861,53.505279],[9.764641,53.495499],[9.748093,53.495798],[9.738073,53.490965],[9.716387,53.492054],[9.689229,53.502046],[9.679476,53.494931],[9.629673,53.509185],[9.636373,53.514875],[9.638667,53.521826],[9.652597,53.53225],[9.650367,53.533906],[9.656118,53.542197],[9.646392,53.546024],[9.642089,53.555252],[9.643611,53.561552],[9.612013,53.565627],[9.612951,53.567755],[9.634141,53.565544],[9.63367,53.571182],[9.648816,53.567824],[9.667136,53.555578],[9.684766,53.548251],[9.707438,53.545205],[9.712364,53.550111],[9.717971,53.55125],[9.725948,53.550107],[9.729719,53.544786],[9.743329,53.547785],[9.764792,53.54667],[9.772077,53.543386]]],[[[9.730315,53.558019],[9.740286,53.556892],[9.772412,53.554454],[9.774233,53.553582],[9.760401,53.551312],[9.693391,53.560058],[9.678327,53.556816],[9.664769,53.563833],[9.691607,53.561579],[9.699618,53.560021],[9.716279,53.558517],[9.728439,53.557708],[9.730315,53.558019]]]]}},{"type":"Feature","properties":{"country":"DE","region":"Mittelnkirchen","parent":"Niedersachsen"},"geometry":{"type":"Polygon","coordinates":[[[9.62202,53.540097],[9.612275,53.544569],[9.606244,53.555028],[9.612013,53.565627],[9.643611,53.561552],[9.642089,53.555252],[9.646392,53.546024],[9.656118,53.542197],[9.650367,53.533906],[9.62202,53.540097]]]}},{"type":"Feature","properties":{"country":"DE","region":"Neuenkirchen (Niedersachsen) (Stade)","parent":"Niedersachsen"},"geometry":{"type":"Polygon","coordinates":[[[9.62202,53.540097],[9.650367,53.533906],[9.652597,53.53225],[9.638667,53.521826],[9.636373,53.514875],[9.629673,53.509185],[9.62665,53.509126],[9.614881,53.510815],[9.594237,53.511125],[9.591665,53.51317],[9.593366,53.517764],[9.59979,53.519866],[9.612235,53.532075],[9.614192,53.538399],[9.62202,53.540097]]]}},{"type":"Feature","properties":{"country":"DE","region":"Cuxhaven, Stadt","parent":"Niedersachsen"},"geometry":{"type":"Polygon","coordinates":[[[8.550903,53.822726],[8.565402,53.844564],[8.575526,53.844826],[8.60289,53.870016],[8.602375,53.874482],[8.605287,53.876643],[8.615291,53.881836],[8.670928,53.891761],[8.686651,53.891486],[8.683785,53.885482],[8.690396,53.878405],[8.703629,53.87758],[8.73078,53.856095],[8.765938,53.841347],[8.796345,53.832952],[8.830753,53.83267],[8.835738,53.824156],[8.834087,53.816465],[8.854333,53.810258],[8.842591,53.789446],[8.83914,53.786593],[8.840037,53.783822],[8.863385,53.773644],[8.852919,53.77104],[8.831523,53.780089],[8.782594,53.788445],[8.773971,53.785215],[8.765938,53.775666],[8.757768,53.765913],[8.75249,53.761069],[8.71014,53.760576],[8.707907,53.7688],[8.690967,53.766801],[8.686522,53.778926],[8.649499,53.789397],[8.60505,53.795317],[8.585812,53.792262],[8.578707,53.794035],[8.573303,53.812806],[8.550903,53.822726]]]}},{"type":"Feature","properties":{"country":"DE","region":"Appel","parent":"Niedersachsen"},"geometry":{"type":"Polygon","coordinates":[[[9.78191,53.373991],[9.766812,53.366753],[9.732965,53.363801],[9.733336,53.367321],[9.724407,53.372688],[9.725887,53.375413],[9.731058,53.378922],[9.733125,53.385174],[9.730007,53.387247],[9.729149,53.39442],[9.740122,53.403632],[9.728931,53.422328],[9.757582,53.418909],[9.777901,53.405419],[9.763752,53.392832],[9.76834,53.385592],[9.777362,53.382429],[9.78191,53.373991]]]}},{"type":"Feature","properties":{"country":"DE","region":"Bendestorf","parent":"Niedersachsen"},"geometry":{"type":"Polygon","coordinates":[[[9.984216,53.325035],[9.956697,53.329961],[9.95489,53.332862],[9.958369,53.33686],[9.957956,53.34243],[9.974167,53.343987],[9.984552,53.336995],[9.990042,53.341105],[9.99258,53.340192],[9.992299,53.336556],[9.99702,53.335797],[9.996556,53.334158],[9.984216,53.325035]]]}},{"type":"Feature","properties":{"country":"DE","region":"Buchholz in der Nordheide, Stadt","parent":"Niedersachsen"},"geometry":{"type":"MultiPolygon","coordinates":[[[[9.893244,53.272241],[9.896728,53.26658],[9.894792,53.261305],[9.9177,53.245435],[9.893698,53.245139],[9.882772,53.245199],[9.867087,53.254622],[9.874837,53.26294],[9.874626,53.265966],[9.847734,53.275115],[9.84597,53.281611],[9.850565,53.289774],[9.84584,53.289157],[9.841007,53.293531],[9.818614,53.297129],[9.793961,53.29645],[9.79465,53.299506],[9.78927,53.302323],[9.783962,53.310304],[9.785543,53.316147],[9.781679,53.321163],[9.786982,53.327473],[9.799386,53.330981],[9.812955,53.340635],[9.825754,53.342387],[9.830031,53.351462],[9.816569,53.354862],[9.815972,53.364459],[9.817496,53.376099],[9.832176,53.373993],[9.838244,53.36948],[9.843572,53.37369],[9.872321,53.378355],[9.882772,53.376294],[9.901047,53.367832],[9.894322,53.36087],[9.896477,53.352709],[9.911419,53.352773],[9.912443,53.341171],[9.926899,53.340117],[9.930478,53.33392],[9.910903,53.327929],[9.908796,53.318271],[9.911931,53.310837],[9.907113,53.308995],[9.883002,53.275545],[9.887216,53.270783],[9.893244,53.272241]]],[[[9.790574,53.294363],[9.789806,53.287356],[9.775848,53.28679],[9.768273,53.292099],[9.785868,53.290932],[9.790574,53.294363]]]]}},{"type":"Feature","properties":{"country":"DE","region":"Drage (Niedersachsen)","parent":"Niedersachsen"},"geometry":{"type":"Polygon","coordinates":[[[10.323356,53.35964],[10.321604,53.350686],[10.277956,53.356527],[10.280859,53.363102],[10.277335,53.3691],[10.284896,53.377391],[10.290106,53.389718],[10.277051,53.394817],[10.259849,53.388903],[10.246422,53.397211],[10.246456,53.400644],[10.260042,53.418524],[10.307954,53.433201],[10.330843,53.425179],[10.355923,53.42614],[10.335581,53.422494],[10.324418,53.414093],[10.320018,53.403184],[10.325781,53.39278],[10.322826,53.388205],[10.331083,53.384597],[10.315428,53.36722],[10.316601,53.360966],[10.323356,53.35964]]]}},{"type":"Feature","properties":{"country":"DE","region":"Harmstorf","parent":"Niedersachsen"},"geometry":{"type":"Polygon","coordinates":[[[9.955696,53.354321],[9.963667,53.356646],[9.976147,53.353813],[9.995971,53.357397],[10.012599,53.35668],[10.01046,53.349991],[10.000707,53.342408],[9.99702,53.335797],[9.992299,53.336556],[9.99258,53.340192],[9.990042,53.341105],[9.984552,53.336995],[9.974167,53.343987],[9.957956,53.34243],[9.948677,53.348318],[9.955696,53.354321]]]}},{"type":"Feature","properties":{"country":"DE","region":"Jesteburg","parent":"Niedersachsen"},"geometry":{"type":"Polygon","coordinates":[[[9.893244,53.272241],[9.887216,53.270783],[9.883002,53.275545],[9.907113,53.308995],[9.911931,53.310837],[9.908796,53.318271],[9.910903,53.327929],[9.930478,53.33392],[9.941692,53.337805],[9.945578,53.342057],[9.957956,53.34243],[9.958369,53.33686],[9.95489,53.332862],[9.956697,53.329961],[9.984216,53.325035],[9.977088,53.314733],[9.979853,53.308571],[9.962756,53.300723],[9.951929,53.282508],[9.95049,53.273452],[9.946516,53.27168],[9.940577,53.272576],[9.931702,53.279218],[9.913532,53.282807],[9.893244,53.272241]]]}},{"type":"Feature","properties":{"country":"DE","region":"Marschacht","parent":"Niedersachsen"},"geometry":{"type":"Polygon","coordinates":[[[10.360014,53.358827],[10.323356,53.35964],[10.316601,53.360966],[10.315428,53.36722],[10.331083,53.384597],[10.322826,53.388205],[10.325781,53.39278],[10.320018,53.403184],[10.324418,53.414093],[10.335581,53.422494],[10.355923,53.42614],[10.375816,53.424488],[10.397947,53.411454],[10.371601,53.391176],[10.372103,53.384501],[10.36573,53.381946],[10.372431,53.372733],[10.370283,53.370543],[10.36865,53.368241],[10.371424,53.363673],[10.360014,53.358827]]]}},{"type":"Feature","properties":{"country":"DE","region":"Marxen","parent":"Niedersachsen"},"geometry":{"type":"Polygon","coordinates":[[[9.979853,53.308571],[9.977088,53.314733],[9.984216,53.325035],[9.996556,53.334158],[9.998424,53.333673],[9.997702,53.331692],[9.999696,53.33113],[9.998904,53.32803],[10.020182,53.32486],[10.036432,53.324005],[10.041702,53.322441],[10.044331,53.32046],[10.05007,53.319434],[10.054245,53.314228],[10.041138,53.30897],[10.031904,53.311905],[10.015362,53.301597],[10.014428,53.297816],[10.019237,53.291882],[10.017113,53.286125],[10.005896,53.279241],[9.998832,53.284169],[9.989697,53.306172],[9.979853,53.308571]]]}},{"type":"Feature","properties":{"country":"DE","region":"Ahrensburg, Stadt","parent":"Schleswig-Holstein"},"geometry":{"type":"MultiPolygon","coordinates":[[[[10.278038,53.640853],[10.271994,53.638983],[10.257834,53.642877],[10.255783,53.639457],[10.243373,53.636743],[10.24069,53.633503],[10.231739,53.633771],[10.221762,53.633722],[10.193111,53.638509],[10.197775,53.646793],[10.194759,53.654293],[10.183025,53.662987],[10.174799,53.664477],[10.171684,53.668965],[10.171708,53.68023],[10.191815,53.680182],[10.20021,53.676489],[10.213157,53.677992],[10.215682,53.684733],[10.226043,53.686169],[10.229832,53.690362],[10.225462,53.694339],[10.226903,53.699691],[10.236961,53.700453],[10.239924,53.696108],[10.244496,53.689329],[10.261744,53.694417],[10.280069,53.692895],[10.282274,53.694171],[10.279173,53.702644],[10.297479,53.703718],[10.299614,53.700599],[10.314768,53.697204],[10.312077,53.689365],[10.297398,53.681036],[10.282102,53.683921],[10.279276,53.680457],[10.282001,53.673655],[10.257132,53.672161],[10.257313,53.668082],[10.252663,53.663835],[10.256647,53.65169],[10.278038,53.640853]]],[[[10.22654,53.708138],[10.232143,53.70691],[10.233839,53.703886],[10.227907,53.70385],[10.22654,53.708138]]]]}},{"type":"Feature","properties":{"country":"DE","region":"Bargfeld-Stegen","parent":"Schleswig-Holstein"},"geometry":{"type":"Polygon","coordinates":[[[10.229976,53.762562],[10.223687,53.756581],[10.216744,53.754807],[10.200652,53.756512],[10.193253,53.748629],[10.1776,53.747487],[10.17048,53.740335],[10.140287,53.75565],[10.145326,53.764293],[10.132589,53.77144],[10.141655,53.777216],[10.153191,53.774568],[10.161756,53.778758],[10.176588,53.777204],[10.198924,53.780891],[10.201344,53.776786],[10.22125,53.772522],[10.236516,53.776771],[10.234889,53.770043],[10.241537,53.76892],[10.239121,53.767271],[10.236461,53.765648],[10.232388,53.765892],[10.229976,53.762562]],[[10.161597,53.768677],[10.166915,53.767563],[10.169342,53.769368],[10.164338,53.772543],[10.161597,53.768677]]]}},{"type":"Feature","properties":{"country":"DE","region":"Bargteheide, Stadt","parent":"Schleswig-Holstein"},"geometry":{"type":"MultiPolygon","coordinates":[[[[10.252774,53.747462],[10.266283,53.749317],[10.283067,53.745686],[10.284906,53.741802],[10.293832,53.736871],[10.304488,53.720934],[10.299332,53.712247],[10.285764,53.710721],[10.268039,53.717296],[10.260022,53.713279],[10.250045,53.714024],[10.236462,53.720368],[10.222615,53.724719],[10.222429,53.732459],[10.229721,53.738126],[10.252774,53.747462]]],[[[10.207508,53.731327],[10.212085,53.733809],[10.215928,53.732584],[10.212582,53.7287],[10.207508,53.731327]]]]}},{"type":"Feature","properties":{"country":"DE","region":"Barsbüttel","parent":"Schleswig-Holstein"},"geometry":{"type":"Polygon","coordinates":[[[10.278312,53.568962],[10.270317,53.564022],[10.229006,53.557676],[10.202865,53.554709],[10.181086,53.558326],[10.174223,53.560344],[10.162347,53.559371],[10.157091,53.560139],[10.149963,53.562849],[10.148237,53.566512],[10.153006,53.577369],[10.161436,53.584453],[10.167493,53.582593],[10.20145,53.584076],[10.236409,53.598819],[10.241624,53.595641],[10.243961,53.59214],[10.262211,53.5881],[10.265549,53.57897],[10.278312,53.568962]]]}},{"type":"Feature","properties":{"country":"DE","region":"Braak","parent":"Schleswig-Holstein"},"geometry":{"type":"Polygon","coordinates":[[[10.231739,53.633771],[10.24069,53.633503],[10.245553,53.630952],[10.248161,53.624852],[10.282603,53.613798],[10.283612,53.609307],[10.266227,53.607659],[10.241624,53.595641],[10.236409,53.598819],[10.236264,53.606808],[10.230539,53.614257],[10.231739,53.633771]]]}},{"type":"Feature","properties":{"country":"DE","region":"Delingsdorf","parent":"Schleswig-Holstein"},"geometry":{"type":"Polygon","coordinates":[[[10.239924,53.696108],[10.243817,53.700861],[10.244477,53.709458],[10.232311,53.7131],[10.230759,53.717228],[10.236462,53.720368],[10.250045,53.714024],[10.260022,53.713279],[10.268039,53.717296],[10.285764,53.710721],[10.299332,53.712247],[10.301278,53.70984],[10.297479,53.703718],[10.279173,53.702644],[10.282274,53.694171],[10.280069,53.692895],[10.261744,53.694417],[10.244496,53.689329],[10.239924,53.696108]]]}},{"type":"Feature","properties":{"country":"DE","region":"Elmenhorst (Schleswig-Holstein) (Stormarn)","parent":"Schleswig-Holstein"},"geometry":{"type":"MultiPolygon","coordinates":[[[[10.252774,53.747462],[10.255641,53.750974],[10.240103,53.762882],[10.241537,53.76892],[10.234889,53.770043],[10.236516,53.776771],[10.229537,53.781859],[10.259381,53.783447],[10.264638,53.7779],[10.273351,53.776454],[10.295748,53.782353],[10.30884,53.763882],[10.315968,53.760994],[10.298555,53.751922],[10.295181,53.747048],[10.283067,53.745686],[10.266283,53.749317],[10.252774,53.747462]]],[[[10.236461,53.765648],[10.233443,53.762766],[10.229976,53.762562],[10.232388,53.765892],[10.236461,53.765648]]]]}},{"type":"Feature","properties":{"country":"DE","region":"Glinde, Stadt","parent":"Schleswig-Holstein"},"geometry":{"type":"Polygon","coordinates":[[[10.210602,53.520046],[10.200836,53.527961],[10.193889,53.528922],[10.187393,53.533764],[10.192968,53.538596],[10.193298,53.545801],[10.180999,53.554829],[10.181086,53.558326],[10.202865,53.554709],[10.229006,53.557676],[10.235631,53.5473],[10.230141,53.531896],[10.234209,53.527616],[10.228721,53.520896],[10.210602,53.520046]]]}},{"type":"Feature","properties":{"country":"DE","region":"Großensee","parent":"Schleswig-Holstein"},"geometry":{"type":"Polygon","coordinates":[[[10.311752,53.633474],[10.330524,53.632066],[10.349346,53.636001],[10.360585,53.629401],[10.356914,53.624047],[10.363211,53.618136],[10.3635,53.613745],[10.35799,53.604707],[10.35046,53.602065],[10.343096,53.603272],[10.328876,53.597043],[10.320395,53.599078],[10.316033,53.603776],[10.304241,53.608088],[10.305953,53.616272],[10.312777,53.624129],[10.311752,53.633474]]]}},{"type":"Feature","properties":{"country":"DE","region":"Großhansdorf","parent":"Schleswig-Holstein"},"geometry":{"type":"Polygon","coordinates":[[[10.278038,53.640853],[10.256647,53.65169],[10.252663,53.663835],[10.257313,53.668082],[10.257132,53.672161],[10.282001,53.673655],[10.279276,53.680457],[10.282102,53.683921],[10.297398,53.681036],[10.312077,53.689365],[10.313467,53.682809],[10.317227,53.682808],[10.296624,53.653195],[10.278038,53.640853]]]}},{"type":"Feature","properties":{"country":"DE","region":"Hoisdorf","parent":"Schleswig-Holstein"},"geometry":{"type":"Polygon","coordinates":[[[10.317227,53.682808],[10.339529,53.683135],[10.348059,53.67888],[10.367287,53.677199],[10.371006,53.673763],[10.370074,53.670842],[10.361422,53.6702],[10.359535,53.662676],[10.343808,53.658209],[10.344541,53.652499],[10.33692,53.64513],[10.338911,53.642417],[10.347953,53.643809],[10.349346,53.636001],[10.330524,53.632066],[10.311752,53.633474],[10.313384,53.637146],[10.307978,53.649456],[10.296624,53.653195],[10.317227,53.682808]]]}},{"type":"Feature","properties":{"country":"DE","region":"Appen","parent":"Schleswig-Holstein"},"geometry":{"type":"MultiPolygon","coordinates":[[[[9.770597,53.662238],[9.772105,53.663082],[9.77403,53.662779],[9.776011,53.661289],[9.77649,53.659687],[9.774022,53.659172],[9.770597,53.662238]]],[[[9.710895,53.638761],[9.713405,53.64335],[9.708083,53.645838],[9.708888,53.649543],[9.700824,53.653702],[9.695489,53.670749],[9.705908,53.672766],[9.718564,53.679394],[9.732069,53.673243],[9.745851,53.674822],[9.771857,53.663041],[9.766611,53.660922],[9.764492,53.655214],[9.767742,53.650597],[9.767644,53.639205],[9.771801,53.633048],[9.770294,53.627462],[9.763673,53.627495],[9.763474,53.624924],[9.760126,53.624481],[9.757997,53.618116],[9.755498,53.619305],[9.721,53.639575],[9.710895,53.638761]]]]}},{"type":"Feature","properties":{"country":"DE","region":"Bönningstedt","parent":"Schleswig-Holstein"},"geometry":{"type":"Polygon","coordinates":[[[9.945376,53.652928],[9.916927,53.654533],[9.906618,53.652452],[9.891076,53.670287],[9.882772,53.673838],[9.879812,53.677344],[9.878818,53.687578],[9.882772,53.695096],[9.884472,53.695697],[9.888652,53.695573],[9.909097,53.687952],[9.910964,53.681739],[9.935494,53.677979],[9.945376,53.652928]]]}},{"type":"Feature","properties":{"country":"DE","region":"Borstel-Hohenraden","parent":"Schleswig-Holstein"},"geometry":{"type":"Polygon","coordinates":[[[9.857839,53.710288],[9.847877,53.695356],[9.821444,53.675394],[9.803404,53.677635],[9.79562,53.684279],[9.800534,53.696109],[9.805678,53.700643],[9.803646,53.712807],[9.80554,53.720129],[9.800968,53.723682],[9.815375,53.725616],[9.819679,53.729365],[9.827975,53.740108],[9.835276,53.741893],[9.827183,53.72887],[9.829915,53.723819],[9.847051,53.711984],[9.846842,53.7087],[9.857839,53.710288]]]}},{"type":"Feature","properties":{"country":"DE","region":"Ellerbek","parent":"Schleswig-Holstein"},"geometry":{"type":"Polygon","coordinates":[[[9.896924,53.634865],[9.891491,53.640957],[9.882772,53.641949],[9.870941,53.652622],[9.850935,53.659631],[9.848982,53.664391],[9.879812,53.677344],[9.882772,53.673838],[9.891076,53.670287],[9.906618,53.652452],[9.904073,53.642246],[9.896924,53.634865]]]}},{"type":"Feature","properties":{"country":"DE","region":"Ellerhoop","parent":"Schleswig-Holstein"},"geometry":{"type":"Polygon","coordinates":[[[9.819679,53.729365],[9.815375,53.725616],[9.800968,53.723682],[9.791567,53.720613],[9.786489,53.710042],[9.780866,53.707026],[9.757395,53.721835],[9.742018,53.723865],[9.753395,53.73656],[9.765702,53.738815],[9.780142,53.739179],[9.791391,53.746215],[9.808579,53.741677],[9.816013,53.735384],[9.812645,53.730512],[9.819679,53.729365]]]}},{"type":"Feature","properties":{"country":"DE","region":"Halstenbek","parent":"Schleswig-Holstein"},"geometry":{"type":"Polygon","coordinates":[[[9.883854,53.621539],[9.868024,53.609346],[9.840676,53.614828],[9.835956,53.612775],[9.802587,53.612966],[9.800011,53.615297],[9.805931,53.621465],[9.804233,53.629101],[9.811862,53.635464],[9.818395,53.635345],[9.829172,53.648121],[9.867581,53.63163],[9.883854,53.621539]]]}},{"type":"Feature","properties":{"country":"DE","region":"Hasloh","parent":"Schleswig-Holstein"},"geometry":{"type":"Polygon","coordinates":[[[9.888652,53.695573],[9.889039,53.698243],[9.88492,53.70365],[9.922411,53.712518],[9.940609,53.712268],[9.949818,53.719339],[9.95246,53.714057],[9.944933,53.705013],[9.941568,53.696168],[9.942443,53.687709],[9.935494,53.677979],[9.910964,53.681739],[9.909097,53.687952],[9.888652,53.695573]]]}},{"type":"Feature","properties":{"country":"DE","region":"Heist","parent":"Schleswig-Holstein"},"geometry":{"type":"Polygon","coordinates":[[[9.710895,53.638761],[9.701282,53.635857],[9.682016,53.638607],[9.656079,53.635542],[9.654446,53.632438],[9.648573,53.631824],[9.648686,53.638995],[9.641491,53.648449],[9.640602,53.655653],[9.641306,53.660627],[9.647301,53.66465],[9.659607,53.658928],[9.694038,53.652153],[9.700824,53.653702],[9.708888,53.649543],[9.708083,53.645838],[9.713405,53.64335],[9.710895,53.638761]]]}},{"type":"Feature","properties":{"country":"DE","region":"Hetlingen","parent":"Schleswig-Holstein"},"geometry":{"type":"Polygon","coordinates":[[[9.66031,53.606924],[9.66012,53.594741],[9.645653,53.588011],[9.6318,53.593551],[9.615168,53.595935],[9.558375,53.619589],[9.556244,53.625584],[9.547061,53.634896],[9.556712,53.638817],[9.567091,53.63129],[9.571091,53.630838],[9.571279,53.633639],[9.576203,53.632045],[9.582741,53.624186],[9.598503,53.620796],[9.601779,53.614757],[9.609941,53.610549],[9.622817,53.618944],[9.633678,53.619216],[9.64373,53.624758],[9.648686,53.638995],[9.648573,53.631824],[9.66031,53.606924]]]}},{"type":"Feature","properties":{"country":"DE","region":"Holm (Schleswig-Holstein) (Pinneberg)","parent":"Schleswig-Holstein"},"geometry":{"type":"Polygon","coordinates":[[[9.710895,53.638761],[9.721,53.639575],[9.755498,53.619305],[9.722605,53.61737],[9.699552,53.61104],[9.66031,53.606924],[9.648573,53.631824],[9.654446,53.632438],[9.656079,53.635542],[9.682016,53.638607],[9.701282,53.635857],[9.710895,53.638761]]]}},{"type":"Feature","properties":{"country":"DE","region":"Kummerfeld","parent":"Schleswig-Holstein"},"geometry":{"type":"Polygon","coordinates":[[[9.779637,53.683334],[9.768277,53.68861],[9.770541,53.69316],[9.768217,53.695532],[9.772347,53.696522],[9.780866,53.707026],[9.786489,53.710042],[9.791567,53.720613],[9.800968,53.723682],[9.80554,53.720129],[9.803646,53.712807],[9.805678,53.700643],[9.800534,53.696109],[9.79562,53.684279],[9.779637,53.683334]]]}},{"type":"Feature","properties":{"country":"DE","region":"Moorrege","parent":"Schleswig-Holstein"},"geometry":{"type":"Polygon","coordinates":[[[9.700824,53.653702],[9.694038,53.652153],[9.659607,53.658928],[9.647301,53.66465],[9.641306,53.660627],[9.627887,53.667715],[9.61734,53.663778],[9.60346,53.668597],[9.58999,53.666955],[9.583955,53.67293],[9.628234,53.673741],[9.64248,53.677887],[9.651145,53.675936],[9.684043,53.677997],[9.695489,53.670749],[9.700824,53.653702]]]}},{"type":"Feature","properties":{"country":"DE","region":"Pinneberg, Stadt","parent":"Schleswig-Holstein"},"geometry":{"type":"Polygon","coordinates":[[[9.771857,53.663041],[9.775184,53.66757],[9.775753,53.681122],[9.779637,53.683334],[9.79562,53.684279],[9.803404,53.677635],[9.821444,53.675394],[9.820025,53.674182],[9.815346,53.672035],[9.810508,53.664108],[9.812223,53.655297],[9.817385,53.651055],[9.829172,53.648121],[9.818395,53.635345],[9.811862,53.635464],[9.804233,53.629101],[9.805931,53.621465],[9.800011,53.615297],[9.802587,53.612966],[9.794942,53.610047],[9.771552,53.616356],[9.770294,53.627462],[9.771801,53.633048],[9.767644,53.639205],[9.767742,53.650597],[9.764492,53.655214],[9.766611,53.660922],[9.771857,53.663041]],[[9.770597,53.662238],[9.774022,53.659172],[9.77649,53.659687],[9.776011,53.661289],[9.77403,53.662779],[9.772105,53.663082],[9.770597,53.662238]]]}},{"type":"Feature","properties":{"country":"DE","region":"Prisdorf","parent":"Schleswig-Holstein"},"geometry":{"type":"Polygon","coordinates":[[[9.745851,53.674822],[9.745521,53.685367],[9.753931,53.694011],[9.759077,53.696437],[9.768217,53.695532],[9.770541,53.69316],[9.768277,53.68861],[9.779637,53.683334],[9.775753,53.681122],[9.775184,53.66757],[9.771857,53.663041],[9.745851,53.674822]]]}},{"type":"Feature","properties":{"country":"DE","region":"Quickborn, Stadt","parent":"Schleswig-Holstein"},"geometry":{"type":"Polygon","coordinates":[[[9.966097,53.768014],[9.972086,53.769201],[9.984677,53.759989],[9.978246,53.756972],[9.979365,53.751263],[9.97568,53.744499],[9.977339,53.741583],[9.967649,53.730649],[9.955328,53.731238],[9.953888,53.726265],[9.959726,53.722013],[9.95246,53.714057],[9.949818,53.719339],[9.940609,53.712268],[9.922411,53.712518],[9.88492,53.70365],[9.882772,53.704009],[9.857839,53.710288],[9.846842,53.7087],[9.847051,53.711984],[9.829915,53.723819],[9.827183,53.72887],[9.835276,53.741893],[9.864875,53.751946],[9.864045,53.761361],[9.867546,53.763598],[9.872147,53.762085],[9.875707,53.755913],[9.881048,53.754565],[9.882772,53.750873],[9.892195,53.752275],[9.911869,53.748539],[9.941724,53.752736],[9.960804,53.762163],[9.966097,53.768014]]]}},{"type":"Feature","properties":{"country":"DE","region":"Rellingen","parent":"Schleswig-Holstein"},"geometry":{"type":"Polygon","coordinates":[[[9.883854,53.621539],[9.867581,53.63163],[9.829172,53.648121],[9.817385,53.651055],[9.812223,53.655297],[9.810508,53.664108],[9.815346,53.672035],[9.820025,53.674182],[9.829634,53.665688],[9.848982,53.664391],[9.850935,53.659631],[9.870941,53.652622],[9.882772,53.641949],[9.891491,53.640957],[9.896924,53.634865],[9.883854,53.621539]]]}},{"type":"Feature","properties":{"country":"DE","region":"Schenefeld, Stadt","parent":"Hamburg"},"geometry":{"type":"Polygon","coordinates":[[[9.794942,53.610047],[9.802587,53.612966],[9.835956,53.612775],[9.840676,53.614828],[9.868024,53.609346],[9.861606,53.606466],[9.856203,53.599016],[9.840385,53.594459],[9.835538,53.587792],[9.82432,53.584868],[9.815117,53.586956],[9.792474,53.600266],[9.790785,53.603797],[9.797033,53.606969],[9.794942,53.610047]]]}},{"type":"Feature","properties":{"country":"DE","region":"Tangstedt (Schleswig-Holstein) (Pinneberg)","parent":"Schleswig-Holstein"},"geometry":{"type":"Polygon","coordinates":[[[9.88492,53.70365],[9.889039,53.698243],[9.888652,53.695573],[9.884472,53.695697],[9.882772,53.695096],[9.878818,53.687578],[9.879812,53.677344],[9.848982,53.664391],[9.829634,53.665688],[9.820025,53.674182],[9.821444,53.675394],[9.847877,53.695356],[9.857839,53.710288],[9.882772,53.704009],[9.88492,53.70365]]]}},{"type":"Feature","properties":{"country":"DE","region":"Tornesch, Stadt","parent":"Schleswig-Holstein"},"geometry":{"type":"Polygon","coordinates":[[[9.699734,53.711542],[9.714512,53.723559],[9.742018,53.723865],[9.757395,53.721835],[9.780866,53.707026],[9.772347,53.696522],[9.768217,53.695532],[9.759077,53.696437],[9.753931,53.694011],[9.745521,53.685367],[9.745851,53.674822],[9.732069,53.673243],[9.718564,53.679394],[9.705908,53.672766],[9.700976,53.679696],[9.705336,53.697594],[9.702243,53.700237],[9.704592,53.706889],[9.699734,53.711542]]]}},{"type":"Feature","properties":{"country":"DE","region":"Uetersen, Stadt","parent":"Schleswig-Holstein"},"geometry":{"type":"Polygon","coordinates":[[[9.612294,53.693937],[9.622348,53.697644],[9.639884,53.689813],[9.658663,53.696444],[9.665045,53.695913],[9.685944,53.702108],[9.694714,53.698488],[9.702243,53.700237],[9.705336,53.697594],[9.700976,53.679696],[9.705908,53.672766],[9.695489,53.670749],[9.684043,53.677997],[9.651145,53.675936],[9.64248,53.677887],[9.612294,53.693937]]]}},{"type":"Feature","properties":{"country":"DE","region":"Wedel, Stadt","parent":"Schleswig-Holstein"},"geometry":{"type":"MultiPolygon","coordinates":[[[[9.757997,53.618116],[9.754681,53.613757],[9.758248,53.610216],[9.756048,53.604113],[9.748526,53.60313],[9.744514,53.59855],[9.746307,53.590614],[9.737486,53.581864],[9.741343,53.578823],[9.737487,53.57648],[9.734365,53.565215],[9.673979,53.571878],[9.645653,53.588011],[9.66012,53.594741],[9.66031,53.606924],[9.699552,53.61104],[9.722605,53.61737],[9.755498,53.619305],[9.757997,53.618116]]],[[[9.716279,53.558517],[9.725476,53.558747],[9.730315,53.558019],[9.728439,53.557708],[9.716279,53.558517]]],[[[9.699618,53.560021],[9.691607,53.561579],[9.692895,53.561606],[9.694946,53.561496],[9.696656,53.561247],[9.697989,53.560968],[9.699618,53.560021]]]]}},{"type":"Feature","properties":{"country":"DE","region":"Aumühle","parent":"Schleswig-Holstein"},"geometry":{"type":"MultiPolygon","coordinates":[[[[10.338402,53.54773],[10.342061,53.551131],[10.345424,53.548915],[10.341839,53.545348],[10.338402,53.54773]]],[[[10.300508,53.524637],[10.307157,53.531809],[10.33329,53.5318],[10.341129,53.528054],[10.310971,53.511318],[10.312637,53.518566],[10.300508,53.524637]]]]}},{"type":"Feature","properties":{"country":"DE","region":"Börnsen","parent":"Schleswig-Holstein"},"geometry":{"type":"Polygon","coordinates":[[[10.249304,53.479539],[10.255505,53.483871],[10.269427,53.485474],[10.277019,53.493164],[10.28751,53.496398],[10.298462,53.487547],[10.305796,53.481493],[10.297032,53.47875],[10.293135,53.474108],[10.29463,53.465071],[10.301826,53.458688],[10.289907,53.455343],[10.270999,53.463665],[10.271209,53.467897],[10.263565,53.474434],[10.249304,53.479539]]]}},{"type":"Feature","properties":{"country":"DE","region":"Brunstorf","parent":"Schleswig-Holstein"},"geometry":{"type":"Polygon","coordinates":[[[10.389796,53.482918],[10.394761,53.485435],[10.398984,53.503495],[10.415025,53.503271],[10.411197,53.508459],[10.413967,53.522019],[10.43991,53.507812],[10.447438,53.50685],[10.449012,53.498259],[10.453216,53.496429],[10.456126,53.486015],[10.448934,53.480918],[10.443459,53.471939],[10.444454,53.467947],[10.440004,53.464405],[10.427485,53.46739],[10.434604,53.469855],[10.435141,53.473579],[10.41681,53.478914],[10.412776,53.484775],[10.398917,53.483814],[10.392742,53.479506],[10.391155,53.481643],[10.389796,53.482918]]]}},{"type":"Feature","properties":{"country":"DE","region":"Dassendorf","parent":"Schleswig-Holstein"},"geometry":{"type":"Polygon","coordinates":[[[10.352632,53.48659],[10.344086,53.487822],[10.343244,53.491216],[10.347192,53.502043],[10.357039,53.506926],[10.370877,53.506833],[10.38734,53.501739],[10.398984,53.503495],[10.394761,53.485435],[10.389796,53.482918],[10.380528,53.481016],[10.352632,53.48659]]]}},{"type":"Feature","properties":{"country":"DE","region":"Escheburg","parent":"Schleswig-Holstein"},"geometry":{"type":"Polygon","coordinates":[[[10.289907,53.455343],[10.301826,53.458688],[10.29463,53.465071],[10.293135,53.474108],[10.297032,53.47875],[10.305796,53.481493],[10.324675,53.473481],[10.337843,53.475725],[10.332374,53.464717],[10.338446,53.460036],[10.343269,53.45272],[10.325959,53.449639],[10.312672,53.451847],[10.307672,53.443764],[10.303519,53.443205],[10.297417,53.447195],[10.297134,53.451356],[10.289907,53.455343]]]}},{"type":"Feature","properties":{"country":"DE","region":"Geesthacht, Stadt","parent":"Schleswig-Holstein"},"geometry":{"type":"Polygon","coordinates":[[[10.466429,53.410557],[10.456514,53.404273],[10.433556,53.402844],[10.429915,53.398212],[10.397947,53.411454],[10.375816,53.424488],[10.355923,53.42614],[10.330843,53.425179],[10.307954,53.433201],[10.317667,53.43597],[10.316105,53.441195],[10.325959,53.449639],[10.343269,53.45272],[10.338446,53.460036],[10.357223,53.460212],[10.36822,53.458044],[10.391405,53.459833],[10.393115,53.456384],[10.402227,53.455043],[10.401433,53.447529],[10.406451,53.436386],[10.417093,53.433557],[10.425696,53.438758],[10.435716,53.43235],[10.443338,53.433021],[10.444223,53.429235],[10.451055,53.426845],[10.448692,53.422714],[10.466429,53.410557]]]}},{"type":"Feature","properties":{"country":"DE","region":"Hamwarde","parent":"Schleswig-Holstein"},"geometry":{"type":"Polygon","coordinates":[[[10.427485,53.46739],[10.440004,53.464405],[10.447773,53.453732],[10.442407,53.450168],[10.433496,53.44946],[10.425696,53.438758],[10.417093,53.433557],[10.406451,53.436386],[10.401433,53.447529],[10.402227,53.455043],[10.418862,53.458602],[10.419364,53.465886],[10.427485,53.46739]]]}},{"type":"Feature","properties":{"country":"DE","region":"Hohenhorn","parent":"Schleswig-Holstein"},"geometry":{"type":"Polygon","coordinates":[[[10.392742,53.479506],[10.39489,53.471562],[10.391405,53.459833],[10.36822,53.458044],[10.357223,53.460212],[10.352632,53.48659],[10.380528,53.481016],[10.389796,53.482918],[10.391155,53.481643],[10.392742,53.479506]]]}},{"type":"Feature","properties":{"country":"DE","region":"Kröppelshagen-Fahrendorf","parent":"Schleswig-Holstein"},"geometry":{"type":"Polygon","coordinates":[[[10.338446,53.460036],[10.332374,53.464717],[10.337843,53.475725],[10.324675,53.473481],[10.305796,53.481493],[10.298462,53.487547],[10.305972,53.494387],[10.317505,53.497823],[10.343244,53.491216],[10.344086,53.487822],[10.352632,53.48659],[10.357223,53.460212],[10.338446,53.460036]]]}},{"type":"Feature","properties":{"country":"DE","region":"Sachsenwald (Forstgutsbez.),gemfr.Geb.","parent":"Schleswig-Holstein"},"geometry":{"type":"Polygon","coordinates":[[[10.314482,53.554447],[10.345197,53.565138],[10.351907,53.570458],[10.362894,53.572661],[10.369368,53.573612],[10.383635,53.568421],[10.385803,53.561345],[10.389871,53.560917],[10.397786,53.548982],[10.402668,53.546489],[10.440861,53.55512],[10.449889,53.554857],[10.45258,53.547128],[10.452922,53.540891],[10.439518,53.535962],[10.459246,53.523082],[10.466312,53.524452],[10.468218,53.51658],[10.461513,53.511935],[10.447174,53.510702],[10.447438,53.50685],[10.43991,53.507812],[10.413967,53.522019],[10.411197,53.508459],[10.415025,53.503271],[10.398984,53.503495],[10.38734,53.501739],[10.370877,53.506833],[10.357039,53.506926],[10.347192,53.502043],[10.343244,53.491216],[10.317505,53.497823],[10.305972,53.494387],[10.298462,53.487547],[10.28751,53.496398],[10.283218,53.49888],[10.300321,53.502638],[10.310971,53.511318],[10.341129,53.528054],[10.33329,53.5318],[10.307157,53.531809],[10.294763,53.53494],[10.293115,53.538692],[10.314482,53.554447]],[[10.338402,53.54773],[10.341839,53.545348],[10.345424,53.548915],[10.342061,53.551131],[10.338402,53.54773]]]}},{"type":"Feature","properties":{"country":"DE","region":"Wentorf bei Hamburg","parent":"Schleswig-Holstein"},"geometry":{"type":"Polygon","coordinates":[[[10.236679,53.496354],[10.243873,53.508186],[10.261664,53.506242],[10.268275,53.508971],[10.283218,53.49888],[10.28751,53.496398],[10.277019,53.493164],[10.269427,53.485474],[10.255505,53.483871],[10.249304,53.479539],[10.238672,53.484024],[10.236679,53.496354]]]}},{"type":"Feature","properties":{"country":"DE","region":"Wohltorf","parent":"Schleswig-Holstein"},"geometry":{"type":"Polygon","coordinates":[[[10.268275,53.508971],[10.271314,53.521928],[10.275043,53.526075],[10.28579,53.525029],[10.29251,53.520352],[10.300508,53.524637],[10.312637,53.518566],[10.310971,53.511318],[10.300321,53.502638],[10.283218,53.49888],[10.268275,53.508971]]]}},{"type":"Feature","properties":{"country":"DE","region":"Worth","parent":"Schleswig-Holstein"},"geometry":{"type":"Polygon","coordinates":[[[10.391405,53.459833],[10.39489,53.471562],[10.392742,53.479506],[10.398917,53.483814],[10.412776,53.484775],[10.41681,53.478914],[10.435141,53.473579],[10.434604,53.469855],[10.427485,53.46739],[10.419364,53.465886],[10.418862,53.458602],[10.402227,53.455043],[10.393115,53.456384],[10.391405,53.459833]]]}},{"type":"Feature","properties":{"country":"DE","region":"Bruchköbel, Stadt","parent":"Hessen"},"geometry":{"type":"Polygon","coordinates":[[[8.884205,50.195319],[8.887733,50.206123],[8.894018,50.212512],[8.901873,50.21532],[8.923157,50.216039],[8.942068,50.220185],[8.953843,50.212281],[8.952094,50.207322],[8.962809,50.201935],[8.970147,50.194076],[8.976871,50.192112],[8.980472,50.187115],[8.96034,50.187769],[8.962935,50.180787],[8.955501,50.175321],[8.95585,50.159119],[8.921515,50.156151],[8.900673,50.149789],[8.899329,50.152553],[8.904049,50.163822],[8.902329,50.171022],[8.909253,50.174466],[8.910228,50.187942],[8.896044,50.193911],[8.884205,50.195319]]]}},{"type":"Feature","properties":{"country":"DE","region":"Hanau, Brüder-Grimm-Stadt","parent":"Hessen"},"geometry":{"type":"Polygon","coordinates":[[[9.03008,50.11271],[9.0167,50.110487],[9.004269,50.096951],[8.998866,50.098929],[8.982172,50.096349],[8.95993,50.088483],[8.943906,50.096515],[8.943655,50.090463],[8.934638,50.086424],[8.916463,50.085738],[8.915909,50.079092],[8.908874,50.075288],[8.886235,50.079991],[8.881237,50.092478],[8.874153,50.095219],[8.885737,50.12121],[8.885493,50.124408],[8.880133,50.12517],[8.87468,50.138954],[8.875255,50.145328],[8.864391,50.149082],[8.864129,50.149225],[8.863929,50.149446],[8.863812,50.14972],[8.863791,50.150017],[8.863869,50.150305],[8.864037,50.150551],[8.864277,50.15073],[8.881341,50.159431],[8.872147,50.17799],[8.861606,50.182398],[8.877589,50.189433],[8.884205,50.195319],[8.896044,50.193911],[8.910228,50.187942],[8.909253,50.174466],[8.902329,50.171022],[8.904049,50.163822],[8.899329,50.152553],[8.900673,50.149789],[8.921515,50.156151],[8.95585,50.159119],[8.957103,50.149142],[8.962793,50.144081],[8.960036,50.132103],[8.971201,50.135552],[8.980499,50.150729],[8.994554,50.14252],[9.001539,50.144542],[9.010544,50.143442],[9.022219,50.130897],[9.021909,50.121019],[9.028219,50.118248],[9.03008,50.11271]]]}},{"type":"Feature","properties":{"country":"DE","region":"Maintal, Stadt","parent":"Hessen"},"geometry":{"type":"Polygon","coordinates":[[[8.800535,50.171319],[8.808649,50.172301],[8.811088,50.172714],[8.813206,50.172602],[8.813224,50.17023],[8.816267,50.170572],[8.815952,50.172523],[8.822799,50.173269],[8.825174,50.173475],[8.834053,50.176394],[8.832639,50.177697],[8.842794,50.183646],[8.854083,50.180955],[8.861606,50.182398],[8.872147,50.17799],[8.881341,50.159431],[8.864277,50.15073],[8.864037,50.150551],[8.863869,50.150305],[8.863791,50.150017],[8.863812,50.14972],[8.863929,50.149446],[8.864129,50.149225],[8.864391,50.149082],[8.875255,50.145328],[8.87468,50.138954],[8.880133,50.12517],[8.817965,50.133509],[8.780647,50.136734],[8.783403,50.15712],[8.78967,50.159272],[8.800535,50.171319]]]}},{"type":"Feature","properties":{"country":"DE","region":"Nidderau, Stadt","parent":"Hessen"},"geometry":{"type":"Polygon","coordinates":[[[8.957127,50.247378],[8.94424,50.238726],[8.942068,50.220185],[8.923157,50.216039],[8.901873,50.21532],[8.894018,50.212512],[8.887733,50.206123],[8.862812,50.212049],[8.8579,50.219181],[8.858512,50.224563],[8.8399,50.234076],[8.828685,50.234985],[8.845032,50.246617],[8.854331,50.249915],[8.851534,50.259875],[8.855021,50.26426],[8.84621,50.269312],[8.847615,50.274747],[8.866881,50.280553],[8.884698,50.272971],[8.900849,50.275909],[8.918317,50.2747],[8.930196,50.262583],[8.946098,50.264888],[8.962682,50.253235],[8.960862,50.252109],[8.959591,50.2498],[8.957127,50.247378]]]}},{"type":"Feature","properties":{"country":"DE","region":"Niederdorfelden","parent":"Hessen"},"geometry":{"type":"Polygon","coordinates":[[[8.789865,50.176048],[8.793424,50.188015],[8.789526,50.1947],[8.798942,50.198414],[8.813756,50.196317],[8.826739,50.186248],[8.832639,50.177697],[8.834053,50.176394],[8.825174,50.173475],[8.822799,50.173269],[8.815952,50.172523],[8.816267,50.170572],[8.813224,50.17023],[8.813206,50.172602],[8.811088,50.172714],[8.808649,50.172301],[8.800535,50.171319],[8.789865,50.176048]]]}},{"type":"Feature","properties":{"country":"DE","region":"Schöneck","parent":"Hessen"},"geometry":{"type":"Polygon","coordinates":[[[8.832639,50.177697],[8.826739,50.186248],[8.813756,50.196317],[8.825134,50.20192],[8.81165,50.226835],[8.805476,50.229844],[8.810208,50.237288],[8.828685,50.234985],[8.8399,50.234076],[8.858512,50.224563],[8.8579,50.219181],[8.862812,50.212049],[8.887733,50.206123],[8.884205,50.195319],[8.877589,50.189433],[8.861606,50.182398],[8.854083,50.180955],[8.842794,50.183646],[8.832639,50.177697]]]}},{"type":"Feature","properties":{"country":"DE","region":"Bad Soden am Taunus, Stadt","parent":"Hessen"},"geometry":{"type":"Polygon","coordinates":[[[8.453635,50.163502],[8.453577,50.164833],[8.454396,50.165999],[8.454596,50.167209],[8.454955,50.168611],[8.455715,50.170154],[8.457898,50.169896],[8.458226,50.168156],[8.459083,50.167775],[8.458651,50.167065],[8.460407,50.165999],[8.46226,50.1656],[8.463858,50.165259],[8.464727,50.167543],[8.465541,50.16816],[8.46404,50.168845],[8.464688,50.171072],[8.466644,50.171107],[8.467808,50.172328],[8.472224,50.172743],[8.472612,50.173506],[8.474091,50.17318],[8.475597,50.172848],[8.476148,50.172426],[8.477467,50.171396],[8.481368,50.16998],[8.482576,50.170701],[8.483195,50.170093],[8.483325,50.169643],[8.483649,50.169005],[8.484263,50.168516],[8.484919,50.167932],[8.485313,50.167368],[8.485634,50.166802],[8.486066,50.166238],[8.486757,50.165678],[8.488168,50.166283],[8.489621,50.16539],[8.490704,50.165626],[8.491762,50.16514],[8.492429,50.164261],[8.495754,50.163518],[8.49826,50.162572],[8.500135,50.160651],[8.502667,50.159732],[8.50433,50.159834],[8.504756,50.160705],[8.506564,50.160191],[8.506351,50.159091],[8.510143,50.159881],[8.512249,50.157766],[8.511308,50.154834],[8.516274,50.153012],[8.514779,50.151582],[8.517692,50.150597],[8.514004,50.147689],[8.510501,50.145054],[8.514148,50.143059],[8.51291,50.141837],[8.512508,50.14083],[8.511479,50.139631],[8.510618,50.138627],[8.511872,50.13842],[8.513759,50.137939],[8.514803,50.137685],[8.514638,50.136611],[8.513981,50.135574],[8.513087,50.134856],[8.511913,50.13432],[8.510752,50.13379],[8.511753,50.132957],[8.512582,50.132228],[8.509452,50.131391],[8.506574,50.130909],[8.503044,50.129623],[8.501462,50.128947],[8.497897,50.130163],[8.495653,50.131868],[8.493886,50.133125],[8.492491,50.133971],[8.489041,50.136064],[8.482313,50.142607],[8.477182,50.146009],[8.473788,50.147862],[8.4711,50.14933],[8.470707,50.149499],[8.467325,50.150948],[8.464949,50.151966],[8.462521,50.150456],[8.461707,50.14757],[8.459185,50.147579],[8.458429,50.147584],[8.458252,50.149093],[8.458056,50.150691],[8.453289,50.151434],[8.453667,50.152755],[8.453946,50.153741],[8.452947,50.154173],[8.451862,50.15464],[8.452612,50.156733],[8.452921,50.158778],[8.453635,50.163502]]]}},{"type":"Feature","properties":{"country":"DE","region":"Eppstein, Stadt","parent":"Hessen"},"geometry":{"type":"MultiPolygon","coordinates":[[[[8.327267,50.145731],[8.331695,50.148042],[8.332477,50.148876],[8.333313,50.150062],[8.334871,50.151523],[8.337102,50.15206],[8.338913,50.152895],[8.338703,50.153443],[8.337958,50.155389],[8.338463,50.156604],[8.338715,50.157203],[8.341557,50.158348],[8.342811,50.158829],[8.344697,50.158445],[8.345317,50.159143],[8.346245,50.159598],[8.346967,50.160679],[8.348716,50.160851],[8.350338,50.161041],[8.352779,50.160033],[8.354515,50.160066],[8.356204,50.159296],[8.357887,50.159553],[8.359265,50.156662],[8.36248,50.156831],[8.364471,50.155869],[8.369519,50.155774],[8.370164,50.157816],[8.370205,50.158103],[8.370153,50.158387],[8.370014,50.158641],[8.369801,50.158836],[8.369537,50.158954],[8.36925,50.158982],[8.368968,50.158917],[8.368721,50.158765],[8.368551,50.158619],[8.364503,50.157642],[8.363795,50.16011],[8.363811,50.160734],[8.366222,50.161823],[8.366457,50.161977],[8.366632,50.162195],[8.366732,50.162457],[8.366746,50.162736],[8.366674,50.163006],[8.366521,50.163241],[8.366304,50.163417],[8.366042,50.163519],[8.36422,50.163911],[8.362018,50.167038],[8.360509,50.167874],[8.360903,50.169385],[8.358208,50.170396],[8.356324,50.170532],[8.354548,50.169824],[8.351833,50.169746],[8.351385,50.169737],[8.349219,50.170831],[8.34687,50.172551],[8.345521,50.174785],[8.344623,50.176343],[8.346568,50.177334],[8.351597,50.179577],[8.352219,50.18222],[8.355139,50.181948],[8.35774,50.182251],[8.358805,50.182874],[8.359615,50.183582],[8.359565,50.184356],[8.359191,50.184583],[8.358702,50.184852],[8.357829,50.185556],[8.357365,50.185881],[8.356791,50.186176],[8.356066,50.186396],[8.355088,50.18663],[8.354562,50.1868],[8.354116,50.187053],[8.353325,50.187785],[8.352898,50.188236],[8.352729,50.188566],[8.352671,50.188925],[8.352044,50.189138],[8.350188,50.188338],[8.347628,50.188515],[8.346184,50.187606],[8.341427,50.187687],[8.33707,50.191611],[8.342205,50.192446],[8.346206,50.191108],[8.349452,50.190638],[8.351515,50.190902],[8.352732,50.19096],[8.352718,50.191266],[8.352835,50.191475],[8.352978,50.19173],[8.353328,50.192052],[8.353356,50.192358],[8.353301,50.192636],[8.352959,50.193071],[8.352624,50.193344],[8.352546,50.193522],[8.352537,50.193702],[8.35272,50.193994],[8.352952,50.194151],[8.353313,50.19423],[8.353802,50.194266],[8.354148,50.194353],[8.354381,50.194484],[8.354417,50.19461],[8.354502,50.195206],[8.354447,50.195484],[8.354363,50.195807],[8.353922,50.196554],[8.353661,50.197063],[8.353561,50.197394],[8.353476,50.197725],[8.353452,50.198265],[8.353404,50.199317],[8.353413,50.199731],[8.353508,50.200102],[8.353572,50.200247],[8.353877,50.200946],[8.354011,50.201516],[8.357451,50.201599],[8.35997,50.202635],[8.364115,50.202785],[8.366745,50.202294],[8.367128,50.200645],[8.370366,50.200066],[8.37278,50.200939],[8.373471,50.200556],[8.370291,50.19893],[8.368798,50.198137],[8.366532,50.198023],[8.365007,50.195763],[8.363502,50.194489],[8.362524,50.193156],[8.360024,50.192168],[8.358972,50.189679],[8.355997,50.187925],[8.355431,50.187114],[8.357156,50.18648],[8.359775,50.185305],[8.360851,50.186],[8.362036,50.186769],[8.364212,50.187935],[8.367741,50.190512],[8.371225,50.190343],[8.372847,50.190139],[8.374449,50.189542],[8.375842,50.189015],[8.375493,50.188914],[8.375236,50.188793],[8.37503,50.188599],[8.374895,50.18835],[8.374844,50.188072],[8.374882,50.187792],[8.375005,50.187537],[8.375202,50.187334],[8.375452,50.187202],[8.375732,50.187154],[8.377118,50.18714],[8.378795,50.185992],[8.379837,50.18609],[8.381741,50.186271],[8.383386,50.184906],[8.387256,50.184276],[8.38664,50.18331],[8.386315,50.183043],[8.385961,50.182821],[8.383972,50.181857],[8.383613,50.181733],[8.38292,50.18154],[8.382311,50.181376],[8.382082,50.181275],[8.381849,50.181126],[8.381672,50.180914],[8.381568,50.180658],[8.381547,50.180383],[8.381611,50.180114],[8.381754,50.179878],[8.381961,50.179696],[8.382215,50.179585],[8.383117,50.179348],[8.377136,50.174259],[8.376425,50.169809],[8.383043,50.1668],[8.383286,50.166637],[8.383463,50.166406],[8.383557,50.16613],[8.383558,50.165838],[8.383465,50.165562],[8.383288,50.16533],[8.383046,50.165167],[8.381941,50.164659],[8.385171,50.161725],[8.388093,50.159429],[8.387807,50.157507],[8.392096,50.156552],[8.393287,50.156875],[8.394014,50.157293],[8.39627,50.156855],[8.397495,50.156024],[8.399559,50.154738],[8.401118,50.154366],[8.402722,50.1543],[8.404899,50.154702],[8.4093,50.155657],[8.409742,50.156486],[8.411567,50.156139],[8.413284,50.154855],[8.414041,50.153821],[8.412607,50.153395],[8.411899,50.152839],[8.410278,50.152419],[8.410796,50.151251],[8.411021,50.149689],[8.410746,50.149208],[8.410458,50.149012],[8.409739,50.14855],[8.409439,50.148373],[8.412524,50.14194],[8.412759,50.141386],[8.408401,50.137958],[8.407818,50.133096],[8.407596,50.132426],[8.409432,50.131109],[8.411457,50.130912],[8.411868,50.129867],[8.410671,50.12889],[8.410356,50.129099],[8.410102,50.129207],[8.409534,50.129268],[8.408859,50.1292],[8.408428,50.129129],[8.407855,50.129091],[8.406392,50.128895],[8.405841,50.12901],[8.405051,50.129499],[8.401118,50.131038],[8.397915,50.135669],[8.394796,50.135065],[8.389904,50.134117],[8.388828,50.13344],[8.387311,50.134177],[8.387668,50.135903],[8.384415,50.137078],[8.381893,50.137794],[8.382572,50.139815],[8.382619,50.140095],[8.382576,50.140375],[8.382449,50.140627],[8.382249,50.140828],[8.381997,50.140956],[8.381718,50.140999],[8.381439,50.140953],[8.381187,50.140823],[8.380973,50.140665],[8.380283,50.140045],[8.380052,50.137874],[8.380212,50.137576],[8.380302,50.137321],[8.380314,50.137053],[8.380245,50.136793],[8.380103,50.136565],[8.379899,50.136389],[8.379653,50.136282],[8.379386,50.136253],[8.379122,50.136304],[8.378883,50.136431],[8.378197,50.136944],[8.37821,50.138621],[8.374923,50.137485],[8.375228,50.135251],[8.376155,50.13441],[8.37693,50.132447],[8.376841,50.130684],[8.375756,50.12989],[8.372641,50.130784],[8.358021,50.129744],[8.355153,50.131229],[8.354493,50.131577],[8.353143,50.130165],[8.35254,50.129551],[8.350079,50.128551],[8.349138,50.12946],[8.345231,50.130773],[8.344959,50.13029],[8.343932,50.12857],[8.336924,50.128229],[8.335664,50.129534],[8.334273,50.130044],[8.330084,50.131296],[8.329609,50.130205],[8.326594,50.130465],[8.324891,50.132731],[8.323627,50.135296],[8.324228,50.137747],[8.322081,50.13785],[8.318214,50.137564],[8.317482,50.138573],[8.316892,50.139641],[8.321203,50.1426],[8.325463,50.144998],[8.327267,50.145731]]],[[[8.38244,50.135518],[8.382848,50.133697],[8.381838,50.133815],[8.380822,50.133926],[8.380694,50.1348],[8.380651,50.134875],[8.380623,50.134956],[8.380628,50.134959],[8.380576,50.135098],[8.380564,50.135391],[8.380647,50.135671],[8.380816,50.13591],[8.381053,50.136082],[8.381333,50.136168],[8.381626,50.13616],[8.3819,50.136057],[8.382128,50.135872],[8.38244,50.135518]]]]}},{"type":"Feature","properties":{"country":"DE","region":"Eschborn, Stadt","parent":"Hessen"},"geometry":{"type":"Polygon","coordinates":[[[8.562429,50.129835],[8.561114,50.131291],[8.559127,50.131866],[8.559697,50.132605],[8.556791,50.133541],[8.55564,50.134913],[8.555979,50.136538],[8.55333,50.138644],[8.549569,50.140673],[8.550996,50.141654],[8.552785,50.142485],[8.551875,50.143527],[8.551195,50.144215],[8.546919,50.14534],[8.546728,50.146236],[8.546347,50.147619],[8.545886,50.148258],[8.544298,50.149856],[8.542472,50.150241],[8.541795,50.151017],[8.540913,50.152023],[8.541156,50.152936],[8.538085,50.15573],[8.539982,50.156453],[8.541846,50.157241],[8.54089,50.158243],[8.539263,50.16005],[8.537852,50.160954],[8.535922,50.163917],[8.536551,50.164639],[8.533939,50.167456],[8.53467,50.167757],[8.533133,50.169315],[8.5348,50.17],[8.534793,50.170007],[8.534806,50.170036],[8.534951,50.170267],[8.535158,50.170443],[8.535409,50.170549],[8.53568,50.170574],[8.535946,50.170518],[8.536184,50.170384],[8.537214,50.169574],[8.537762,50.169889],[8.53905,50.170586],[8.540709,50.172136],[8.542304,50.171875],[8.543865,50.172415],[8.543648,50.172915],[8.543477,50.173326],[8.54407,50.173552],[8.545133,50.173958],[8.544821,50.174708],[8.547477,50.17488],[8.547945,50.173727],[8.548806,50.171545],[8.55027,50.170022],[8.552213,50.168102],[8.553475,50.166053],[8.555647,50.166387],[8.557399,50.167047],[8.558997,50.166012],[8.56057,50.166615],[8.563752,50.164156],[8.565678,50.162669],[8.564566,50.162452],[8.56553,50.160812],[8.567417,50.159188],[8.567127,50.158751],[8.571436,50.155476],[8.572488,50.156133],[8.575598,50.158183],[8.577068,50.157182],[8.579804,50.159478],[8.58176,50.158593],[8.584029,50.160429],[8.589535,50.158568],[8.590417,50.158451],[8.590239,50.159544],[8.59128,50.160312],[8.59697,50.15801],[8.600767,50.15729],[8.59498,50.146915],[8.591173,50.140623],[8.586927,50.138786],[8.582724,50.136697],[8.577389,50.133871],[8.575205,50.133209],[8.572974,50.132533],[8.570202,50.132198],[8.566806,50.13151],[8.562429,50.129835]]]}},{"type":"Feature","properties":{"country":"DE","region":"Flörsheim am Main, Stadt","parent":"Hessen"},"geometry":{"type":"Polygon","coordinates":[[[8.39711,49.997068],[8.397485,49.998389],[8.397091,50.000964],[8.395455,50.003851],[8.393717,50.005871],[8.392824,50.007757],[8.392101,50.00822],[8.391558,50.008806],[8.391234,50.009443],[8.391248,50.009967],[8.391372,50.010493],[8.391383,50.011065],[8.389316,50.012258],[8.387736,50.012966],[8.384509,50.016109],[8.381416,50.017983],[8.378167,50.020047],[8.376056,50.022249],[8.374501,50.024524],[8.375773,50.025142],[8.382646,50.028006],[8.387755,50.030816],[8.390365,50.031979],[8.389808,50.03254],[8.393997,50.035074],[8.395607,50.035941],[8.396527,50.035049],[8.409574,50.043107],[8.409781,50.043285],[8.409926,50.043514],[8.409995,50.043777],[8.409982,50.044048],[8.409889,50.044303],[8.409724,50.044518],[8.409565,50.044631],[8.409554,50.044641],[8.409533,50.044649],[8.412854,50.045727],[8.41458,50.048353],[8.414892,50.048835],[8.418599,50.048253],[8.419212,50.048939],[8.422496,50.04833],[8.424325,50.049626],[8.426242,50.052304],[8.426224,50.052323],[8.426194,50.052437],[8.426165,50.052707],[8.426218,50.052973],[8.426349,50.05321],[8.426544,50.053398],[8.426786,50.053519],[8.427055,50.053563],[8.428037,50.053572],[8.435176,50.053711],[8.434968,50.057209],[8.442354,50.057108],[8.444474,50.05819],[8.447412,50.057487],[8.450115,50.059327],[8.453586,50.057249],[8.455048,50.055519],[8.457474,50.053383],[8.467243,50.051488],[8.466993,50.051069],[8.4653,50.048231],[8.462139,50.046005],[8.460118,50.045537],[8.458319,50.045118],[8.455188,50.041579],[8.455101,50.040677],[8.455111,50.040452],[8.4524,50.04044],[8.452077,50.039822],[8.45151,50.038722],[8.451239,50.038205],[8.452854,50.03736],[8.451134,50.035781],[8.452612,50.035223],[8.451975,50.034743],[8.453058,50.033045],[8.453009,50.032473],[8.450551,50.029476],[8.449802,50.028843],[8.449493,50.02829],[8.449138,50.027093],[8.448409,50.026008],[8.446741,50.024406],[8.45197,50.020171],[8.452556,50.019714],[8.45309,50.018994],[8.438652,50.01321],[8.434492,50.011729],[8.433074,50.011262],[8.43111,50.010488],[8.430026,50.010046],[8.428942,50.009621],[8.428353,50.009349],[8.427439,50.008856],[8.425302,50.007575],[8.424431,50.007055],[8.420945,50.00439],[8.416131,50.000486],[8.414149,49.99919],[8.412158,49.998127],[8.409926,49.997429],[8.407382,49.996869],[8.404951,49.996591],[8.402162,49.996512],[8.398643,49.996817],[8.39711,49.997068]]]}},{"type":"Feature","properties":{"country":"DE","region":"Hattersheim am Main, Stadt","parent":"Hessen"},"geometry":{"type":"Polygon","coordinates":[[[8.450115,50.059327],[8.451792,50.060626],[8.456759,50.059887],[8.45941,50.061969],[8.47253,50.069682],[8.474843,50.070956],[8.476812,50.072231],[8.479758,50.074138],[8.481524,50.075281],[8.483653,50.076751],[8.487626,50.079699],[8.489733,50.081147],[8.489019,50.086426],[8.4903,50.084919],[8.49489,50.085854],[8.495112,50.084571],[8.499039,50.082012],[8.501736,50.081429],[8.501482,50.078815],[8.500965,50.076928],[8.50135,50.075691],[8.506588,50.072828],[8.505983,50.071927],[8.507108,50.071131],[8.508664,50.070558],[8.509178,50.069969],[8.509899,50.069143],[8.510973,50.067912],[8.51468,50.066334],[8.517614,50.065019],[8.517283,50.064239],[8.520716,50.061707],[8.519606,50.061165],[8.518604,50.060743],[8.517574,50.060293],[8.51623,50.059658],[8.514163,50.058605],[8.513303,50.058131],[8.512212,50.057455],[8.511491,50.056983],[8.511085,50.05667],[8.510464,50.056137],[8.50986,50.055542],[8.509027,50.054411],[8.507448,50.052723],[8.506083,50.051747],[8.50505,50.051263],[8.503976,50.050885],[8.502634,50.050546],[8.500568,50.049817],[8.495781,50.047875],[8.494326,50.047376],[8.490447,50.046228],[8.487358,50.045238],[8.485493,50.044552],[8.481156,50.043069],[8.477788,50.04154],[8.477162,50.041142],[8.475317,50.039979],[8.472067,50.037082],[8.471355,50.036413],[8.470876,50.035855],[8.470551,50.0353],[8.47034,50.034676],[8.470202,50.033989],[8.470251,50.033603],[8.470109,50.03232],[8.46957,50.030468],[8.467944,50.027981],[8.466526,50.026192],[8.465438,50.025183],[8.464016,50.02414],[8.46267,50.023279],[8.458275,50.021184],[8.45309,50.018994],[8.452556,50.019714],[8.45197,50.020171],[8.446741,50.024406],[8.448409,50.026008],[8.449138,50.027093],[8.449493,50.02829],[8.449802,50.028843],[8.450551,50.029476],[8.453009,50.032473],[8.453058,50.033045],[8.451975,50.034743],[8.452612,50.035223],[8.451134,50.035781],[8.452854,50.03736],[8.451239,50.038205],[8.45151,50.038722],[8.452077,50.039822],[8.4524,50.04044],[8.455111,50.040452],[8.455101,50.040677],[8.455188,50.041579],[8.458319,50.045118],[8.460118,50.045537],[8.462139,50.046005],[8.4653,50.048231],[8.466993,50.051069],[8.467243,50.051488],[8.457474,50.053383],[8.455048,50.055519],[8.453586,50.057249],[8.450115,50.059327]]]}},{"type":"Feature","properties":{"country":"DE","region":"Hochheim am Main, Stadt","parent":"Hessen"},"geometry":{"type":"Polygon","coordinates":[[[8.33064,50.000539],[8.331223,50.00263],[8.332621,50.005667],[8.332213,50.007024],[8.332322,50.008976],[8.33237,50.011797],[8.331539,50.016911],[8.33418,50.016889],[8.333957,50.019945],[8.33519,50.021167],[8.335471,50.021477],[8.335721,50.021825],[8.336266,50.022905],[8.333167,50.024674],[8.332287,50.026427],[8.337409,50.028174],[8.336967,50.02886],[8.3483,50.032953],[8.352249,50.034296],[8.35288,50.033021],[8.357196,50.033993],[8.360226,50.034653],[8.363718,50.036249],[8.364415,50.036586],[8.366141,50.037365],[8.366445,50.037443],[8.366845,50.037549],[8.367382,50.037828],[8.367618,50.038004],[8.367784,50.038247],[8.367863,50.03853],[8.367845,50.038824],[8.367734,50.039096],[8.367541,50.039317],[8.367286,50.039466],[8.367169,50.039512],[8.366935,50.039643],[8.36675,50.039836],[8.366631,50.040075],[8.366587,50.040339],[8.366623,50.040603],[8.366735,50.040846],[8.366914,50.041044],[8.367144,50.041183],[8.368928,50.041916],[8.376466,50.044894],[8.380179,50.046357],[8.378525,50.047612],[8.376446,50.049079],[8.374734,50.050389],[8.373045,50.051525],[8.375168,50.052646],[8.377078,50.053996],[8.378448,50.054003],[8.380656,50.054026],[8.384621,50.059863],[8.38737,50.059526],[8.388233,50.058411],[8.389486,50.057707],[8.392986,50.057177],[8.396928,50.05713],[8.397739,50.056631],[8.398309,50.055588],[8.39917,50.054405],[8.399661,50.05376],[8.397956,50.053206],[8.397716,50.053086],[8.397523,50.052901],[8.397392,50.052667],[8.397337,50.052406],[8.397361,50.052139],[8.397463,50.051892],[8.397633,50.051685],[8.397857,50.051537],[8.39979,50.050645],[8.400908,50.051295],[8.401562,50.051667],[8.40246,50.051279],[8.40769,50.049026],[8.406826,50.047696],[8.412854,50.045727],[8.409533,50.044649],[8.409554,50.044641],[8.409565,50.044631],[8.409724,50.044518],[8.409889,50.044303],[8.409982,50.044048],[8.409995,50.043777],[8.409926,50.043514],[8.409781,50.043285],[8.409574,50.043107],[8.396527,50.035049],[8.395607,50.035941],[8.393997,50.035074],[8.389808,50.03254],[8.390365,50.031979],[8.387755,50.030816],[8.382646,50.028006],[8.375773,50.025142],[8.374501,50.024524],[8.376056,50.022249],[8.378167,50.020047],[8.381416,50.017983],[8.384509,50.016109],[8.387736,50.012966],[8.389316,50.012258],[8.391383,50.011065],[8.391372,50.010493],[8.391248,50.009967],[8.391234,50.009443],[8.391558,50.008806],[8.392101,50.00822],[8.392824,50.007757],[8.393717,50.005871],[8.395455,50.003851],[8.397091,50.000964],[8.397485,49.998389],[8.39711,49.997068],[8.395788,49.997286],[8.391094,49.99828],[8.37411,50.001808],[8.373252,50.001936],[8.372229,50.002033],[8.371092,50.002147],[8.369663,50.002265],[8.36593,50.002348],[8.365205,50.002334],[8.364647,50.002324],[8.363993,50.002258],[8.363439,50.002166],[8.362594,50.002024],[8.361428,50.001778],[8.357341,50.000741],[8.354343,50.000042],[8.35159,49.999657],[8.348719,49.999412],[8.346247,49.999341],[8.341477,49.999619],[8.340121,49.999657],[8.337053,49.999869],[8.333985,50.000168],[8.33064,50.000539]]]}},{"type":"Feature","properties":{"country":"DE","region":"Hofheim am Taunus, Kreisstadt","parent":"Hessen"},"geometry":{"type":"Polygon","coordinates":[[[8.350079,50.128551],[8.35254,50.129551],[8.353143,50.130165],[8.354493,50.131577],[8.355153,50.131229],[8.358021,50.129744],[8.372641,50.130784],[8.375756,50.12989],[8.376841,50.130684],[8.37693,50.132447],[8.376155,50.13441],[8.375228,50.135251],[8.374923,50.137485],[8.37821,50.138621],[8.378197,50.136944],[8.378883,50.136431],[8.379122,50.136304],[8.379386,50.136253],[8.379653,50.136282],[8.379899,50.136389],[8.380103,50.136565],[8.380245,50.136793],[8.380314,50.137053],[8.380302,50.137321],[8.380212,50.137576],[8.380052,50.137874],[8.380283,50.140045],[8.380973,50.140665],[8.381187,50.140823],[8.381439,50.140953],[8.381718,50.140999],[8.381997,50.140956],[8.382249,50.140828],[8.382449,50.140627],[8.382576,50.140375],[8.382619,50.140095],[8.382572,50.139815],[8.381893,50.137794],[8.384415,50.137078],[8.387668,50.135903],[8.387311,50.134177],[8.388828,50.13344],[8.389904,50.134117],[8.394796,50.135065],[8.397915,50.135669],[8.401118,50.131038],[8.405051,50.129499],[8.405841,50.12901],[8.406392,50.128895],[8.407855,50.129091],[8.408428,50.129129],[8.408859,50.1292],[8.409534,50.129268],[8.410102,50.129207],[8.410356,50.129099],[8.410671,50.12889],[8.411868,50.129867],[8.411457,50.130912],[8.409432,50.131109],[8.407596,50.132426],[8.407818,50.133096],[8.416662,50.134175],[8.417963,50.131985],[8.420952,50.132804],[8.422332,50.13039],[8.424481,50.130879],[8.429345,50.130483],[8.431339,50.13032],[8.435654,50.126734],[8.43928,50.125105],[8.440165,50.124746],[8.438456,50.122467],[8.439465,50.119926],[8.44555,50.117462],[8.452212,50.122],[8.455887,50.120547],[8.461295,50.118267],[8.4646,50.116182],[8.463447,50.115334],[8.467786,50.113071],[8.467106,50.11196],[8.46836,50.111425],[8.467149,50.108991],[8.468855,50.107725],[8.468232,50.105617],[8.475653,50.101284],[8.474171,50.101258],[8.472633,50.099908],[8.47373,50.099459],[8.473463,50.0985],[8.471591,50.099024],[8.468409,50.097253],[8.466704,50.096886],[8.466594,50.094706],[8.464452,50.09423],[8.462305,50.092934],[8.463657,50.090768],[8.462633,50.09037],[8.46009,50.089317],[8.460109,50.088254],[8.45988,50.08735],[8.458179,50.086462],[8.45672,50.08596],[8.455596,50.085379],[8.454997,50.084854],[8.454232,50.083635],[8.454685,50.083005],[8.455251,50.082227],[8.45461,50.081048],[8.453715,50.080075],[8.452182,50.078407],[8.4511,50.078768],[8.446937,50.075112],[8.451205,50.073225],[8.447597,50.070308],[8.448894,50.069746],[8.446509,50.067984],[8.451466,50.06558],[8.44964,50.063828],[8.451099,50.062756],[8.451373,50.062545],[8.450964,50.062303],[8.449874,50.061663],[8.451792,50.060626],[8.450115,50.059327],[8.447412,50.057487],[8.444474,50.05819],[8.442354,50.057108],[8.434968,50.057209],[8.435176,50.053711],[8.428037,50.053572],[8.427055,50.053563],[8.426786,50.053519],[8.426544,50.053398],[8.426349,50.05321],[8.426218,50.052973],[8.426165,50.052707],[8.426194,50.052437],[8.426224,50.052323],[8.426242,50.052304],[8.424325,50.049626],[8.422496,50.04833],[8.419212,50.048939],[8.418599,50.048253],[8.414892,50.048835],[8.41458,50.048353],[8.412854,50.045727],[8.406826,50.047696],[8.40769,50.049026],[8.40246,50.051279],[8.401562,50.051667],[8.400908,50.051295],[8.39979,50.050645],[8.397857,50.051537],[8.397633,50.051685],[8.397463,50.051892],[8.397361,50.052139],[8.397337,50.052406],[8.397392,50.052667],[8.397523,50.052901],[8.397716,50.053086],[8.397956,50.053206],[8.399661,50.05376],[8.39917,50.054405],[8.398309,50.055588],[8.397739,50.056631],[8.396928,50.05713],[8.392986,50.057177],[8.389486,50.057707],[8.388233,50.058411],[8.38737,50.059526],[8.384621,50.059863],[8.380656,50.054026],[8.378448,50.054003],[8.377078,50.053996],[8.375168,50.052646],[8.373045,50.051525],[8.371152,50.051176],[8.370899,50.050884],[8.370559,50.050679],[8.36608,50.049995],[8.365553,50.050857],[8.363014,50.05061],[8.361482,50.051086],[8.359475,50.053127],[8.362897,50.054109],[8.358597,50.058007],[8.360371,50.059274],[8.355042,50.062025],[8.355695,50.062647],[8.35567,50.06265],[8.355634,50.062673],[8.355489,50.062734],[8.355271,50.062927],[8.355127,50.06318],[8.355071,50.063465],[8.355109,50.063754],[8.355238,50.064015],[8.355444,50.064222],[8.356329,50.064859],[8.354838,50.06629],[8.360991,50.069375],[8.365053,50.071414],[8.365571,50.070377],[8.365876,50.070192],[8.36636,50.070129],[8.366853,50.069853],[8.367238,50.069527],[8.367592,50.069057],[8.367832,50.068693],[8.368396,50.068453],[8.368806,50.068389],[8.36919,50.068086],[8.370278,50.067497],[8.371091,50.067125],[8.373154,50.067813],[8.374945,50.06746],[8.384208,50.077063],[8.385582,50.078942],[8.386065,50.080227],[8.385879,50.081378],[8.385857,50.08217],[8.382489,50.084763],[8.381376,50.0868],[8.379973,50.088374],[8.37967,50.089679],[8.379629,50.091613],[8.381396,50.093086],[8.378862,50.094668],[8.377431,50.096937],[8.379314,50.099204],[8.380123,50.101505],[8.38041,50.102285],[8.375455,50.102607],[8.372849,50.100536],[8.370442,50.100539],[8.367962,50.099707],[8.365044,50.09856],[8.362662,50.098203],[8.362566,50.098678],[8.362419,50.099484],[8.362362,50.100746],[8.362041,50.102097],[8.361685,50.102614],[8.361012,50.103578],[8.360916,50.104053],[8.360932,50.104529],[8.360539,50.105832],[8.35921,50.105759],[8.357002,50.104622],[8.355543,50.104107],[8.35357,50.10485],[8.352027,50.108059],[8.34792,50.114162],[8.348742,50.11438],[8.344326,50.119442],[8.344187,50.120825],[8.344692,50.122022],[8.345705,50.122852],[8.348634,50.125247],[8.350079,50.128551]],[[8.381838,50.133815],[8.382848,50.133697],[8.38244,50.135518],[8.382128,50.135872],[8.3819,50.136057],[8.381626,50.13616],[8.381333,50.136168],[8.381053,50.136082],[8.380816,50.13591],[8.380647,50.135671],[8.380564,50.135391],[8.380576,50.135098],[8.380628,50.134959],[8.380623,50.134956],[8.380651,50.134875],[8.380694,50.1348],[8.380822,50.133926],[8.381838,50.133815]]]}},{"type":"Feature","properties":{"country":"DE","region":"Kelkheim (Taunus), Stadt","parent":"Hessen"},"geometry":{"type":"Polygon","coordinates":[[[8.475653,50.101284],[8.468232,50.105617],[8.468855,50.107725],[8.467149,50.108991],[8.46836,50.111425],[8.467106,50.11196],[8.467786,50.113071],[8.463447,50.115334],[8.4646,50.116182],[8.461295,50.118267],[8.455887,50.120547],[8.452212,50.122],[8.44555,50.117462],[8.439465,50.119926],[8.438456,50.122467],[8.440165,50.124746],[8.43928,50.125105],[8.435654,50.126734],[8.431339,50.13032],[8.429345,50.130483],[8.424481,50.130879],[8.422332,50.13039],[8.420952,50.132804],[8.417963,50.131985],[8.416662,50.134175],[8.407818,50.133096],[8.408401,50.137958],[8.412759,50.141386],[8.412524,50.14194],[8.409439,50.148373],[8.409739,50.14855],[8.410458,50.149012],[8.410746,50.149208],[8.411021,50.149689],[8.410796,50.151251],[8.410278,50.152419],[8.411899,50.152839],[8.412607,50.153395],[8.414041,50.153821],[8.413284,50.154855],[8.411567,50.156139],[8.409742,50.156486],[8.4093,50.155657],[8.404899,50.154702],[8.402722,50.1543],[8.401118,50.154366],[8.399559,50.154738],[8.397495,50.156024],[8.39627,50.156855],[8.394014,50.157293],[8.393287,50.156875],[8.392096,50.156552],[8.387807,50.157507],[8.388093,50.159429],[8.385171,50.161725],[8.381941,50.164659],[8.383046,50.165167],[8.383288,50.16533],[8.383465,50.165562],[8.383558,50.165838],[8.383557,50.16613],[8.383463,50.166406],[8.383286,50.166637],[8.383043,50.1668],[8.376425,50.169809],[8.377136,50.174259],[8.383117,50.179348],[8.382215,50.179585],[8.381961,50.179696],[8.381754,50.179878],[8.381611,50.180114],[8.381547,50.180383],[8.381568,50.180658],[8.381672,50.180914],[8.381849,50.181126],[8.382082,50.181275],[8.382311,50.181376],[8.38292,50.18154],[8.383613,50.181733],[8.383972,50.181857],[8.385961,50.182821],[8.386315,50.183043],[8.38664,50.18331],[8.387256,50.184276],[8.39017,50.184618],[8.391229,50.183818],[8.392878,50.183623],[8.396088,50.181747],[8.396977,50.181601],[8.397798,50.182994],[8.396151,50.184413],[8.397256,50.18509],[8.39857,50.18567],[8.400145,50.18445],[8.400766,50.183483],[8.401084,50.181997],[8.401361,50.178541],[8.403227,50.178613],[8.404105,50.177567],[8.405702,50.176982],[8.407014,50.176835],[8.408386,50.176688],[8.408575,50.178007],[8.404619,50.181229],[8.415065,50.185929],[8.416295,50.18506],[8.422739,50.188021],[8.424609,50.187263],[8.428249,50.18579],[8.429009,50.185075],[8.427265,50.184251],[8.427541,50.184031],[8.428254,50.183441],[8.429906,50.181563],[8.430214,50.181253],[8.430879,50.180779],[8.432064,50.179666],[8.432603,50.17919],[8.433909,50.179457],[8.437938,50.177396],[8.440128,50.17667],[8.44137,50.17582],[8.44194,50.174003],[8.442784,50.173298],[8.44237,50.172165],[8.442162,50.171163],[8.443074,50.170486],[8.443193,50.169363],[8.446322,50.169608],[8.445486,50.167874],[8.446741,50.167689],[8.450107,50.164735],[8.452253,50.163711],[8.453635,50.163502],[8.452921,50.158778],[8.452612,50.156733],[8.451862,50.15464],[8.452947,50.154173],[8.453946,50.153741],[8.453667,50.152755],[8.453289,50.151434],[8.458056,50.150691],[8.458252,50.149093],[8.458429,50.147584],[8.459185,50.147579],[8.461707,50.14757],[8.462521,50.150456],[8.464949,50.151966],[8.467325,50.150948],[8.470707,50.149499],[8.4711,50.14933],[8.473788,50.147862],[8.477182,50.146009],[8.482313,50.142607],[8.489041,50.136064],[8.482379,50.136117],[8.482111,50.136078],[8.481867,50.135961],[8.481669,50.135778],[8.481535,50.135544],[8.481476,50.13528],[8.481499,50.135011],[8.4816,50.134761],[8.481772,50.134551],[8.483246,50.133227],[8.481503,50.131423],[8.479642,50.13139],[8.477776,50.127883],[8.476617,50.126809],[8.475001,50.126313],[8.477377,50.122475],[8.479015,50.119849],[8.479132,50.118753],[8.478946,50.117877],[8.475737,50.113374],[8.473707,50.110107],[8.475977,50.108752],[8.478151,50.107332],[8.480998,50.105213],[8.47802,50.103189],[8.475653,50.101284]]]}},{"type":"Feature","properties":{"country":"DE","region":"Kriftel","parent":"Hessen"},"geometry":{"type":"Polygon","coordinates":[[[8.489019,50.086426],[8.489733,50.081147],[8.487626,50.079699],[8.483653,50.076751],[8.481524,50.075281],[8.479758,50.074138],[8.476812,50.072231],[8.474843,50.070956],[8.47253,50.069682],[8.45941,50.061969],[8.456759,50.059887],[8.451792,50.060626],[8.449874,50.061663],[8.450964,50.062303],[8.451373,50.062545],[8.451099,50.062756],[8.44964,50.063828],[8.451466,50.06558],[8.446509,50.067984],[8.448894,50.069746],[8.447597,50.070308],[8.451205,50.073225],[8.446937,50.075112],[8.4511,50.078768],[8.452182,50.078407],[8.453715,50.080075],[8.45461,50.081048],[8.455251,50.082227],[8.454685,50.083005],[8.454232,50.083635],[8.454997,50.084854],[8.455596,50.085379],[8.45672,50.08596],[8.458179,50.086462],[8.45988,50.08735],[8.460109,50.088254],[8.46009,50.089317],[8.462633,50.09037],[8.463657,50.090768],[8.462305,50.092934],[8.464452,50.09423],[8.466594,50.094706],[8.466704,50.096886],[8.468409,50.097253],[8.471591,50.099024],[8.473463,50.0985],[8.478535,50.096376],[8.479207,50.095398],[8.478729,50.094138],[8.480631,50.092516],[8.48183,50.091542],[8.484693,50.090398],[8.488563,50.088254],[8.489019,50.086426]]]}},{"type":"Feature","properties":{"country":"DE","region":"Liederbach am Taunus","parent":"Hessen"},"geometry":{"type":"Polygon","coordinates":[[[8.475977,50.108752],[8.473707,50.110107],[8.475737,50.113374],[8.478946,50.117877],[8.479132,50.118753],[8.479015,50.119849],[8.477377,50.122475],[8.475001,50.126313],[8.476617,50.126809],[8.477776,50.127883],[8.479642,50.13139],[8.481503,50.131423],[8.483246,50.133227],[8.481772,50.134551],[8.4816,50.134761],[8.481499,50.135011],[8.481476,50.13528],[8.481535,50.135544],[8.481669,50.135778],[8.481867,50.135961],[8.482111,50.136078],[8.482379,50.136117],[8.489041,50.136064],[8.492491,50.133971],[8.493886,50.133125],[8.495653,50.131868],[8.497897,50.130163],[8.501462,50.128947],[8.503044,50.129623],[8.504729,50.128194],[8.506154,50.127922],[8.506847,50.127772],[8.509384,50.12868],[8.509889,50.128329],[8.512413,50.126591],[8.512803,50.126301],[8.512537,50.125954],[8.510374,50.123135],[8.516514,50.121928],[8.518095,50.121622],[8.51877,50.121229],[8.51694,50.121125],[8.51366,50.121896],[8.51164,50.119332],[8.512781,50.119163],[8.512516,50.117475],[8.511927,50.117501],[8.511062,50.117432],[8.510341,50.117275],[8.51012,50.1172],[8.509764,50.117013],[8.509463,50.116846],[8.509243,50.116752],[8.508938,50.116675],[8.508088,50.116579],[8.50709,50.11568],[8.504138,50.113009],[8.49985,50.109145],[8.502136,50.107727],[8.499768,50.106794],[8.49791,50.107707],[8.496084,50.105875],[8.49401,50.106927],[8.492451,50.107728],[8.491708,50.106437],[8.48766,50.1075],[8.481066,50.10985],[8.479474,50.110416],[8.477517,50.109706],[8.475977,50.108752]]]}},{"type":"Feature","properties":{"country":"DE","region":"Schwalbach am Taunus, Stadt","parent":"Hessen"},"geometry":{"type":"Polygon","coordinates":[[[8.559039,50.128175],[8.554129,50.132339],[8.551687,50.133326],[8.549841,50.13494],[8.546363,50.13832],[8.545216,50.139442],[8.539279,50.137604],[8.536883,50.136761],[8.536839,50.137148],[8.536644,50.137792],[8.536563,50.138052],[8.536454,50.138329],[8.536106,50.138602],[8.535974,50.138753],[8.535967,50.138924],[8.536056,50.139141],[8.53621,50.139486],[8.533926,50.139168],[8.534391,50.140454],[8.535028,50.142301],[8.533584,50.142015],[8.529807,50.141239],[8.527988,50.140865],[8.524924,50.143729],[8.525941,50.144223],[8.522444,50.147835],[8.52073,50.149633],[8.517692,50.150597],[8.514779,50.151582],[8.516274,50.153012],[8.511308,50.154834],[8.512249,50.157766],[8.510143,50.159881],[8.509768,50.160468],[8.509648,50.161312],[8.509516,50.162795],[8.509901,50.164944],[8.510577,50.166873],[8.511608,50.166684],[8.513606,50.167807],[8.514802,50.168603],[8.515749,50.168502],[8.516681,50.168338],[8.518285,50.167853],[8.519545,50.16728],[8.519351,50.16581],[8.520251,50.165402],[8.524135,50.163669],[8.525135,50.164209],[8.526204,50.164785],[8.526552,50.165178],[8.527341,50.166074],[8.528349,50.166091],[8.528517,50.166094],[8.528442,50.167218],[8.528397,50.167964],[8.529222,50.168356],[8.529722,50.16778],[8.531563,50.165643],[8.532578,50.164481],[8.536551,50.164639],[8.535922,50.163917],[8.537852,50.160954],[8.539263,50.16005],[8.54089,50.158243],[8.541846,50.157241],[8.539982,50.156453],[8.538085,50.15573],[8.541156,50.152936],[8.540913,50.152023],[8.541795,50.151017],[8.542472,50.150241],[8.544298,50.149856],[8.545886,50.148258],[8.546347,50.147619],[8.546728,50.146236],[8.546919,50.14534],[8.551195,50.144215],[8.551875,50.143527],[8.552785,50.142485],[8.550996,50.141654],[8.549569,50.140673],[8.55333,50.138644],[8.555979,50.136538],[8.55564,50.134913],[8.556791,50.133541],[8.559697,50.132605],[8.559127,50.131866],[8.561114,50.131291],[8.562429,50.129835],[8.559039,50.128175]]]}},{"type":"Feature","properties":{"country":"DE","region":"Sulzbach (Taunus)","parent":"Hessen"},"geometry":{"type":"Polygon","coordinates":[[[8.51877,50.121229],[8.518095,50.121622],[8.516514,50.121928],[8.510374,50.123135],[8.512537,50.125954],[8.512803,50.126301],[8.512413,50.126591],[8.509889,50.128329],[8.509384,50.12868],[8.506847,50.127772],[8.506154,50.127922],[8.504729,50.128194],[8.503044,50.129623],[8.506574,50.130909],[8.509452,50.131391],[8.512582,50.132228],[8.511753,50.132957],[8.510752,50.13379],[8.511913,50.13432],[8.513087,50.134856],[8.513981,50.135574],[8.514638,50.136611],[8.514803,50.137685],[8.513759,50.137939],[8.511872,50.13842],[8.510618,50.138627],[8.511479,50.139631],[8.512508,50.14083],[8.51291,50.141837],[8.514148,50.143059],[8.510501,50.145054],[8.514004,50.147689],[8.517692,50.150597],[8.52073,50.149633],[8.522444,50.147835],[8.525941,50.144223],[8.524924,50.143729],[8.527988,50.140865],[8.529807,50.141239],[8.533584,50.142015],[8.535028,50.142301],[8.534391,50.140454],[8.533926,50.139168],[8.53621,50.139486],[8.536056,50.139141],[8.535967,50.138924],[8.535974,50.138753],[8.536106,50.138602],[8.536454,50.138329],[8.536563,50.138052],[8.536644,50.137792],[8.536839,50.137148],[8.536883,50.136761],[8.539279,50.137604],[8.545216,50.139442],[8.546363,50.13832],[8.549841,50.13494],[8.551687,50.133326],[8.554129,50.132339],[8.559039,50.128175],[8.557292,50.127083],[8.552859,50.125262],[8.541547,50.120514],[8.539153,50.119519],[8.530542,50.11587],[8.525402,50.117627],[8.521901,50.120338],[8.520665,50.120092],[8.51877,50.121229]]]}},{"type":"Feature","properties":{"country":"DE","region":"Dietzenbach, Kreisstadt","parent":"Hessen"},"geometry":{"type":"Polygon","coordinates":[[[8.768123,50.034498],[8.778329,50.038621],[8.78669,50.038167],[8.796409,50.035991],[8.800355,50.029285],[8.805532,50.026899],[8.813029,50.025206],[8.818886,50.02733],[8.826631,50.008984],[8.811741,50.006554],[8.796039,49.988049],[8.775261,49.982972],[8.761101,49.984488],[8.756261,49.991731],[8.757073,50.013164],[8.748301,50.022029],[8.760654,50.02716],[8.768123,50.034498]]]}},{"type":"Feature","properties":{"country":"DE","region":"Dreieich, Stadt","parent":"Hessen"},"geometry":{"type":"Polygon","coordinates":[[[8.758096,50.047278],[8.765938,50.039999],[8.768123,50.034498],[8.760654,50.02716],[8.748301,50.022029],[8.757073,50.013164],[8.756261,49.991731],[8.761101,49.984488],[8.75888,49.960539],[8.745791,49.960058],[8.725708,49.954208],[8.719063,49.96208],[8.709602,49.987671],[8.695029,49.99057],[8.689576,49.99818],[8.663606,50.007676],[8.65828,50.00997],[8.655151,50.011317],[8.652984,50.013874],[8.650683,50.015591],[8.650022,50.016066],[8.648457,50.017148],[8.645592,50.017894],[8.645155,50.018012],[8.64184,50.020614],[8.639593,50.020919],[8.637349,50.025769],[8.635363,50.030075],[8.655505,50.034103],[8.663576,50.032671],[8.663606,50.032682],[8.68084,50.039945],[8.708787,50.04052],[8.722704,50.05181],[8.751374,50.0537],[8.758096,50.047278]]]}},{"type":"Feature","properties":{"country":"DE","region":"Egelsbach","parent":"Hessen"},"geometry":{"type":"Polygon","coordinates":[[[8.663606,49.974188],[8.676527,49.974902],[8.691018,49.966706],[8.697328,49.966131],[8.703712,49.950716],[8.688373,49.948555],[8.6745,49.951452],[8.668802,49.952863],[8.663606,49.952236],[8.663532,49.952219],[8.662615,49.95189],[8.661864,49.951849],[8.661107,49.951951],[8.659863,49.952045],[8.658664,49.95214],[8.657452,49.952549],[8.652826,49.954217],[8.651843,49.95443],[8.65122,49.95461],[8.650813,49.954728],[8.650035,49.955372],[8.64917,49.955958],[8.648625,49.956112],[8.648118,49.956238],[8.647609,49.95642],[8.647095,49.956735],[8.646548,49.957107],[8.646243,49.957369],[8.645735,49.957532],[8.645258,49.957639],[8.644668,49.957629],[8.644017,49.957657],[8.643361,49.957818],[8.641389,49.958777],[8.638384,49.959997],[8.633924,49.961643],[8.632214,49.962551],[8.63155,49.963054],[8.631299,49.963431],[8.631191,49.963943],[8.630905,49.964453],[8.630627,49.964753],[8.630066,49.965026],[8.62894,49.96493],[8.628371,49.964749],[8.627932,49.964289],[8.627518,49.963481],[8.624988,49.963962],[8.624219,49.964345],[8.622,49.964354],[8.620114,49.965484],[8.620679,49.966708],[8.621265,49.968113],[8.621614,49.968118],[8.622409,49.968131],[8.62263,49.96818],[8.622949,49.968221],[8.623851,49.968344],[8.624474,49.968471],[8.624948,49.968497],[8.625644,49.968536],[8.626177,49.968463],[8.627011,49.968189],[8.627322,49.968086],[8.628109,49.967937],[8.628627,49.967892],[8.629032,49.967898],[8.629534,49.967907],[8.630229,49.967972],[8.629452,49.97209],[8.628352,49.975924],[8.625833,49.978574],[8.625363,49.979169],[8.622132,49.984291],[8.620043,49.98521],[8.618324,49.985965],[8.617224,49.987315],[8.615065,49.989997],[8.609996,49.993399],[8.607762,49.996338],[8.606972,49.998998],[8.604409,50.010359],[8.603913,50.011925],[8.610012,50.013107],[8.610247,50.013156],[8.61045,50.012628],[8.61112,50.010866],[8.612643,50.008416],[8.614433,50.005385],[8.616393,50.001607],[8.62096,49.993073],[8.621504,49.99202],[8.624096,49.992504],[8.625514,49.990169],[8.623003,49.989435],[8.624377,49.987514],[8.628865,49.988379],[8.62971,49.987484],[8.634448,49.988399],[8.63365,49.98988],[8.640226,49.991292],[8.642986,49.985082],[8.641671,49.984814],[8.631775,49.982813],[8.63444,49.977642],[8.634747,49.97709],[8.636981,49.977198],[8.640895,49.977065],[8.646737,49.976854],[8.647042,49.976193],[8.647604,49.976086],[8.648167,49.975969],[8.654061,49.974786],[8.656298,49.975021],[8.661595,49.975538],[8.662559,49.974798],[8.663365,49.974172],[8.663606,49.974188]]]}},{"type":"Feature","properties":{"country":"DE","region":"Heusenstamm, Stadt","parent":"Hessen"},"geometry":{"type":"Polygon","coordinates":[[[8.85762,50.055075],[8.862509,50.051337],[8.859601,50.04724],[8.845912,50.038075],[8.818886,50.02733],[8.813029,50.025206],[8.805532,50.026899],[8.800355,50.029285],[8.796409,50.035991],[8.78669,50.038167],[8.778329,50.038621],[8.768123,50.034498],[8.765938,50.039999],[8.758096,50.047278],[8.7772,50.051708],[8.782657,50.061883],[8.790106,50.063631],[8.791617,50.069186],[8.825881,50.070529],[8.822934,50.066308],[8.826527,50.055851],[8.840094,50.051725],[8.845973,50.054868],[8.85762,50.055075]]]}},{"type":"Feature","properties":{"country":"DE","region":"Darmstadt, Wissenschaftsstadt","parent":"Hessen"},"geometry":{"type":"Polygon","coordinates":[[[8.649688,49.796116],[8.649146,49.797819],[8.646009,49.797784],[8.645267,49.798987],[8.643999,49.800109],[8.643265,49.801474],[8.64284,49.802712],[8.640306,49.803434],[8.635683,49.804068],[8.629808,49.804713],[8.626464,49.806184],[8.624929,49.808066],[8.622433,49.810717],[8.622022,49.812734],[8.621323,49.814513],[8.620294,49.81698],[8.619245,49.81911],[8.618651,49.820315],[8.611461,49.834627],[8.60414,49.836673],[8.603164,49.83704],[8.598831,49.836754],[8.597949,49.837644],[8.595571,49.837979],[8.593831,49.837503],[8.590091,49.837131],[8.590358,49.835969],[8.584291,49.835432],[8.576459,49.83403],[8.566079,49.831271],[8.565128,49.835503],[8.56256,49.84141],[8.560001,49.848123],[8.563465,49.847928],[8.574263,49.848975],[8.573394,49.851043],[8.572543,49.852654],[8.583016,49.854301],[8.582203,49.856746],[8.585605,49.856988],[8.589907,49.856251],[8.591486,49.857435],[8.590873,49.86103],[8.593676,49.862365],[8.595803,49.863462],[8.596467,49.868783],[8.597875,49.875016],[8.598648,49.8797],[8.59933,49.882141],[8.604783,49.882664],[8.605475,49.883962],[8.605589,49.884351],[8.610121,49.885967],[8.617192,49.887036],[8.616461,49.889887],[8.61882,49.890656],[8.621948,49.892039],[8.62229,49.892956],[8.623806,49.896982],[8.626431,49.894703],[8.629594,49.89599],[8.632705,49.899425],[8.630769,49.901526],[8.627015,49.902751],[8.628085,49.90643],[8.629705,49.908],[8.630955,49.910276],[8.628122,49.910995],[8.626221,49.911398],[8.625495,49.911942],[8.625108,49.913627],[8.619645,49.912565],[8.618956,49.913418],[8.618928,49.915883],[8.620916,49.916158],[8.625628,49.916741],[8.625121,49.918375],[8.625407,49.9198],[8.625821,49.921275],[8.626532,49.923803],[8.627264,49.92539],[8.624176,49.926284],[8.62408,49.92765],[8.623868,49.930536],[8.623974,49.932454],[8.628737,49.932578],[8.630284,49.932594],[8.630606,49.933625],[8.63234,49.934748],[8.63274,49.935037],[8.632961,49.93543],[8.63343,49.936264],[8.633533,49.937192],[8.632017,49.937096],[8.630789,49.937138],[8.630567,49.939223],[8.627266,49.938773],[8.627081,49.942173],[8.628842,49.942319],[8.628959,49.944281],[8.630119,49.943859],[8.630502,49.943713],[8.630826,49.943628],[8.631339,49.943699],[8.631893,49.943798],[8.632817,49.944057],[8.633687,49.944278],[8.634744,49.94434],[8.635788,49.944402],[8.637608,49.944225],[8.638784,49.944118],[8.639624,49.944015],[8.640284,49.9439],[8.643204,49.944127],[8.646113,49.944613],[8.649862,49.945391],[8.651492,49.945252],[8.651526,49.944376],[8.654999,49.944571],[8.655757,49.944121],[8.663606,49.945531],[8.666018,49.945963],[8.668144,49.948716],[8.669601,49.95071],[8.671387,49.950357],[8.67344,49.949908],[8.6745,49.951452],[8.688373,49.948555],[8.703712,49.950716],[8.725708,49.954208],[8.731742,49.952142],[8.734584,49.947889],[8.730822,49.93343],[8.739596,49.927874],[8.73982,49.917533],[8.746658,49.910945],[8.74906,49.902521],[8.744209,49.89828],[8.740159,49.892155],[8.727579,49.883248],[8.727652,49.870606],[8.730482,49.866571],[8.727036,49.863063],[8.716044,49.860604],[8.704249,49.851089],[8.690836,49.844863],[8.673662,49.834797],[8.672731,49.823066],[8.67962,49.820027],[8.673485,49.812598],[8.676293,49.806589],[8.663606,49.804442],[8.662385,49.803585],[8.66034,49.802895],[8.658811,49.80143],[8.656956,49.797638],[8.654621,49.796547],[8.65183,49.796817],[8.651298,49.795836],[8.649688,49.796116]]]}},{"type":"Feature","properties":{"country":"DE","region":"Frankfurt am Main, Stadt","parent":"Hessen"},"geometry":{"type":"Polygon","coordinates":[[[8.518845,50.020569],[8.516242,50.026032],[8.51588,50.026989],[8.518484,50.027538],[8.515892,50.032704],[8.518982,50.033334],[8.518997,50.034639],[8.52456,50.037111],[8.54113,50.044112],[8.548201,50.04651],[8.552255,50.047524],[8.559301,50.04885],[8.554896,50.055013],[8.553051,50.056376],[8.553057,50.057582],[8.553093,50.060112],[8.552961,50.061262],[8.552261,50.061979],[8.552951,50.066608],[8.551163,50.069286],[8.544504,50.06902],[8.543332,50.069639],[8.541976,50.070965],[8.541525,50.071741],[8.541405,50.075978],[8.538877,50.079607],[8.536946,50.079969],[8.530969,50.0811],[8.529069,50.082039],[8.528327,50.082404],[8.527798,50.082665],[8.52733,50.082897],[8.525797,50.083659],[8.524636,50.0825],[8.523696,50.081234],[8.522973,50.079944],[8.522633,50.078799],[8.522595,50.077632],[8.522651,50.076299],[8.523424,50.074313],[8.524331,50.072245],[8.525391,50.070625],[8.526044,50.069469],[8.526488,50.068116],[8.526553,50.066911],[8.526399,50.06626],[8.526106,50.065553],[8.525681,50.065024],[8.525063,50.064428],[8.524499,50.063878],[8.523671,50.06327],[8.522742,50.062759],[8.520716,50.061707],[8.517283,50.064239],[8.517614,50.065019],[8.51468,50.066334],[8.510973,50.067912],[8.509899,50.069143],[8.509178,50.069969],[8.508664,50.070558],[8.507108,50.071131],[8.505983,50.071927],[8.506588,50.072828],[8.50135,50.075691],[8.500965,50.076928],[8.501482,50.078815],[8.501736,50.081429],[8.499039,50.082012],[8.495112,50.084571],[8.49489,50.085854],[8.4903,50.084919],[8.489019,50.086426],[8.488563,50.088254],[8.484693,50.090398],[8.48183,50.091542],[8.480631,50.092516],[8.478729,50.094138],[8.479207,50.095398],[8.478535,50.096376],[8.473463,50.0985],[8.47373,50.099459],[8.472633,50.099908],[8.474171,50.101258],[8.475653,50.101284],[8.47802,50.103189],[8.480998,50.105213],[8.478151,50.107332],[8.475977,50.108752],[8.477517,50.109706],[8.479474,50.110416],[8.481066,50.10985],[8.48766,50.1075],[8.491708,50.106437],[8.492451,50.107728],[8.49401,50.106927],[8.496084,50.105875],[8.49791,50.107707],[8.499768,50.106794],[8.502136,50.107727],[8.49985,50.109145],[8.504138,50.113009],[8.50709,50.11568],[8.508088,50.116579],[8.508938,50.116675],[8.509243,50.116752],[8.509463,50.116846],[8.509764,50.117013],[8.51012,50.1172],[8.510341,50.117275],[8.511062,50.117432],[8.511927,50.117501],[8.512516,50.117475],[8.512781,50.119163],[8.51164,50.119332],[8.51366,50.121896],[8.51694,50.121125],[8.51877,50.121229],[8.520665,50.120092],[8.521901,50.120338],[8.525402,50.117627],[8.530542,50.11587],[8.539153,50.119519],[8.541547,50.120514],[8.552859,50.125262],[8.557292,50.127083],[8.559039,50.128175],[8.562429,50.129835],[8.566806,50.13151],[8.570202,50.132198],[8.572974,50.132533],[8.575205,50.133209],[8.577389,50.133871],[8.582724,50.136697],[8.586927,50.138786],[8.591173,50.140623],[8.59498,50.146915],[8.600767,50.15729],[8.59697,50.15801],[8.59128,50.160312],[8.590239,50.159544],[8.588675,50.168429],[8.591971,50.167296],[8.594353,50.17008],[8.596722,50.173207],[8.602214,50.171498],[8.604692,50.173996],[8.608022,50.175536],[8.608709,50.175863],[8.607979,50.176598],[8.607017,50.177176],[8.605859,50.178093],[8.604856,50.178994],[8.604421,50.179707],[8.603865,50.180976],[8.605269,50.181611],[8.608311,50.18266],[8.610725,50.183267],[8.613504,50.183889],[8.61537,50.184199],[8.616603,50.185623],[8.618067,50.186871],[8.61996,50.188252],[8.622916,50.190056],[8.63255,50.195668],[8.635817,50.197431],[8.638575,50.201441],[8.64127,50.20067],[8.644078,50.202002],[8.646249,50.203486],[8.650767,50.206998],[8.653203,50.208646],[8.658186,50.209142],[8.661002,50.208847],[8.662497,50.210075],[8.663606,50.211335],[8.670208,50.216849],[8.681576,50.213278],[8.702483,50.217886],[8.709505,50.2218],[8.711376,50.226257],[8.73107,50.217725],[8.730005,50.20396],[8.707291,50.19239],[8.709956,50.187153],[8.703203,50.181571],[8.722544,50.164181],[8.740515,50.16336],[8.761934,50.173032],[8.76563,50.179232],[8.776794,50.179944],[8.789865,50.176048],[8.800535,50.171319],[8.78967,50.159272],[8.783403,50.15712],[8.780647,50.136734],[8.772907,50.133733],[8.770192,50.129686],[8.780315,50.11535],[8.776238,50.109735],[8.767029,50.108925],[8.748791,50.115382],[8.727294,50.10827],[8.728955,50.105128],[8.743379,50.102861],[8.748728,50.095931],[8.734006,50.085102],[8.717834,50.062406],[8.663606,50.055537],[8.66254,50.055581],[8.653701,50.05569],[8.650082,50.054209],[8.642063,50.053377],[8.637408,50.054093],[8.633519,50.054802],[8.623923,50.05447],[8.621895,50.052167],[8.619356,50.050737],[8.615618,50.048747],[8.613045,50.046691],[8.608114,50.043487],[8.605494,50.039465],[8.597241,50.042442],[8.595227,50.038997],[8.592044,50.031645],[8.591852,50.029824],[8.591651,50.029613],[8.591551,50.029315],[8.591374,50.028862],[8.59124,50.028191],[8.591141,50.027697],[8.59099,50.026596],[8.590907,50.025893],[8.590891,50.024209],[8.590914,50.023634],[8.590928,50.023283],[8.590908,50.023085],[8.591321,50.017692],[8.581015,50.017294],[8.576182,50.015574],[8.5737,50.020266],[8.572516,50.02192],[8.570837,50.024018],[8.569629,50.025546],[8.564427,50.026493],[8.561955,50.025666],[8.552512,50.024956],[8.548651,50.024746],[8.541082,50.024337],[8.538089,50.023355],[8.53182,50.021298],[8.530052,50.021168],[8.518845,50.020569]]]}},{"type":"Feature","properties":{"country":"DE","region":"Offenbach am Main, Stadt","parent":"Hessen"},"geometry":{"type":"Polygon","coordinates":[[[8.825881,50.070529],[8.791617,50.069186],[8.790106,50.063631],[8.782657,50.061883],[8.7772,50.051708],[8.758096,50.047278],[8.751374,50.0537],[8.75907,50.056722],[8.7593,50.056855],[8.759481,50.057048],[8.759597,50.057284],[8.75964,50.057545],[8.759605,50.057807],[8.759495,50.058047],[8.75932,50.058244],[8.759095,50.058384],[8.7493,50.062564],[8.717834,50.062406],[8.734006,50.085102],[8.748728,50.095931],[8.743379,50.102861],[8.728955,50.105128],[8.727294,50.10827],[8.748791,50.115382],[8.767029,50.108925],[8.776238,50.109735],[8.780315,50.11535],[8.770192,50.129686],[8.772907,50.133733],[8.780647,50.136734],[8.817965,50.133509],[8.81757,50.124128],[8.809289,50.119872],[8.814368,50.114048],[8.814979,50.106701],[8.82161,50.100343],[8.820852,50.094523],[8.826988,50.090259],[8.841811,50.086883],[8.840449,50.079574],[8.835645,50.071482],[8.825881,50.070529]]]}},{"type":"Feature","properties":{"country":"DE","region":"Langen (Hessen), Stadt","parent":"Hessen"},"geometry":{"type":"Polygon","coordinates":[[[8.663606,50.007676],[8.689576,49.99818],[8.695029,49.99057],[8.709602,49.987671],[8.719063,49.96208],[8.725708,49.954208],[8.703712,49.950716],[8.697328,49.966131],[8.691018,49.966706],[8.676527,49.974902],[8.663606,49.974188],[8.663365,49.974172],[8.662559,49.974798],[8.661595,49.975538],[8.656298,49.975021],[8.654061,49.974786],[8.648167,49.975969],[8.647604,49.976086],[8.647042,49.976193],[8.646737,49.976854],[8.640895,49.977065],[8.636981,49.977198],[8.634747,49.97709],[8.63444,49.977642],[8.631775,49.982813],[8.641671,49.984814],[8.642986,49.985082],[8.640226,49.991292],[8.63365,49.98988],[8.634448,49.988399],[8.62971,49.987484],[8.628865,49.988379],[8.624377,49.987514],[8.623003,49.989435],[8.625514,49.990169],[8.624096,49.992504],[8.621504,49.99202],[8.62096,49.993073],[8.616393,50.001607],[8.614433,50.005385],[8.612643,50.008416],[8.61112,50.010866],[8.61045,50.012628],[8.610247,50.013156],[8.610012,50.013107],[8.603913,50.011925],[8.603515,50.013161],[8.602176,50.014516],[8.601293,50.015988],[8.613651,50.029394],[8.622595,50.031081],[8.626546,50.028337],[8.635363,50.030075],[8.637349,50.025769],[8.639593,50.020919],[8.64184,50.020614],[8.645155,50.018012],[8.645592,50.017894],[8.648457,50.017148],[8.650022,50.016066],[8.650683,50.015591],[8.652984,50.013874],[8.655151,50.011317],[8.65828,50.00997],[8.663606,50.007676]]]}},{"type":"Feature","properties":{"country":"DE","region":"Mühlheim am Main, Stadt","parent":"Hessen"},"geometry":{"type":"Polygon","coordinates":[[[8.874153,50.095219],[8.865596,50.090502],[8.853116,50.088337],[8.847096,50.077688],[8.840449,50.079574],[8.841811,50.086883],[8.826988,50.090259],[8.820852,50.094523],[8.82161,50.100343],[8.814979,50.106701],[8.814368,50.114048],[8.809289,50.119872],[8.81757,50.124128],[8.817965,50.133509],[8.880133,50.12517],[8.885493,50.124408],[8.885737,50.12121],[8.874153,50.095219]]]}},{"type":"Feature","properties":{"country":"DE","region":"Neu-Isenburg, Stadt","parent":"Hessen"},"geometry":{"type":"Polygon","coordinates":[[[8.601293,50.015988],[8.599699,50.017033],[8.598536,50.017466],[8.597042,50.01787],[8.591321,50.017692],[8.590908,50.023085],[8.590928,50.023283],[8.590914,50.023634],[8.590891,50.024209],[8.590907,50.025893],[8.59099,50.026596],[8.591141,50.027697],[8.59124,50.028191],[8.591374,50.028862],[8.591551,50.029315],[8.591651,50.029613],[8.591852,50.029824],[8.592044,50.031645],[8.595227,50.038997],[8.597241,50.042442],[8.605494,50.039465],[8.608114,50.043487],[8.613045,50.046691],[8.615618,50.048747],[8.619356,50.050737],[8.621895,50.052167],[8.623923,50.05447],[8.633519,50.054802],[8.637408,50.054093],[8.642063,50.053377],[8.650082,50.054209],[8.653701,50.05569],[8.66254,50.055581],[8.663606,50.055537],[8.717834,50.062406],[8.7493,50.062564],[8.759095,50.058384],[8.75932,50.058244],[8.759495,50.058047],[8.759605,50.057807],[8.75964,50.057545],[8.759597,50.057284],[8.759481,50.057048],[8.7593,50.056855],[8.75907,50.056722],[8.751374,50.0537],[8.722704,50.05181],[8.708787,50.04052],[8.68084,50.039945],[8.663606,50.032682],[8.663576,50.032671],[8.655505,50.034103],[8.635363,50.030075],[8.626546,50.028337],[8.622595,50.031081],[8.613651,50.029394],[8.601293,50.015988]]]}},{"type":"Feature","properties":{"country":"DE","region":"Obertshausen, Stadt","parent":"Hessen"},"geometry":{"type":"Polygon","coordinates":[[[8.85762,50.055075],[8.845973,50.054868],[8.840094,50.051725],[8.826527,50.055851],[8.822934,50.066308],[8.825881,50.070529],[8.835645,50.071482],[8.840449,50.079574],[8.847096,50.077688],[8.853116,50.088337],[8.865596,50.090502],[8.874153,50.095219],[8.881237,50.092478],[8.886235,50.079991],[8.908874,50.075288],[8.905312,50.066059],[8.888539,50.065848],[8.883248,50.070923],[8.862194,50.064889],[8.85762,50.055075]]]}},{"type":"Feature","properties":{"country":"DE","region":"Rödermark, Stadt","parent":"Hessen"},"geometry":{"type":"Polygon","coordinates":[[[8.851855,49.959081],[8.83228,49.950707],[8.811994,49.94809],[8.804227,49.953166],[8.781815,49.958731],[8.770807,49.952504],[8.75531,49.949193],[8.751692,49.951307],[8.743198,49.956939],[8.741653,49.957929],[8.74332,49.95887],[8.745791,49.960058],[8.75888,49.960539],[8.761101,49.984488],[8.775261,49.982972],[8.796039,49.988049],[8.811741,50.006554],[8.826631,50.008984],[8.83761,50.003835],[8.839439,49.987353],[8.846298,49.981947],[8.8488,49.970548],[8.852485,49.966383],[8.851855,49.959081]]]}},{"type":"Feature","properties":{"country":"DE","region":"Wiesbaden, Landeshauptstadt","parent":"Hessen"},"geometry":{"type":"Polygon","coordinates":[[[8.288245,49.995134],[8.285588,49.997018],[8.283664,49.998987],[8.278479,50.004394],[8.277557,50.005355],[8.272351,50.010296],[8.269515,50.012286],[8.266885,50.014103],[8.264555,50.015701],[8.254815,50.021559],[8.253233,50.022452],[8.244558,50.027628],[8.243452,50.027957],[8.242602,50.028211],[8.241784,50.028453],[8.236404,50.030131],[8.234707,50.030556],[8.232687,50.031002],[8.229467,50.031424],[8.225378,50.031595],[8.222199,50.031712],[8.218133,50.032027],[8.214531,50.032531],[8.210515,50.033215],[8.205362,50.034129],[8.197524,50.034896],[8.196455,50.034994],[8.192941,50.03518],[8.190039,50.035296],[8.186346,50.035544],[8.180949,50.035206],[8.175136,50.034255],[8.173472,50.036553],[8.171723,50.040111],[8.169576,50.043287],[8.162581,50.050158],[8.159697,50.053093],[8.157473,50.054841],[8.152526,50.056852],[8.148425,50.058977],[8.144023,50.061435],[8.142937,50.06204],[8.140545,50.064389],[8.138486,50.066899],[8.136377,50.067405],[8.135004,50.068295],[8.134372,50.069173],[8.133489,50.070046],[8.132432,50.07078],[8.130387,50.071386],[8.128918,50.071967],[8.125366,50.073901],[8.122736,50.074746],[8.121851,50.074809],[8.118478,50.074577],[8.115438,50.073847],[8.111556,50.073154],[8.111352,50.074707],[8.111505,50.076375],[8.111524,50.07823],[8.111481,50.078517],[8.111223,50.079205],[8.11075,50.079708],[8.11054,50.079974],[8.110376,50.080187],[8.110298,50.080626],[8.110275,50.081076],[8.110388,50.082149],[8.110537,50.083926],[8.112135,50.084215],[8.114839,50.084195],[8.118529,50.084415],[8.121224,50.083828],[8.125113,50.083726],[8.129141,50.082585],[8.129686,50.082029],[8.130466,50.081271],[8.132349,50.081382],[8.132679,50.082046],[8.133746,50.084059],[8.134859,50.085778],[8.138076,50.087721],[8.132214,50.091297],[8.130373,50.092342],[8.127311,50.090886],[8.122776,50.091244],[8.120052,50.090273],[8.117332,50.090535],[8.115169,50.089394],[8.112335,50.093748],[8.117792,50.09515],[8.119441,50.097966],[8.121496,50.098855],[8.128304,50.101787],[8.132003,50.103376],[8.134682,50.105772],[8.141715,50.112659],[8.142496,50.113549],[8.144534,50.11423],[8.145233,50.114262],[8.147522,50.114399],[8.151176,50.116068],[8.151265,50.11625],[8.152741,50.119233],[8.153344,50.119785],[8.159976,50.124395],[8.165558,50.123838],[8.167413,50.124085],[8.170012,50.124456],[8.181749,50.125811],[8.180023,50.124462],[8.181387,50.122347],[8.183084,50.122576],[8.184437,50.122937],[8.186478,50.124384],[8.187822,50.124173],[8.186762,50.123468],[8.186551,50.123271],[8.186413,50.123019],[8.186361,50.122737],[8.186402,50.122452],[8.186531,50.122195],[8.186734,50.121992],[8.186991,50.121864],[8.187275,50.121823],[8.187559,50.121875],[8.191423,50.123245],[8.196201,50.125556],[8.202629,50.127448],[8.206291,50.129856],[8.209554,50.131952],[8.217999,50.133102],[8.219261,50.134505],[8.220274,50.134714],[8.223331,50.13625],[8.228673,50.137666],[8.230025,50.13805],[8.231521,50.138532],[8.23533,50.141013],[8.237143,50.140981],[8.23859,50.141054],[8.241587,50.143471],[8.242368,50.144201],[8.242424,50.145345],[8.242143,50.148225],[8.24503,50.148993],[8.245652,50.148386],[8.249862,50.148307],[8.250263,50.14962],[8.253388,50.149372],[8.254273,50.148699],[8.256017,50.148944],[8.257695,50.149181],[8.259299,50.149584],[8.260708,50.149897],[8.261775,50.150376],[8.262597,50.150628],[8.263725,50.150528],[8.267701,50.150212],[8.268139,50.150177],[8.270087,50.150495],[8.271416,50.150799],[8.271981,50.150955],[8.273119,50.151269],[8.2749,50.151232],[8.276283,50.151616],[8.277662,50.150353],[8.282456,50.150749],[8.283322,50.14725],[8.290612,50.147715],[8.29493,50.148068],[8.295874,50.148491],[8.297015,50.148883],[8.302049,50.149586],[8.304036,50.151538],[8.305876,50.150967],[8.306889,50.149917],[8.310934,50.149303],[8.313308,50.150681],[8.315204,50.151788],[8.317471,50.151534],[8.32178,50.151058],[8.32388,50.149874],[8.327267,50.145731],[8.325463,50.144998],[8.321203,50.1426],[8.316892,50.139641],[8.317482,50.138573],[8.318214,50.137564],[8.322081,50.13785],[8.324228,50.137747],[8.323627,50.135296],[8.324891,50.132731],[8.326594,50.130465],[8.329609,50.130205],[8.330084,50.131296],[8.334273,50.130044],[8.335664,50.129534],[8.336924,50.128229],[8.343932,50.12857],[8.344959,50.13029],[8.345231,50.130773],[8.349138,50.12946],[8.350079,50.128551],[8.348634,50.125247],[8.345705,50.122852],[8.344692,50.122022],[8.344187,50.120825],[8.344326,50.119442],[8.348742,50.11438],[8.34792,50.114162],[8.352027,50.108059],[8.35357,50.10485],[8.355543,50.104107],[8.357002,50.104622],[8.35921,50.105759],[8.360539,50.105832],[8.360932,50.104529],[8.360916,50.104053],[8.361012,50.103578],[8.361685,50.102614],[8.362041,50.102097],[8.362362,50.100746],[8.362419,50.099484],[8.362566,50.098678],[8.362662,50.098203],[8.365044,50.09856],[8.367962,50.099707],[8.370442,50.100539],[8.372849,50.100536],[8.375455,50.102607],[8.38041,50.102285],[8.380123,50.101505],[8.379314,50.099204],[8.377431,50.096937],[8.378862,50.094668],[8.381396,50.093086],[8.379629,50.091613],[8.37967,50.089679],[8.379973,50.088374],[8.381376,50.0868],[8.382489,50.084763],[8.385857,50.08217],[8.385879,50.081378],[8.386065,50.080227],[8.385582,50.078942],[8.384208,50.077063],[8.374945,50.06746],[8.373154,50.067813],[8.371091,50.067125],[8.370278,50.067497],[8.36919,50.068086],[8.368806,50.068389],[8.368396,50.068453],[8.367832,50.068693],[8.367592,50.069057],[8.367238,50.069527],[8.366853,50.069853],[8.36636,50.070129],[8.365876,50.070192],[8.365571,50.070377],[8.365053,50.071414],[8.360991,50.069375],[8.354838,50.06629],[8.356329,50.064859],[8.355444,50.064222],[8.355238,50.064015],[8.355109,50.063754],[8.355071,50.063465],[8.355127,50.06318],[8.355271,50.062927],[8.355489,50.062734],[8.355634,50.062673],[8.35567,50.06265],[8.355695,50.062647],[8.355042,50.062025],[8.360371,50.059274],[8.358597,50.058007],[8.362897,50.054109],[8.359475,50.053127],[8.361482,50.051086],[8.363014,50.05061],[8.365553,50.050857],[8.36608,50.049995],[8.370559,50.050679],[8.370899,50.050884],[8.371152,50.051176],[8.373045,50.051525],[8.374734,50.050389],[8.376446,50.049079],[8.378525,50.047612],[8.380179,50.046357],[8.376466,50.044894],[8.368928,50.041916],[8.367144,50.041183],[8.366914,50.041044],[8.366735,50.040846],[8.366623,50.040603],[8.366587,50.040339],[8.366631,50.040075],[8.36675,50.039836],[8.366935,50.039643],[8.367169,50.039512],[8.367286,50.039466],[8.367541,50.039317],[8.367734,50.039096],[8.367845,50.038824],[8.367863,50.03853],[8.367784,50.038247],[8.367618,50.038004],[8.367382,50.037828],[8.366845,50.037549],[8.366445,50.037443],[8.366141,50.037365],[8.364415,50.036586],[8.363718,50.036249],[8.360226,50.034653],[8.357196,50.033993],[8.35288,50.033021],[8.352249,50.034296],[8.3483,50.032953],[8.336967,50.02886],[8.337409,50.028174],[8.332287,50.026427],[8.333167,50.024674],[8.336266,50.022905],[8.335721,50.021825],[8.335471,50.021477],[8.33519,50.021167],[8.333957,50.019945],[8.33418,50.016889],[8.331539,50.016911],[8.33237,50.011797],[8.332322,50.008976],[8.332213,50.007024],[8.332621,50.005667],[8.331223,50.00263],[8.33064,50.000539],[8.320957,50.001756],[8.31862,50.001949],[8.31707,50.001896],[8.315418,50.001673],[8.312622,50.00062],[8.305042,49.997259],[8.299733,49.995212],[8.297498,49.994629],[8.295288,49.994415],[8.293161,49.994518],[8.288245,49.995134]]]}},{"type":"Feature","properties":{"country":"DE","region":"Erzhausen","parent":"Hessen"},"geometry":{"type":"Polygon","coordinates":[[[8.6745,49.951452],[8.67344,49.949908],[8.671387,49.950357],[8.669601,49.95071],[8.668144,49.948716],[8.666018,49.945963],[8.663606,49.945531],[8.655757,49.944121],[8.654999,49.944571],[8.651526,49.944376],[8.651492,49.945252],[8.649862,49.945391],[8.646113,49.944613],[8.643204,49.944127],[8.640284,49.9439],[8.639624,49.944015],[8.638784,49.944118],[8.637608,49.944225],[8.635788,49.944402],[8.634744,49.94434],[8.633687,49.944278],[8.632817,49.944057],[8.631893,49.943798],[8.631339,49.943699],[8.630826,49.943628],[8.630502,49.943713],[8.630119,49.943859],[8.628959,49.944281],[8.628842,49.942319],[8.627081,49.942173],[8.624652,49.941762],[8.624285,49.94433],[8.62168,49.944603],[8.621675,49.945381],[8.621667,49.946339],[8.61821,49.946993],[8.617591,49.947145],[8.615645,49.947329],[8.615554,49.946796],[8.612254,49.947021],[8.611347,49.948086],[8.612418,49.949912],[8.612138,49.953796],[8.607926,49.954149],[8.604888,49.954404],[8.604415,49.956809],[8.603029,49.956245],[8.601573,49.955663],[8.597929,49.955972],[8.594911,49.956227],[8.594889,49.956776],[8.594918,49.956779],[8.59516,49.956876],[8.595385,49.95707],[8.595534,49.957326],[8.595591,49.957618],[8.59555,49.957912],[8.595415,49.958176],[8.595347,49.958243],[8.595179,49.958466],[8.595087,49.958727],[8.595079,49.959005],[8.595157,49.959271],[8.595312,49.959501],[8.595531,49.959673],[8.595791,49.959769],[8.596069,49.959782],[8.602021,49.959118],[8.602539,49.961151],[8.603419,49.961841],[8.602551,49.965048],[8.605505,49.965096],[8.618795,49.965309],[8.620114,49.965484],[8.622,49.964354],[8.624219,49.964345],[8.624988,49.963962],[8.627518,49.963481],[8.627932,49.964289],[8.628371,49.964749],[8.62894,49.96493],[8.630066,49.965026],[8.630627,49.964753],[8.630905,49.964453],[8.631191,49.963943],[8.631299,49.963431],[8.63155,49.963054],[8.632214,49.962551],[8.633924,49.961643],[8.638384,49.959997],[8.641389,49.958777],[8.643361,49.957818],[8.644017,49.957657],[8.644668,49.957629],[8.645258,49.957639],[8.645735,49.957532],[8.646243,49.957369],[8.646548,49.957107],[8.647095,49.956735],[8.647609,49.95642],[8.648118,49.956238],[8.648625,49.956112],[8.64917,49.955958],[8.650035,49.955372],[8.650813,49.954728],[8.65122,49.95461],[8.651843,49.95443],[8.652826,49.954217],[8.657452,49.952549],[8.658664,49.95214],[8.659863,49.952045],[8.661107,49.951951],[8.661864,49.951849],[8.662615,49.95189],[8.663532,49.952219],[8.663606,49.952236],[8.668802,49.952863],[8.6745,49.951452]]]}},{"type":"Feature","properties":{"country":"DE","region":"Weiterstadt, Stadt","parent":"Hessen"},"geometry":{"type":"Polygon","coordinates":[[[8.59933,49.882141],[8.594539,49.880756],[8.587623,49.881288],[8.587229,49.882399],[8.582537,49.88239],[8.580638,49.882459],[8.577331,49.882204],[8.577387,49.883263],[8.57339,49.882967],[8.568355,49.882466],[8.564661,49.882538],[8.565825,49.887735],[8.563825,49.888227],[8.562381,49.888583],[8.561816,49.895593],[8.560042,49.895698],[8.559878,49.89748],[8.559796,49.89969],[8.554452,49.899869],[8.555404,49.904471],[8.555395,49.905895],[8.5509,49.905818],[8.550796,49.907456],[8.550551,49.910035],[8.550332,49.913001],[8.550306,49.920665],[8.552749,49.920675],[8.557019,49.92247],[8.559119,49.92253],[8.562078,49.922319],[8.563084,49.921169],[8.564475,49.921431],[8.570852,49.922495],[8.570265,49.929921],[8.569933,49.934116],[8.5691,49.93403],[8.566504,49.933743],[8.566432,49.935164],[8.566334,49.937232],[8.566044,49.942646],[8.566075,49.942907],[8.578826,49.943501],[8.57968,49.944451],[8.584302,49.944655],[8.584309,49.945852],[8.58261,49.946841],[8.582908,49.948079],[8.583642,49.949092],[8.583188,49.94937],[8.582688,49.949704],[8.581346,49.952561],[8.584031,49.952733],[8.582671,49.955671],[8.589952,49.955694],[8.604888,49.954404],[8.607926,49.954149],[8.612138,49.953796],[8.612418,49.949912],[8.611347,49.948086],[8.612254,49.947021],[8.615554,49.946796],[8.615645,49.947329],[8.617591,49.947145],[8.61821,49.946993],[8.621667,49.946339],[8.621675,49.945381],[8.62168,49.944603],[8.624285,49.94433],[8.624652,49.941762],[8.627081,49.942173],[8.627266,49.938773],[8.630567,49.939223],[8.630789,49.937138],[8.632017,49.937096],[8.633533,49.937192],[8.63343,49.936264],[8.632961,49.93543],[8.63274,49.935037],[8.63234,49.934748],[8.630606,49.933625],[8.630284,49.932594],[8.628737,49.932578],[8.623974,49.932454],[8.623868,49.930536],[8.62408,49.92765],[8.624176,49.926284],[8.627264,49.92539],[8.626532,49.923803],[8.625821,49.921275],[8.625407,49.9198],[8.625121,49.918375],[8.625628,49.916741],[8.620916,49.916158],[8.618928,49.915883],[8.618956,49.913418],[8.619645,49.912565],[8.625108,49.913627],[8.625495,49.911942],[8.626221,49.911398],[8.628122,49.910995],[8.630955,49.910276],[8.629705,49.908],[8.628085,49.90643],[8.627015,49.902751],[8.630769,49.901526],[8.632705,49.899425],[8.629594,49.89599],[8.626431,49.894703],[8.623806,49.896982],[8.62229,49.892956],[8.621948,49.892039],[8.61882,49.890656],[8.616461,49.889887],[8.617192,49.887036],[8.610121,49.885967],[8.605589,49.884351],[8.605475,49.883962],[8.604783,49.882664],[8.59933,49.882141]]]}},{"type":"Feature","properties":{"country":"DE","region":"Büttelborn","parent":"Hessen"},"geometry":{"type":"Polygon","coordinates":[[[8.550519,49.949167],[8.574142,49.950408],[8.575807,49.947485],[8.576294,49.94624],[8.577065,49.944527],[8.578826,49.943501],[8.566075,49.942907],[8.566044,49.942646],[8.566334,49.937232],[8.566432,49.935164],[8.566504,49.933743],[8.5691,49.93403],[8.569933,49.934116],[8.570265,49.929921],[8.570852,49.922495],[8.564475,49.921431],[8.563084,49.921169],[8.562078,49.922319],[8.559119,49.92253],[8.557019,49.92247],[8.552749,49.920675],[8.550306,49.920665],[8.550332,49.913001],[8.550551,49.910035],[8.550796,49.907456],[8.5509,49.905818],[8.555395,49.905895],[8.555404,49.904471],[8.554452,49.899869],[8.559796,49.89969],[8.559878,49.89748],[8.560042,49.895698],[8.561816,49.895593],[8.562381,49.888583],[8.563825,49.888227],[8.565825,49.887735],[8.564661,49.882538],[8.56154,49.882548],[8.556695,49.882436],[8.552844,49.881985],[8.553256,49.879422],[8.551148,49.879072],[8.545531,49.878004],[8.542544,49.877524],[8.540837,49.877095],[8.538875,49.876432],[8.537573,49.875838],[8.536706,49.875394],[8.535151,49.874539],[8.533931,49.874089],[8.532359,49.873605],[8.530605,49.87326],[8.52884,49.873173],[8.527073,49.873142],[8.525943,49.873045],[8.523884,49.872581],[8.523562,49.872509],[8.523161,49.87244],[8.522759,49.872518],[8.522531,49.872686],[8.522281,49.873544],[8.52216,49.874314],[8.521722,49.875278],[8.520994,49.87578],[8.518464,49.877079],[8.517822,49.87761],[8.517357,49.878174],[8.516934,49.878766],[8.516492,49.879816],[8.516153,49.880524],[8.515842,49.881334],[8.515676,49.881602],[8.515384,49.881712],[8.514831,49.881716],[8.513174,49.881687],[8.51209,49.881683],[8.510935,49.88182],[8.508006,49.882597],[8.507355,49.882814],[8.504954,49.884404],[8.504218,49.885022],[8.501176,49.88935],[8.500955,49.889874],[8.500894,49.890273],[8.500921,49.891192],[8.498612,49.891848],[8.49824,49.891955],[8.497994,49.892069],[8.497793,49.892249],[8.497656,49.892482],[8.497593,49.892744],[8.497611,49.893013],[8.497709,49.893265],[8.497877,49.893476],[8.498101,49.893629],[8.499118,49.894114],[8.499925,49.894914],[8.499199,49.895344],[8.498739,49.895751],[8.498379,49.89643],[8.498332,49.896437],[8.498093,49.896551],[8.497886,49.896749],[8.497752,49.897002],[8.497705,49.897284],[8.497749,49.897567],[8.49788,49.897821],[8.498085,49.898022],[8.498343,49.898148],[8.498525,49.898204],[8.499151,49.898573],[8.500208,49.899749],[8.500698,49.9002],[8.500646,49.901414],[8.500345,49.902794],[8.500059,49.903289],[8.499508,49.903765],[8.497952,49.904981],[8.501599,49.906481],[8.501965,49.906629],[8.501035,49.907349],[8.497625,49.909575],[8.49869,49.910358],[8.501113,49.912139],[8.498371,49.915673],[8.499799,49.915869],[8.499523,49.922083],[8.500667,49.923057],[8.502188,49.922679],[8.504118,49.924846],[8.504592,49.924845],[8.50628,49.924839],[8.507588,49.924898],[8.508882,49.924956],[8.509606,49.924969],[8.510804,49.92499],[8.512246,49.930163],[8.514507,49.930788],[8.51572,49.931115],[8.516754,49.931403],[8.520693,49.931237],[8.52817,49.939391],[8.528907,49.943602],[8.532087,49.944389],[8.533522,49.944486],[8.535343,49.945065],[8.535952,49.944903],[8.537102,49.945094],[8.538021,49.944776],[8.539284,49.945465],[8.540009,49.946287],[8.540889,49.94659],[8.542352,49.946633],[8.543706,49.946493],[8.55084,49.946778],[8.550519,49.949167]]]}},{"type":"Feature","properties":{"country":"DE","region":"Bad Vilbel, Stadt","parent":"Hessen"},"geometry":{"type":"Polygon","coordinates":[[[8.789865,50.176048],[8.776794,50.179944],[8.76563,50.179232],[8.761934,50.173032],[8.740515,50.16336],[8.722544,50.164181],[8.703203,50.181571],[8.709956,50.187153],[8.707291,50.19239],[8.730005,50.20396],[8.73107,50.217725],[8.7494,50.222909],[8.764025,50.220763],[8.781983,50.205291],[8.781067,50.19874],[8.789526,50.1947],[8.793424,50.188015],[8.789865,50.176048]]]}},{"type":"Feature","properties":{"country":"DE","region":"Friedberg (Hessen), Kreisstadt","parent":"Hessen"},"geometry":{"type":"Polygon","coordinates":[[[8.649952,50.324339],[8.654915,50.32612],[8.663606,50.331147],[8.665255,50.3321],[8.670125,50.332347],[8.671915,50.333209],[8.685084,50.338062],[8.692008,50.340282],[8.699462,50.342082],[8.701974,50.344066],[8.714018,50.348754],[8.741108,50.345766],[8.74641,50.34868],[8.752934,50.346323],[8.759264,50.347613],[8.768493,50.342985],[8.778579,50.351797],[8.780499,50.357111],[8.790416,50.359148],[8.794462,50.3638],[8.799396,50.365889],[8.802003,50.358084],[8.817477,50.352234],[8.820659,50.337498],[8.818587,50.330248],[8.817088,50.322878],[8.812883,50.316447],[8.805703,50.312375],[8.799368,50.295864],[8.787914,50.289768],[8.780274,50.29387],[8.77122,50.293657],[8.763356,50.307972],[8.747611,50.310293],[8.741118,50.306385],[8.721124,50.308664],[8.717437,50.313511],[8.673564,50.313416],[8.663606,50.317939],[8.654827,50.316921],[8.652767,50.316374],[8.648176,50.315814],[8.642423,50.315721],[8.639472,50.316321],[8.636333,50.318557],[8.639228,50.323563],[8.642669,50.323041],[8.645668,50.322832],[8.647473,50.323021],[8.649952,50.324339]]]}},{"type":"Feature","properties":{"country":"DE","region":"Karben, Stadt","parent":"Hessen"},"geometry":{"type":"Polygon","coordinates":[[[8.810208,50.237288],[8.805476,50.229844],[8.81165,50.226835],[8.825134,50.20192],[8.813756,50.196317],[8.798942,50.198414],[8.789526,50.1947],[8.781067,50.19874],[8.781983,50.205291],[8.764025,50.220763],[8.7494,50.222909],[8.73107,50.217725],[8.711376,50.226257],[8.710589,50.22894],[8.70037,50.230102],[8.688345,50.236713],[8.696838,50.250313],[8.703222,50.25162],[8.706008,50.255172],[8.732416,50.251468],[8.743749,50.263222],[8.758001,50.262944],[8.765249,50.255738],[8.775769,50.25924],[8.781954,50.267899],[8.797116,50.262968],[8.819048,50.26479],[8.825652,50.261782],[8.817162,50.242537],[8.809503,50.240229],[8.810208,50.237288]]]}},{"type":"Feature","properties":{"country":"DE","region":"Groß-Gerau, Stadt","parent":"Hessen"},"geometry":{"type":"Polygon","coordinates":[[[8.406655,49.877733],[8.404589,49.879738],[8.406225,49.882441],[8.4094,49.884354],[8.414706,49.885657],[8.414827,49.886064],[8.415735,49.888853],[8.41682,49.889215],[8.419072,49.889958],[8.418864,49.890567],[8.415779,49.899934],[8.420125,49.900589],[8.420394,49.901134],[8.420414,49.902209],[8.42225,49.904757],[8.422413,49.906075],[8.424888,49.910783],[8.428447,49.909757],[8.429838,49.909325],[8.431005,49.908946],[8.432301,49.908655],[8.433773,49.908368],[8.435004,49.907999],[8.435298,49.907962],[8.435587,49.908022],[8.435841,49.908172],[8.436032,49.908397],[8.43614,49.908671],[8.436153,49.908965],[8.436071,49.90925],[8.434825,49.911828],[8.434618,49.914651],[8.436125,49.916865],[8.439446,49.918717],[8.440784,49.919038],[8.445863,49.920219],[8.446686,49.921051],[8.446303,49.921377],[8.445485,49.922387],[8.44501,49.92314],[8.444636,49.92411],[8.444304,49.924961],[8.444059,49.925504],[8.443847,49.926143],[8.443857,49.926763],[8.443903,49.927407],[8.443768,49.927976],[8.443525,49.928471],[8.443137,49.928917],[8.441792,49.930199],[8.443885,49.929516],[8.443835,49.929041],[8.446057,49.928843],[8.44983,49.929451],[8.459709,49.929562],[8.462278,49.930604],[8.463278,49.931788],[8.463824,49.933039],[8.464287,49.93309],[8.464789,49.933256],[8.466006,49.934104],[8.466699,49.935869],[8.468787,49.938307],[8.471684,49.946462],[8.474268,49.948871],[8.47575,49.950284],[8.478618,49.951082],[8.479559,49.951585],[8.480179,49.952082],[8.480858,49.952526],[8.481332,49.952849],[8.481803,49.953254],[8.481879,49.953444],[8.481965,49.953707],[8.482621,49.954042],[8.483441,49.954426],[8.48458,49.954887],[8.485391,49.955495],[8.4861,49.955877],[8.486825,49.956205],[8.487658,49.956309],[8.488591,49.956353],[8.489876,49.956312],[8.490935,49.956331],[8.49164,49.956488],[8.492197,49.956839],[8.492981,49.957114],[8.493685,49.957298],[8.494598,49.957485],[8.495484,49.957626],[8.496683,49.957647],[8.497429,49.957823],[8.49776,49.958251],[8.49809,49.958689],[8.49853,49.958841],[8.499283,49.958854],[8.499807,49.958998],[8.500284,49.959268],[8.501182,49.959481],[8.501684,49.959805],[8.50198,49.960071],[8.503025,49.960432],[8.504034,49.960675],[8.504815,49.961003],[8.505653,49.961306],[8.506573,49.961322],[8.507327,49.961308],[8.508179,49.961296],[8.508834,49.961308],[8.509675,49.961547],[8.510195,49.96179],[8.510725,49.9618],[8.511397,49.961748],[8.512425,49.961514],[8.513385,49.961585],[8.513817,49.961934],[8.51434,49.962088],[8.515136,49.962074],[8.515847,49.962087],[8.51647,49.962215],[8.516838,49.962419],[8.516947,49.962475],[8.517643,49.962514],[8.518493,49.962556],[8.519188,49.962604],[8.52022,49.962622],[8.520736,49.962631],[8.522258,49.962594],[8.523409,49.962416],[8.524472,49.962354],[8.525323,49.962368],[8.526384,49.96236],[8.527251,49.962312],[8.527892,49.962323],[8.528987,49.962486],[8.529733,49.962679],[8.530569,49.962711],[8.531231,49.962894],[8.53212,49.962972],[8.532818,49.962984],[8.533543,49.962997],[8.534379,49.963011],[8.534954,49.963273],[8.535419,49.963506],[8.536066,49.963706],[8.536529,49.963984],[8.537015,49.96438],[8.537538,49.964551],[8.538118,49.964696],[8.538678,49.964993],[8.539112,49.965289],[8.54003,49.965358],[8.540777,49.965515],[8.541305,49.965587],[8.542016,49.9656],[8.54255,49.965492],[8.542958,49.965409],[8.54376,49.965252],[8.544001,49.965266],[8.544287,49.965238],[8.544549,49.965122],[8.544761,49.964929],[8.544901,49.964679],[8.544955,49.964398],[8.544918,49.964114],[8.544793,49.963856],[8.544647,49.963706],[8.544597,49.963653],[8.54454,49.963609],[8.545765,49.963324],[8.549075,49.962562],[8.550519,49.949167],[8.55084,49.946778],[8.543706,49.946493],[8.542352,49.946633],[8.540889,49.94659],[8.540009,49.946287],[8.539284,49.945465],[8.538021,49.944776],[8.537102,49.945094],[8.535952,49.944903],[8.535343,49.945065],[8.533522,49.944486],[8.532087,49.944389],[8.528907,49.943602],[8.52817,49.939391],[8.520693,49.931237],[8.516754,49.931403],[8.51572,49.931115],[8.514507,49.930788],[8.512246,49.930163],[8.510804,49.92499],[8.509606,49.924969],[8.508882,49.924956],[8.507588,49.924898],[8.50628,49.924839],[8.504592,49.924845],[8.504118,49.924846],[8.502188,49.922679],[8.500667,49.923057],[8.499523,49.922083],[8.499799,49.915869],[8.498371,49.915673],[8.501113,49.912139],[8.49869,49.910358],[8.497625,49.909575],[8.501035,49.907349],[8.501965,49.906629],[8.501599,49.906481],[8.497952,49.904981],[8.499508,49.903765],[8.500059,49.903289],[8.500345,49.902794],[8.500646,49.901414],[8.500698,49.9002],[8.500208,49.899749],[8.499151,49.898573],[8.498525,49.898204],[8.498343,49.898148],[8.498085,49.898022],[8.49788,49.897821],[8.497749,49.897567],[8.497705,49.897284],[8.497752,49.897002],[8.497886,49.896749],[8.498093,49.896551],[8.498332,49.896437],[8.498379,49.89643],[8.498739,49.895751],[8.499199,49.895344],[8.499925,49.894914],[8.499118,49.894114],[8.498101,49.893629],[8.497877,49.893476],[8.497709,49.893265],[8.497611,49.893013],[8.497593,49.892744],[8.497656,49.892482],[8.497793,49.892249],[8.497994,49.892069],[8.49824,49.891955],[8.498612,49.891848],[8.500921,49.891192],[8.500894,49.890273],[8.500955,49.889874],[8.501176,49.88935],[8.504218,49.885022],[8.504954,49.884404],[8.507355,49.882814],[8.508006,49.882597],[8.510935,49.88182],[8.51209,49.881683],[8.513174,49.881687],[8.514831,49.881716],[8.515384,49.881712],[8.515676,49.881602],[8.515842,49.881334],[8.516153,49.880524],[8.516492,49.879816],[8.516934,49.878766],[8.517357,49.878174],[8.517822,49.87761],[8.518464,49.877079],[8.520994,49.87578],[8.521722,49.875278],[8.52216,49.874314],[8.522281,49.873544],[8.522531,49.872686],[8.521669,49.872157],[8.521178,49.871734],[8.520409,49.871635],[8.517755,49.874303],[8.515381,49.875576],[8.513882,49.87576],[8.511337,49.875811],[8.508697,49.875502],[8.505851,49.873952],[8.503104,49.871809],[8.500246,49.871505],[8.497498,49.872933],[8.49612,49.873057],[8.495578,49.87299],[8.495073,49.872656],[8.49457,49.87236],[8.494319,49.872082],[8.493383,49.87139],[8.49255,49.870346],[8.492088,49.869414],[8.491242,49.867827],[8.490029,49.866196],[8.489399,49.86561],[8.488124,49.865091],[8.486047,49.864379],[8.482464,49.86443],[8.479491,49.865206],[8.473581,49.863324],[8.472707,49.863094],[8.469189,49.867395],[8.466757,49.87048],[8.464449,49.869745],[8.462584,49.86874],[8.458123,49.865303],[8.456499,49.865765],[8.44299,49.869062],[8.441456,49.867874],[8.439219,49.8684],[8.428408,49.865854],[8.427122,49.866945],[8.428307,49.868637],[8.429544,49.869934],[8.429837,49.870237],[8.430257,49.870514],[8.430003,49.871545],[8.428523,49.873867],[8.42457,49.876675],[8.420531,49.876997],[8.420423,49.877256],[8.418195,49.882328],[8.410405,49.879872],[8.406655,49.877733]]]}},{"type":"Feature","properties":{"country":"DE","region":"Kelsterbach, Stadt","parent":"Hessen"},"geometry":{"type":"Polygon","coordinates":[[[8.470251,50.033603],[8.470202,50.033989],[8.47034,50.034676],[8.470551,50.0353],[8.470876,50.035855],[8.471355,50.036413],[8.472067,50.037082],[8.475317,50.039979],[8.477162,50.041142],[8.477788,50.04154],[8.481156,50.043069],[8.485493,50.044552],[8.487358,50.045238],[8.490447,50.046228],[8.494326,50.047376],[8.495781,50.047875],[8.500568,50.049817],[8.502634,50.050546],[8.503976,50.050885],[8.50505,50.051263],[8.506083,50.051747],[8.507448,50.052723],[8.509027,50.054411],[8.50986,50.055542],[8.510464,50.056137],[8.511085,50.05667],[8.511491,50.056983],[8.512212,50.057455],[8.513303,50.058131],[8.514163,50.058605],[8.51623,50.059658],[8.517574,50.060293],[8.518604,50.060743],[8.519606,50.061165],[8.520716,50.061707],[8.522742,50.062759],[8.523671,50.06327],[8.524499,50.063878],[8.525063,50.064428],[8.525681,50.065024],[8.526106,50.065553],[8.526399,50.06626],[8.526553,50.066911],[8.526488,50.068116],[8.526044,50.069469],[8.525391,50.070625],[8.524331,50.072245],[8.523424,50.074313],[8.522651,50.076299],[8.522595,50.077632],[8.522633,50.078799],[8.522973,50.079944],[8.523696,50.081234],[8.524636,50.0825],[8.525797,50.083659],[8.52733,50.082897],[8.527798,50.082665],[8.528327,50.082404],[8.529069,50.082039],[8.530969,50.0811],[8.536946,50.079969],[8.538877,50.079607],[8.541405,50.075978],[8.541525,50.071741],[8.541976,50.070965],[8.543332,50.069639],[8.544504,50.06902],[8.551163,50.069286],[8.552951,50.066608],[8.552261,50.061979],[8.552961,50.061262],[8.553093,50.060112],[8.553057,50.057582],[8.553051,50.056376],[8.554896,50.055013],[8.559301,50.04885],[8.552255,50.047524],[8.548201,50.04651],[8.54113,50.044112],[8.52456,50.037111],[8.518997,50.034639],[8.518982,50.033334],[8.515892,50.032704],[8.518484,50.027538],[8.51588,50.026989],[8.516242,50.026032],[8.496057,50.028596],[8.492452,50.027614],[8.488172,50.026729],[8.48636,50.026713],[8.482896,50.026942],[8.481847,50.027062],[8.481682,50.027559],[8.484046,50.029865],[8.486318,50.03208],[8.485387,50.03256],[8.483403,50.033583],[8.478628,50.035721],[8.476202,50.037107],[8.4748,50.035779],[8.474095,50.035202],[8.473362,50.034351],[8.472582,50.033288],[8.472022,50.033341],[8.471485,50.033391],[8.470974,50.033448],[8.470251,50.033603]]]}},{"type":"Feature","properties":{"country":"DE","region":"Mörfelden-Walldorf, Stadt","parent":"Hessen"},"geometry":{"type":"Polygon","coordinates":[[[8.527892,49.962323],[8.526539,49.968348],[8.510331,49.97019],[8.510494,49.970967],[8.511596,49.975954],[8.510603,49.976018],[8.509557,49.976009],[8.50871,49.975904],[8.508017,49.975784],[8.506941,49.975819],[8.505012,49.976226],[8.506517,49.977493],[8.507141,49.978019],[8.507677,49.97855],[8.506667,49.978885],[8.504034,49.983821],[8.50716,49.983952],[8.508635,49.984701],[8.510618,49.985326],[8.513335,49.985355],[8.515626,49.9857],[8.509965,49.998184],[8.511499,49.997904],[8.516792,49.996524],[8.518162,49.996166],[8.51924,49.994106],[8.520975,49.993261],[8.52519,49.991209],[8.52645,49.990595],[8.527879,49.99215],[8.532349,49.988381],[8.533717,49.989238],[8.536573,49.98988],[8.536842,49.989988],[8.537061,49.990175],[8.53721,49.990422],[8.537273,49.990704],[8.537243,49.990991],[8.537124,49.991253],[8.536927,49.991466],[8.53231,49.995043],[8.534092,49.995908],[8.537721,49.997785],[8.540609,49.998525],[8.541568,49.999447],[8.544292,50.000589],[8.545989,50.001546],[8.548668,50.002984],[8.546288,50.019386],[8.549324,50.019609],[8.548651,50.024746],[8.552512,50.024956],[8.561955,50.025666],[8.564427,50.026493],[8.569629,50.025546],[8.570837,50.024018],[8.572516,50.02192],[8.5737,50.020266],[8.576182,50.015574],[8.581015,50.017294],[8.591321,50.017692],[8.597042,50.01787],[8.598536,50.017466],[8.599699,50.017033],[8.601293,50.015988],[8.602176,50.014516],[8.603515,50.013161],[8.603913,50.011925],[8.604409,50.010359],[8.606972,49.998998],[8.607762,49.996338],[8.609996,49.993399],[8.615065,49.989997],[8.617224,49.987315],[8.618324,49.985965],[8.620043,49.98521],[8.622132,49.984291],[8.625363,49.979169],[8.625833,49.978574],[8.628352,49.975924],[8.629452,49.97209],[8.630229,49.967972],[8.629534,49.967907],[8.629032,49.967898],[8.628627,49.967892],[8.628109,49.967937],[8.627322,49.968086],[8.627011,49.968189],[8.626177,49.968463],[8.625644,49.968536],[8.624948,49.968497],[8.624474,49.968471],[8.623851,49.968344],[8.622949,49.968221],[8.62263,49.96818],[8.622409,49.968131],[8.621614,49.968118],[8.621265,49.968113],[8.620679,49.966708],[8.620114,49.965484],[8.618795,49.965309],[8.605505,49.965096],[8.602551,49.965048],[8.603419,49.961841],[8.602539,49.961151],[8.602021,49.959118],[8.596069,49.959782],[8.595791,49.959769],[8.595531,49.959673],[8.595312,49.959501],[8.595157,49.959271],[8.595079,49.959005],[8.595087,49.958727],[8.595179,49.958466],[8.595347,49.958243],[8.595415,49.958176],[8.59555,49.957912],[8.595591,49.957618],[8.595534,49.957326],[8.595385,49.95707],[8.59516,49.956876],[8.594918,49.956779],[8.594889,49.956776],[8.594911,49.956227],[8.597929,49.955972],[8.601573,49.955663],[8.603029,49.956245],[8.604415,49.956809],[8.604888,49.954404],[8.589952,49.955694],[8.582671,49.955671],[8.584031,49.952733],[8.581346,49.952561],[8.582688,49.949704],[8.583188,49.94937],[8.583642,49.949092],[8.582908,49.948079],[8.58261,49.946841],[8.584309,49.945852],[8.584302,49.944655],[8.57968,49.944451],[8.578826,49.943501],[8.577065,49.944527],[8.576294,49.94624],[8.575807,49.947485],[8.574142,49.950408],[8.550519,49.949167],[8.549075,49.962562],[8.545765,49.963324],[8.54454,49.963609],[8.544597,49.963653],[8.544647,49.963706],[8.544793,49.963856],[8.544918,49.964114],[8.544955,49.964398],[8.544901,49.964679],[8.544761,49.964929],[8.544549,49.965122],[8.544287,49.965238],[8.544001,49.965266],[8.54376,49.965252],[8.542958,49.965409],[8.54255,49.965492],[8.542016,49.9656],[8.541305,49.965587],[8.540777,49.965515],[8.54003,49.965358],[8.539112,49.965289],[8.538678,49.964993],[8.538118,49.964696],[8.537538,49.964551],[8.537015,49.96438],[8.536529,49.963984],[8.536066,49.963706],[8.535419,49.963506],[8.534954,49.963273],[8.534379,49.963011],[8.533543,49.962997],[8.532818,49.962984],[8.53212,49.962972],[8.531231,49.962894],[8.530569,49.962711],[8.529733,49.962679],[8.528987,49.962486],[8.527892,49.962323]]]}},{"type":"Feature","properties":{"country":"DE","region":"Nauheim","parent":"Hessen"},"geometry":{"type":"Polygon","coordinates":[[[8.422617,49.93886],[8.428896,49.94262],[8.428822,49.94783],[8.445201,49.953286],[8.449914,49.955318],[8.451159,49.955452],[8.454258,49.955715],[8.454884,49.955753],[8.455818,49.95577],[8.4565,49.955818],[8.456941,49.955934],[8.459542,49.957096],[8.459978,49.957329],[8.460474,49.957482],[8.460861,49.957561],[8.461584,49.95761],[8.464781,49.957883],[8.465447,49.957967],[8.466053,49.958158],[8.4666,49.958411],[8.467102,49.958753],[8.468189,49.959945],[8.468754,49.960564],[8.469125,49.961039],[8.469885,49.961844],[8.470364,49.962402],[8.47113,49.963073],[8.474125,49.965287],[8.475467,49.965835],[8.47659,49.966355],[8.477534,49.966729],[8.478739,49.967036],[8.479836,49.96727],[8.481342,49.967463],[8.482217,49.967717],[8.484748,49.968119],[8.485658,49.96842],[8.486352,49.968599],[8.487642,49.968646],[8.488887,49.968882],[8.49024,49.969192],[8.491185,49.969542],[8.492164,49.969964],[8.493051,49.970813],[8.494024,49.972259],[8.494659,49.972961],[8.495333,49.973616],[8.495874,49.973911],[8.496572,49.973995],[8.497525,49.974154],[8.498805,49.974463],[8.499908,49.974577],[8.501226,49.974838],[8.502025,49.975162],[8.502608,49.975339],[8.503559,49.975546],[8.504177,49.975771],[8.505012,49.976226],[8.506941,49.975819],[8.508017,49.975784],[8.50871,49.975904],[8.509557,49.976009],[8.510603,49.976018],[8.511596,49.975954],[8.510494,49.970967],[8.510331,49.97019],[8.526539,49.968348],[8.527892,49.962323],[8.527251,49.962312],[8.526384,49.96236],[8.525323,49.962368],[8.524472,49.962354],[8.523409,49.962416],[8.522258,49.962594],[8.520736,49.962631],[8.52022,49.962622],[8.519188,49.962604],[8.518493,49.962556],[8.517643,49.962514],[8.516947,49.962475],[8.516838,49.962419],[8.51647,49.962215],[8.515847,49.962087],[8.515136,49.962074],[8.51434,49.962088],[8.513817,49.961934],[8.513385,49.961585],[8.512425,49.961514],[8.511397,49.961748],[8.510725,49.9618],[8.510195,49.96179],[8.509675,49.961547],[8.508834,49.961308],[8.508179,49.961296],[8.507327,49.961308],[8.506573,49.961322],[8.505653,49.961306],[8.504815,49.961003],[8.504034,49.960675],[8.503025,49.960432],[8.50198,49.960071],[8.501684,49.959805],[8.501182,49.959481],[8.500284,49.959268],[8.499807,49.958998],[8.499283,49.958854],[8.49853,49.958841],[8.49809,49.958689],[8.49776,49.958251],[8.497429,49.957823],[8.496683,49.957647],[8.495484,49.957626],[8.494598,49.957485],[8.493685,49.957298],[8.492981,49.957114],[8.492197,49.956839],[8.49164,49.956488],[8.490935,49.956331],[8.489876,49.956312],[8.488591,49.956353],[8.487658,49.956309],[8.486825,49.956205],[8.4861,49.955877],[8.485391,49.955495],[8.48458,49.954887],[8.483441,49.954426],[8.482621,49.954042],[8.481965,49.953707],[8.481879,49.953444],[8.481803,49.953254],[8.481332,49.952849],[8.480858,49.952526],[8.480179,49.952082],[8.479559,49.951585],[8.478618,49.951082],[8.47575,49.950284],[8.474268,49.948871],[8.471684,49.946462],[8.468787,49.938307],[8.466699,49.935869],[8.466006,49.934104],[8.464789,49.933256],[8.464287,49.93309],[8.463824,49.933039],[8.463278,49.931788],[8.462278,49.930604],[8.459709,49.929562],[8.44983,49.929451],[8.446057,49.928843],[8.443835,49.929041],[8.443885,49.929516],[8.441792,49.930199],[8.441155,49.930403],[8.440566,49.930482],[8.440009,49.930472],[8.439121,49.930366],[8.438268,49.930108],[8.437112,49.930069],[8.435411,49.930722],[8.426074,49.932209],[8.42196,49.938254],[8.422617,49.93886]]]}},{"type":"Feature","properties":{"country":"DE","region":"Raunheim, Stadt","parent":"Hessen"},"geometry":{"type":"Polygon","coordinates":[[[8.425302,50.007575],[8.427439,50.008856],[8.428353,50.009349],[8.428942,50.009621],[8.430026,50.010046],[8.43111,50.010488],[8.433074,50.011262],[8.434492,50.011729],[8.438652,50.01321],[8.45309,50.018994],[8.458275,50.021184],[8.46267,50.023279],[8.464016,50.02414],[8.465438,50.025183],[8.466526,50.026192],[8.467944,50.027981],[8.46957,50.030468],[8.470109,50.03232],[8.470251,50.033603],[8.470974,50.033448],[8.471485,50.033391],[8.472022,50.033341],[8.472582,50.033288],[8.473362,50.034351],[8.474095,50.035202],[8.4748,50.035779],[8.476202,50.037107],[8.478628,50.035721],[8.483403,50.033583],[8.485387,50.03256],[8.486318,50.03208],[8.484046,50.029865],[8.481682,50.027559],[8.481847,50.027062],[8.482896,50.026942],[8.48636,50.026713],[8.488172,50.026729],[8.492452,50.027614],[8.496057,50.028596],[8.516242,50.026032],[8.518845,50.020569],[8.506301,50.019892],[8.501006,50.019365],[8.496501,50.019263],[8.498716,50.014944],[8.493426,50.015065],[8.498802,50.006801],[8.466155,50.001222],[8.465097,49.994755],[8.462907,49.990791],[8.462352,49.990718],[8.459945,49.991207],[8.458717,49.991482],[8.459221,49.995991],[8.456783,50.002599],[8.453858,50.002056],[8.450533,50.001439],[8.448767,50.002551],[8.446879,50.002099],[8.445109,50.001711],[8.443516,50.001813],[8.442308,50.001982],[8.441787,50.002391],[8.44084,50.003015],[8.434311,50.001798],[8.43248,50.004755],[8.431744,50.005762],[8.431052,50.005368],[8.429632,50.006067],[8.425302,50.007575]]]}},{"type":"Feature","properties":{"country":"DE","region":"Niddatal, Stadt","parent":"Hessen"},"geometry":{"type":"Polygon","coordinates":[[[8.781954,50.267899],[8.783736,50.276758],[8.777953,50.281302],[8.787914,50.289768],[8.799368,50.295864],[8.805703,50.312375],[8.812883,50.316447],[8.817088,50.322878],[8.82393,50.32199],[8.825759,50.318553],[8.834202,50.314981],[8.84255,50.316949],[8.854567,50.308485],[8.872537,50.302857],[8.878529,50.29596],[8.889803,50.29505],[8.901017,50.289564],[8.903387,50.28678],[8.904187,50.280591],[8.900849,50.275909],[8.884698,50.272971],[8.866881,50.280553],[8.847615,50.274747],[8.84621,50.269312],[8.855021,50.26426],[8.851534,50.259875],[8.854331,50.249915],[8.845032,50.246617],[8.828685,50.234985],[8.810208,50.237288],[8.809503,50.240229],[8.817162,50.242537],[8.825652,50.261782],[8.819048,50.26479],[8.797116,50.262968],[8.781954,50.267899]]]}},{"type":"Feature","properties":{"country":"DE","region":"Rosbach v. d. Höhe, Stadt","parent":"Hessen"},"geometry":{"type":"Polygon","coordinates":[[[8.663606,50.317939],[8.673564,50.313416],[8.717437,50.313511],[8.721124,50.308664],[8.741118,50.306385],[8.742796,50.304395],[8.729002,50.281447],[8.740809,50.270257],[8.743749,50.263222],[8.732416,50.251468],[8.706008,50.255172],[8.703222,50.25162],[8.696838,50.250313],[8.688345,50.236713],[8.684164,50.238159],[8.689181,50.252752],[8.677406,50.259648],[8.675587,50.263371],[8.663606,50.266308],[8.66322,50.266475],[8.660744,50.267705],[8.659774,50.269469],[8.658978,50.271868],[8.658739,50.272576],[8.658964,50.274019],[8.660031,50.27713],[8.66082,50.27863],[8.659771,50.279603],[8.660717,50.280564],[8.661868,50.281821],[8.662686,50.283358],[8.663606,50.283447],[8.666779,50.283925],[8.668073,50.286818],[8.663606,50.288338],[8.6633,50.288525],[8.66033,50.290222],[8.658596,50.28881],[8.656522,50.289398],[8.655528,50.288616],[8.654792,50.288029],[8.65233,50.285964],[8.65692,50.283554],[8.659295,50.282449],[8.658456,50.281616],[8.657706,50.281046],[8.655892,50.281449],[8.654425,50.281255],[8.651068,50.281623],[8.648047,50.282087],[8.644115,50.28269],[8.63969,50.283429],[8.607023,50.288266],[8.600203,50.289256],[8.592266,50.290399],[8.595845,50.290837],[8.599184,50.290964],[8.601373,50.292071],[8.606039,50.293418],[8.611242,50.29506],[8.616126,50.296599],[8.616747,50.297239],[8.617448,50.297971],[8.617563,50.299313],[8.618942,50.300819],[8.621522,50.303635],[8.625626,50.306091],[8.633218,50.310631],[8.634083,50.313854],[8.636275,50.313469],[8.638435,50.313408],[8.638746,50.314141],[8.639472,50.316321],[8.642423,50.315721],[8.648176,50.315814],[8.652767,50.316374],[8.654827,50.316921],[8.663606,50.317939]]]}},{"type":"Feature","properties":{"country":"DE","region":"Wöllstadt","parent":"Hessen"},"geometry":{"type":"Polygon","coordinates":[[[8.781954,50.267899],[8.775769,50.25924],[8.765249,50.255738],[8.758001,50.262944],[8.743749,50.263222],[8.740809,50.270257],[8.729002,50.281447],[8.742796,50.304395],[8.741118,50.306385],[8.747611,50.310293],[8.763356,50.307972],[8.77122,50.293657],[8.780274,50.29387],[8.787914,50.289768],[8.777953,50.281302],[8.783736,50.276758],[8.781954,50.267899]]]}},{"type":"Feature","properties":{"country":"DE","region":"Rüsselsheim am Main, Stadt","parent":"Hessen"},"geometry":{"type":"Polygon","coordinates":[[[8.356279,49.957793],[8.358535,49.958381],[8.35976,49.958472],[8.361499,49.958436],[8.362922,49.958367],[8.363477,49.960038],[8.364925,49.963913],[8.364044,49.965517],[8.362586,49.968136],[8.369773,49.969877],[8.374624,49.971052],[8.377111,49.971927],[8.377545,49.972183],[8.380402,49.973789],[8.382243,49.974752],[8.386576,49.973111],[8.392472,49.971069],[8.393185,49.971991],[8.395588,49.970937],[8.396537,49.972193],[8.398379,49.971294],[8.400789,49.972233],[8.402477,49.972593],[8.40275,49.9727],[8.402973,49.972888],[8.403124,49.973137],[8.403187,49.973422],[8.403156,49.973712],[8.403032,49.973977],[8.402831,49.974187],[8.402746,49.974233],[8.402748,49.974238],[8.402673,49.974286],[8.402656,49.97429],[8.399921,49.976499],[8.391949,49.977486],[8.390779,49.978688],[8.390324,49.979158],[8.38879,49.98073],[8.387429,49.982136],[8.386478,49.982803],[8.380476,49.985299],[8.375306,49.988918],[8.37203,49.992772],[8.367289,49.996656],[8.365698,49.996541],[8.362145,50.000618],[8.361428,50.001778],[8.362594,50.002024],[8.363439,50.002166],[8.363993,50.002258],[8.364647,50.002324],[8.365205,50.002334],[8.36593,50.002348],[8.369663,50.002265],[8.371092,50.002147],[8.372229,50.002033],[8.373252,50.001936],[8.37411,50.001808],[8.391094,49.99828],[8.395788,49.997286],[8.39711,49.997068],[8.398643,49.996817],[8.402162,49.996512],[8.404951,49.996591],[8.407382,49.996869],[8.409926,49.997429],[8.412158,49.998127],[8.414149,49.99919],[8.416131,50.000486],[8.420945,50.00439],[8.424431,50.007055],[8.425302,50.007575],[8.429632,50.006067],[8.431052,50.005368],[8.431744,50.005762],[8.43248,50.004755],[8.434311,50.001798],[8.44084,50.003015],[8.441787,50.002391],[8.442308,50.001982],[8.443516,50.001813],[8.445109,50.001711],[8.446879,50.002099],[8.448767,50.002551],[8.450533,50.001439],[8.453858,50.002056],[8.456783,50.002599],[8.459221,49.995991],[8.458717,49.991482],[8.459945,49.991207],[8.462352,49.990718],[8.462907,49.990791],[8.465097,49.994755],[8.466155,50.001222],[8.498802,50.006801],[8.493426,50.015065],[8.498716,50.014944],[8.496501,50.019263],[8.501006,50.019365],[8.506301,50.019892],[8.518845,50.020569],[8.530052,50.021168],[8.53182,50.021298],[8.538089,50.023355],[8.541082,50.024337],[8.548651,50.024746],[8.549324,50.019609],[8.546288,50.019386],[8.548668,50.002984],[8.545989,50.001546],[8.544292,50.000589],[8.541568,49.999447],[8.540609,49.998525],[8.537721,49.997785],[8.534092,49.995908],[8.53231,49.995043],[8.536927,49.991466],[8.537124,49.991253],[8.537243,49.990991],[8.537273,49.990704],[8.53721,49.990422],[8.537061,49.990175],[8.536842,49.989988],[8.536573,49.98988],[8.533717,49.989238],[8.532349,49.988381],[8.527879,49.99215],[8.52645,49.990595],[8.52519,49.991209],[8.520975,49.993261],[8.51924,49.994106],[8.518162,49.996166],[8.516792,49.996524],[8.511499,49.997904],[8.509965,49.998184],[8.515626,49.9857],[8.513335,49.985355],[8.510618,49.985326],[8.508635,49.984701],[8.50716,49.983952],[8.504034,49.983821],[8.506667,49.978885],[8.507677,49.97855],[8.507141,49.978019],[8.506517,49.977493],[8.505012,49.976226],[8.504177,49.975771],[8.503559,49.975546],[8.502608,49.975339],[8.502025,49.975162],[8.501226,49.974838],[8.499908,49.974577],[8.498805,49.974463],[8.497525,49.974154],[8.496572,49.973995],[8.495874,49.973911],[8.495333,49.973616],[8.494659,49.972961],[8.494024,49.972259],[8.493051,49.970813],[8.492164,49.969964],[8.491185,49.969542],[8.49024,49.969192],[8.488887,49.968882],[8.487642,49.968646],[8.486352,49.968599],[8.485658,49.96842],[8.484748,49.968119],[8.482217,49.967717],[8.481342,49.967463],[8.479836,49.96727],[8.478739,49.967036],[8.477534,49.966729],[8.47659,49.966355],[8.475467,49.965835],[8.474125,49.965287],[8.47113,49.963073],[8.470364,49.962402],[8.469885,49.961844],[8.469125,49.961039],[8.468754,49.960564],[8.468189,49.959945],[8.467102,49.958753],[8.4666,49.958411],[8.466053,49.958158],[8.465447,49.957967],[8.464781,49.957883],[8.461584,49.95761],[8.460861,49.957561],[8.460474,49.957482],[8.459978,49.957329],[8.459542,49.957096],[8.456941,49.955934],[8.4565,49.955818],[8.455818,49.95577],[8.454884,49.955753],[8.454258,49.955715],[8.451159,49.955452],[8.449914,49.955318],[8.445201,49.953286],[8.428822,49.94783],[8.428896,49.94262],[8.422617,49.93886],[8.416603,49.944348],[8.416314,49.949932],[8.412514,49.949734],[8.411466,49.951401],[8.408957,49.951895],[8.400951,49.953242],[8.397168,49.952605],[8.392912,49.952373],[8.39238,49.95023],[8.387216,49.949667],[8.38679,49.947013],[8.383676,49.947405],[8.383051,49.945358],[8.37948,49.946006],[8.378129,49.946495],[8.376772,49.947127],[8.376218,49.947631],[8.375924,49.947969],[8.375453,49.948512],[8.375391,49.948646],[8.375322,49.948923],[8.375255,49.949489],[8.375187,49.949776],[8.374835,49.950345],[8.374697,49.950488],[8.374222,49.95068],[8.373592,49.950897],[8.372752,49.950853],[8.372051,49.950697],[8.371586,49.950202],[8.371079,49.94965],[8.370398,49.949037],[8.369435,49.94879],[8.368416,49.9488],[8.367475,49.949039],[8.367062,49.949346],[8.366516,49.94965],[8.366255,49.94987],[8.365993,49.950108],[8.365627,49.950488],[8.365438,49.950971],[8.365578,49.951586],[8.365842,49.952221],[8.364887,49.95268],[8.363103,49.956661],[8.356279,49.957793]],[[8.405098,49.972265],[8.405801,49.971106],[8.408075,49.971281],[8.408364,49.971353],[8.408613,49.971514],[8.408795,49.971747],[8.408892,49.972027],[8.408892,49.972323],[8.408796,49.972604],[8.408613,49.972838],[8.408251,49.973171],[8.406042,49.973612],[8.405746,49.973621],[8.405464,49.973534],[8.405225,49.97336],[8.405056,49.973119],[8.404974,49.972835],[8.404989,49.972541],[8.405098,49.972265]]]}},{"type":"Feature","properties":{"country":"DE","region":"Bad Homburg v. d. Höhe, Stadt","parent":"Hessen"},"geometry":{"type":"Polygon","coordinates":[[[8.684164,50.238159],[8.688345,50.236713],[8.70037,50.230102],[8.710589,50.22894],[8.711376,50.226257],[8.709505,50.2218],[8.702483,50.217886],[8.681576,50.213278],[8.670208,50.216849],[8.663606,50.211335],[8.662497,50.210075],[8.661002,50.208847],[8.658186,50.209142],[8.653203,50.208646],[8.650767,50.206998],[8.646249,50.203486],[8.644078,50.202002],[8.64127,50.20067],[8.638575,50.201441],[8.635204,50.201588],[8.626306,50.203558],[8.613051,50.207129],[8.608632,50.208236],[8.602641,50.212466],[8.597939,50.213261],[8.597889,50.21327],[8.597615,50.213365],[8.597386,50.21354],[8.597224,50.21378],[8.597147,50.214058],[8.597162,50.214346],[8.597268,50.214615],[8.597454,50.214837],[8.598512,50.215745],[8.595847,50.216753],[8.596718,50.21873],[8.59584,50.219134],[8.594212,50.219755],[8.592248,50.220579],[8.590951,50.221091],[8.59044,50.221452],[8.589672,50.222394],[8.588809,50.222919],[8.588119,50.22334],[8.589334,50.22436],[8.591313,50.225535],[8.59101,50.226748],[8.592181,50.227631],[8.591752,50.229935],[8.587759,50.230266],[8.583289,50.231769],[8.581484,50.230915],[8.576904,50.231423],[8.574347,50.232164],[8.571893,50.231693],[8.567796,50.234009],[8.564394,50.234089],[8.564958,50.232827],[8.56412,50.231541],[8.56413,50.231538],[8.564136,50.231513],[8.564215,50.231312],[8.564231,50.231031],[8.56416,50.230758],[8.564008,50.230521],[8.56379,50.230343],[8.563612,50.230274],[8.563612,50.23027],[8.563549,50.230246],[8.563483,50.23023],[8.563073,50.229366],[8.561482,50.228707],[8.559699,50.228901],[8.55876,50.228805],[8.556811,50.22909],[8.555154,50.229673],[8.55329,50.229855],[8.551302,50.230512],[8.549114,50.230451],[8.548253,50.230627],[8.547579,50.230759],[8.543806,50.232366],[8.543608,50.232392],[8.543321,50.232384],[8.543051,50.232287],[8.542826,50.232109],[8.542669,50.23187],[8.542595,50.231593],[8.542612,50.231306],[8.542622,50.231279],[8.542653,50.231154],[8.542662,50.231151],[8.54168,50.226561],[8.532855,50.226681],[8.526277,50.228754],[8.51933,50.230794],[8.512232,50.233065],[8.50014,50.236626],[8.4974,50.242645],[8.496146,50.245208],[8.501982,50.247322],[8.503011,50.248459],[8.504914,50.249135],[8.50999,50.252603],[8.513459,50.254238],[8.514712,50.254827],[8.517339,50.25579],[8.519549,50.256315],[8.521928,50.256824],[8.525469,50.257416],[8.529659,50.257605],[8.532692,50.258602],[8.536416,50.260205],[8.541462,50.263451],[8.542788,50.26431],[8.545735,50.265369],[8.548158,50.266202],[8.549112,50.266911],[8.550586,50.267935],[8.55133,50.268263],[8.552958,50.268633],[8.554457,50.269054],[8.556353,50.269743],[8.558671,50.270728],[8.559976,50.271434],[8.56067,50.271994],[8.563029,50.274374],[8.56695,50.274666],[8.568574,50.274432],[8.567296,50.270333],[8.568111,50.269636],[8.571166,50.267059],[8.578061,50.264286],[8.583134,50.262454],[8.593818,50.2604],[8.600265,50.258598],[8.608856,50.256877],[8.610968,50.256372],[8.611643,50.255627],[8.61313,50.254248],[8.61524,50.252743],[8.620707,50.250826],[8.623026,50.249919],[8.622595,50.248664],[8.626722,50.245353],[8.638976,50.236337],[8.638781,50.235648],[8.649118,50.232215],[8.650084,50.232574],[8.654295,50.231984],[8.655342,50.232544],[8.658006,50.231533],[8.66201,50.234809],[8.663606,50.235096],[8.671795,50.240613],[8.684164,50.238159]]]}},{"type":"Feature","properties":{"country":"DE","region":"Friedrichsdorf, Stadt","parent":"Hessen"},"geometry":{"type":"Polygon","coordinates":[[[8.568574,50.274432],[8.573251,50.274447],[8.574716,50.275372],[8.578017,50.276375],[8.580866,50.277966],[8.584555,50.28172],[8.585851,50.282725],[8.587668,50.284274],[8.588082,50.28561],[8.590531,50.289902],[8.591352,50.29042],[8.592266,50.290399],[8.600203,50.289256],[8.607023,50.288266],[8.63969,50.283429],[8.644115,50.28269],[8.648047,50.282087],[8.651068,50.281623],[8.654425,50.281255],[8.655892,50.281449],[8.657706,50.281046],[8.658456,50.281616],[8.659295,50.282449],[8.65692,50.283554],[8.65233,50.285964],[8.654792,50.288029],[8.655528,50.288616],[8.656522,50.289398],[8.658596,50.28881],[8.66033,50.290222],[8.6633,50.288525],[8.663606,50.288338],[8.668073,50.286818],[8.666779,50.283925],[8.663606,50.283447],[8.662686,50.283358],[8.661868,50.281821],[8.660717,50.280564],[8.659771,50.279603],[8.66082,50.27863],[8.660031,50.27713],[8.658964,50.274019],[8.658739,50.272576],[8.658978,50.271868],[8.659774,50.269469],[8.660744,50.267705],[8.66322,50.266475],[8.663606,50.266308],[8.675587,50.263371],[8.677406,50.259648],[8.689181,50.252752],[8.684164,50.238159],[8.671795,50.240613],[8.663606,50.235096],[8.66201,50.234809],[8.658006,50.231533],[8.655342,50.232544],[8.654295,50.231984],[8.650084,50.232574],[8.649118,50.232215],[8.638781,50.235648],[8.638976,50.236337],[8.626722,50.245353],[8.622595,50.248664],[8.623026,50.249919],[8.620707,50.250826],[8.61524,50.252743],[8.61313,50.254248],[8.611643,50.255627],[8.610968,50.256372],[8.608856,50.256877],[8.600265,50.258598],[8.593818,50.2604],[8.583134,50.262454],[8.578061,50.264286],[8.571166,50.267059],[8.568111,50.269636],[8.567296,50.270333],[8.568574,50.274432]]]}},{"type":"Feature","properties":{"country":"DE","region":"Königstein im Taunus, Stadt","parent":"Hessen"},"geometry":{"type":"Polygon","coordinates":[[[8.422739,50.188021],[8.419406,50.19049],[8.415485,50.190707],[8.412214,50.193654],[8.412066,50.195902],[8.412072,50.196684],[8.413683,50.196894],[8.418608,50.198358],[8.421531,50.199541],[8.423408,50.199341],[8.425181,50.200598],[8.432186,50.199579],[8.432848,50.199213],[8.433753,50.198707],[8.436631,50.199605],[8.436182,50.202801],[8.433902,50.204281],[8.436416,50.206748],[8.437505,50.207838],[8.438027,50.209675],[8.450842,50.223667],[8.451879,50.224667],[8.451634,50.227399],[8.459114,50.229965],[8.462019,50.226045],[8.481041,50.224167],[8.479934,50.218152],[8.47955,50.2164],[8.477726,50.216062],[8.476234,50.21456],[8.475414,50.213735],[8.475863,50.213392],[8.476225,50.213128],[8.477081,50.212477],[8.484116,50.210013],[8.484364,50.209879],[8.484557,50.209676],[8.484679,50.209424],[8.484717,50.209146],[8.484667,50.208871],[8.484535,50.208624],[8.484333,50.20843],[8.48408,50.208306],[8.480933,50.207352],[8.478827,50.207709],[8.475974,50.208192],[8.475169,50.20833],[8.474622,50.207349],[8.475232,50.205226],[8.4806,50.202018],[8.48178,50.201309],[8.484342,50.19977],[8.485273,50.19931],[8.488867,50.197564],[8.490051,50.19699],[8.489556,50.196067],[8.489534,50.196063],[8.489512,50.196048],[8.489313,50.195854],[8.489182,50.195608],[8.489133,50.195335],[8.489171,50.195059],[8.48929,50.194808],[8.489482,50.194605],[8.490452,50.193854],[8.489333,50.193477],[8.491074,50.192307],[8.492041,50.19086],[8.492316,50.189905],[8.490788,50.188044],[8.489719,50.187435],[8.485513,50.188108],[8.480508,50.184501],[8.481914,50.182931],[8.483078,50.181166],[8.48307,50.18116],[8.483087,50.181043],[8.483161,50.180791],[8.483304,50.180572],[8.483505,50.180403],[8.483746,50.1803],[8.484007,50.180271],[8.484265,50.180319],[8.484273,50.180321],[8.4843,50.180331],[8.486645,50.180963],[8.486506,50.182248],[8.488192,50.183475],[8.491878,50.183485],[8.492188,50.182853],[8.492354,50.182513],[8.496083,50.180202],[8.497538,50.177284],[8.496696,50.175316],[8.497476,50.174772],[8.498775,50.174894],[8.499739,50.174955],[8.502513,50.173978],[8.503142,50.173459],[8.504895,50.172012],[8.505766,50.171613],[8.506861,50.171236],[8.508517,50.170663],[8.510259,50.169927],[8.511174,50.169655],[8.512811,50.169071],[8.514802,50.168603],[8.513606,50.167807],[8.511608,50.166684],[8.510577,50.166873],[8.509901,50.164944],[8.509516,50.162795],[8.509648,50.161312],[8.509768,50.160468],[8.510143,50.159881],[8.506351,50.159091],[8.506564,50.160191],[8.504756,50.160705],[8.50433,50.159834],[8.502667,50.159732],[8.500135,50.160651],[8.49826,50.162572],[8.495754,50.163518],[8.492429,50.164261],[8.491762,50.16514],[8.490704,50.165626],[8.489621,50.16539],[8.488168,50.166283],[8.486757,50.165678],[8.486066,50.166238],[8.485634,50.166802],[8.485313,50.167368],[8.484919,50.167932],[8.484263,50.168516],[8.483649,50.169005],[8.483325,50.169643],[8.483195,50.170093],[8.482576,50.170701],[8.481368,50.16998],[8.477467,50.171396],[8.476148,50.172426],[8.475597,50.172848],[8.474091,50.17318],[8.472612,50.173506],[8.472224,50.172743],[8.467808,50.172328],[8.466644,50.171107],[8.464688,50.171072],[8.46404,50.168845],[8.465541,50.16816],[8.464727,50.167543],[8.463858,50.165259],[8.46226,50.1656],[8.460407,50.165999],[8.458651,50.167065],[8.459083,50.167775],[8.458226,50.168156],[8.457898,50.169896],[8.455715,50.170154],[8.454955,50.168611],[8.454596,50.167209],[8.454396,50.165999],[8.453577,50.164833],[8.453635,50.163502],[8.452253,50.163711],[8.450107,50.164735],[8.446741,50.167689],[8.445486,50.167874],[8.446322,50.169608],[8.443193,50.169363],[8.443074,50.170486],[8.442162,50.171163],[8.44237,50.172165],[8.442784,50.173298],[8.44194,50.174003],[8.44137,50.17582],[8.440128,50.17667],[8.437938,50.177396],[8.433909,50.179457],[8.432603,50.17919],[8.432064,50.179666],[8.430879,50.180779],[8.430214,50.181253],[8.429906,50.181563],[8.428254,50.183441],[8.427541,50.184031],[8.427265,50.184251],[8.429009,50.185075],[8.428249,50.18579],[8.424609,50.187263],[8.422739,50.188021]]]}},{"type":"Feature","properties":{"country":"DE","region":"Kronberg im Taunus, Stadt","parent":"Hessen"},"geometry":{"type":"MultiPolygon","coordinates":[[[[8.514802,50.168603],[8.512811,50.169071],[8.511174,50.169655],[8.510259,50.169927],[8.508517,50.170663],[8.506861,50.171236],[8.505766,50.171613],[8.504895,50.172012],[8.503142,50.173459],[8.502513,50.173978],[8.499739,50.174955],[8.498775,50.174894],[8.497476,50.174772],[8.496696,50.175316],[8.497538,50.177284],[8.496083,50.180202],[8.492354,50.182513],[8.492188,50.182853],[8.491878,50.183485],[8.488192,50.183475],[8.486506,50.182248],[8.486645,50.180963],[8.4843,50.180331],[8.484273,50.180321],[8.484265,50.180319],[8.484007,50.180271],[8.483746,50.1803],[8.483505,50.180403],[8.483304,50.180572],[8.483161,50.180791],[8.483087,50.181043],[8.48307,50.18116],[8.483078,50.181166],[8.481914,50.182931],[8.480508,50.184501],[8.485513,50.188108],[8.489719,50.187435],[8.490788,50.188044],[8.492316,50.189905],[8.492041,50.19086],[8.491074,50.192307],[8.489333,50.193477],[8.490452,50.193854],[8.489482,50.194605],[8.48929,50.194808],[8.489171,50.195059],[8.489133,50.195335],[8.489182,50.195608],[8.489313,50.195854],[8.489512,50.196048],[8.489534,50.196063],[8.489556,50.196067],[8.490051,50.19699],[8.488867,50.197564],[8.485273,50.19931],[8.484342,50.19977],[8.48178,50.201309],[8.4806,50.202018],[8.475232,50.205226],[8.474622,50.207349],[8.475169,50.20833],[8.475974,50.208192],[8.478827,50.207709],[8.480933,50.207352],[8.48408,50.208306],[8.484333,50.20843],[8.484535,50.208624],[8.484667,50.208871],[8.484717,50.209146],[8.484679,50.209424],[8.484557,50.209676],[8.484364,50.209879],[8.484116,50.210013],[8.477081,50.212477],[8.476225,50.213128],[8.475863,50.213392],[8.475414,50.213735],[8.476234,50.21456],[8.477726,50.216062],[8.47955,50.2164],[8.488089,50.218441],[8.492928,50.215501],[8.497047,50.212972],[8.505133,50.209171],[8.512074,50.20787],[8.512913,50.207578],[8.518079,50.204805],[8.519924,50.203946],[8.523027,50.202506],[8.523926,50.20181],[8.52553,50.202684],[8.531228,50.19821],[8.53465,50.196171],[8.53531,50.19648],[8.536025,50.196816],[8.536975,50.196229],[8.539364,50.194758],[8.540217,50.195151],[8.542348,50.193783],[8.544927,50.192126],[8.544482,50.191344],[8.54418,50.190853],[8.547587,50.187815],[8.548665,50.186497],[8.549727,50.185197],[8.550852,50.185574],[8.551122,50.18562],[8.551393,50.185583],[8.551639,50.185467],[8.55184,50.185282],[8.551976,50.185045],[8.552033,50.184778],[8.552014,50.184563],[8.552012,50.184555],[8.551987,50.184284],[8.552044,50.184018],[8.552179,50.183781],[8.552379,50.183595],[8.557708,50.179977],[8.564438,50.17515],[8.562651,50.173958],[8.564449,50.172828],[8.561593,50.171384],[8.560905,50.171751],[8.560275,50.172082],[8.556588,50.170408],[8.56057,50.166615],[8.558997,50.166012],[8.557399,50.167047],[8.555647,50.166387],[8.553475,50.166053],[8.552213,50.168102],[8.55027,50.170022],[8.548806,50.171545],[8.547945,50.173727],[8.547477,50.17488],[8.544821,50.174708],[8.545133,50.173958],[8.54407,50.173552],[8.543477,50.173326],[8.543648,50.172915],[8.543865,50.172415],[8.542304,50.171875],[8.540709,50.172136],[8.53905,50.170586],[8.537762,50.169889],[8.537214,50.169574],[8.536184,50.170384],[8.535946,50.170518],[8.53568,50.170574],[8.535409,50.170549],[8.535158,50.170443],[8.534951,50.170267],[8.534806,50.170036],[8.534793,50.170007],[8.5348,50.17],[8.533133,50.169315],[8.53467,50.167757],[8.533939,50.167456],[8.536551,50.164639],[8.532578,50.164481],[8.531563,50.165643],[8.529722,50.16778],[8.529222,50.168356],[8.528397,50.167964],[8.528442,50.167218],[8.528517,50.166094],[8.528349,50.166091],[8.527341,50.166074],[8.526552,50.165178],[8.526204,50.164785],[8.525135,50.164209],[8.524135,50.163669],[8.520251,50.165402],[8.519351,50.16581],[8.519545,50.16728],[8.518285,50.167853],[8.516681,50.168338],[8.515749,50.168502],[8.514802,50.168603]]],[[[8.55454,50.186813],[8.554553,50.186818],[8.554186,50.188234],[8.555165,50.188628],[8.556204,50.18825],[8.556553,50.187608],[8.557395,50.185885],[8.557009,50.185716],[8.556413,50.185571],[8.555676,50.185424],[8.555364,50.185395],[8.555087,50.185411],[8.554829,50.18551],[8.554613,50.185683],[8.554461,50.185913],[8.554385,50.186178],[8.554394,50.186454],[8.554487,50.186715],[8.55454,50.186813]]]]}},{"type":"Feature","properties":{"country":"DE","region":"Oberursel (Taunus), Stadt","parent":"Hessen"},"geometry":{"type":"Polygon","coordinates":[[[8.588675,50.168429],[8.588382,50.170567],[8.588116,50.172506],[8.588157,50.173604],[8.586725,50.174012],[8.584632,50.174477],[8.583454,50.1739],[8.582651,50.172858],[8.581241,50.173063],[8.581698,50.173856],[8.578734,50.174419],[8.577149,50.173078],[8.563369,50.180712],[8.561958,50.179896],[8.559329,50.182147],[8.557395,50.185885],[8.556553,50.187608],[8.558919,50.188359],[8.563442,50.192234],[8.558937,50.195092],[8.547587,50.187815],[8.54418,50.190853],[8.544482,50.191344],[8.544927,50.192126],[8.542348,50.193783],[8.540217,50.195151],[8.539364,50.194758],[8.536975,50.196229],[8.536025,50.196816],[8.53531,50.19648],[8.53465,50.196171],[8.531228,50.19821],[8.52553,50.202684],[8.523926,50.20181],[8.523027,50.202506],[8.519924,50.203946],[8.518079,50.204805],[8.512913,50.207578],[8.512074,50.20787],[8.505133,50.209171],[8.497047,50.212972],[8.492928,50.215501],[8.488089,50.218441],[8.47955,50.2164],[8.479934,50.218152],[8.481041,50.224167],[8.462019,50.226045],[8.459114,50.229965],[8.457945,50.231679],[8.45982,50.232459],[8.461049,50.2342],[8.462055,50.234632],[8.460234,50.235515],[8.458656,50.235944],[8.456937,50.235513],[8.455665,50.234743],[8.453397,50.237214],[8.454719,50.237481],[8.470676,50.240717],[8.473603,50.241507],[8.482428,50.243885],[8.496146,50.245208],[8.4974,50.242645],[8.50014,50.236626],[8.512232,50.233065],[8.51933,50.230794],[8.526277,50.228754],[8.532855,50.226681],[8.54168,50.226561],[8.542662,50.231151],[8.542653,50.231154],[8.542622,50.231279],[8.542612,50.231306],[8.542595,50.231593],[8.542669,50.23187],[8.542826,50.232109],[8.543051,50.232287],[8.543321,50.232384],[8.543608,50.232392],[8.543806,50.232366],[8.547579,50.230759],[8.548253,50.230627],[8.549114,50.230451],[8.551302,50.230512],[8.55329,50.229855],[8.555154,50.229673],[8.556811,50.22909],[8.55876,50.228805],[8.559699,50.228901],[8.561482,50.228707],[8.563073,50.229366],[8.563483,50.23023],[8.563549,50.230246],[8.563612,50.23027],[8.563612,50.230274],[8.56379,50.230343],[8.564008,50.230521],[8.56416,50.230758],[8.564231,50.231031],[8.564215,50.231312],[8.564136,50.231513],[8.56413,50.231538],[8.56412,50.231541],[8.564958,50.232827],[8.564394,50.234089],[8.567796,50.234009],[8.571893,50.231693],[8.574347,50.232164],[8.576904,50.231423],[8.581484,50.230915],[8.583289,50.231769],[8.587759,50.230266],[8.591752,50.229935],[8.592181,50.227631],[8.59101,50.226748],[8.591313,50.225535],[8.589334,50.22436],[8.588119,50.22334],[8.588809,50.222919],[8.589672,50.222394],[8.59044,50.221452],[8.590951,50.221091],[8.592248,50.220579],[8.594212,50.219755],[8.59584,50.219134],[8.596718,50.21873],[8.595847,50.216753],[8.598512,50.215745],[8.597454,50.214837],[8.597268,50.214615],[8.597162,50.214346],[8.597147,50.214058],[8.597224,50.21378],[8.597386,50.21354],[8.597615,50.213365],[8.597889,50.21327],[8.597939,50.213261],[8.602641,50.212466],[8.608632,50.208236],[8.613051,50.207129],[8.626306,50.203558],[8.635204,50.201588],[8.638575,50.201441],[8.635817,50.197431],[8.63255,50.195668],[8.622916,50.190056],[8.61996,50.188252],[8.618067,50.186871],[8.616603,50.185623],[8.61537,50.184199],[8.613504,50.183889],[8.610725,50.183267],[8.608311,50.18266],[8.605269,50.181611],[8.603865,50.180976],[8.604421,50.179707],[8.604856,50.178994],[8.605859,50.178093],[8.607017,50.177176],[8.607979,50.176598],[8.608709,50.175863],[8.608022,50.175536],[8.604692,50.173996],[8.602214,50.171498],[8.596722,50.173207],[8.594353,50.17008],[8.591971,50.167296],[8.588675,50.168429]]]}},{"type":"Feature","properties":{"country":"DE","region":"Steinbach (Taunus), Stadt","parent":"Hessen"},"geometry":{"type":"Polygon","coordinates":[[[8.590239,50.159544],[8.590417,50.158451],[8.589535,50.158568],[8.584029,50.160429],[8.58176,50.158593],[8.579804,50.159478],[8.577068,50.157182],[8.575598,50.158183],[8.572488,50.156133],[8.571436,50.155476],[8.567127,50.158751],[8.567417,50.159188],[8.56553,50.160812],[8.564566,50.162452],[8.565678,50.162669],[8.563752,50.164156],[8.56057,50.166615],[8.556588,50.170408],[8.560275,50.172082],[8.560905,50.171751],[8.561593,50.171384],[8.564449,50.172828],[8.562651,50.173958],[8.564438,50.17515],[8.557708,50.179977],[8.552379,50.183595],[8.552179,50.183781],[8.552044,50.184018],[8.551987,50.184284],[8.552012,50.184555],[8.552014,50.184563],[8.552033,50.184778],[8.551976,50.185045],[8.55184,50.185282],[8.551639,50.185467],[8.551393,50.185583],[8.551122,50.18562],[8.550852,50.185574],[8.549727,50.185197],[8.548665,50.186497],[8.547587,50.187815],[8.558937,50.195092],[8.563442,50.192234],[8.558919,50.188359],[8.556553,50.187608],[8.556204,50.18825],[8.555165,50.188628],[8.554186,50.188234],[8.554553,50.186818],[8.55454,50.186813],[8.554487,50.186715],[8.554394,50.186454],[8.554385,50.186178],[8.554461,50.185913],[8.554613,50.185683],[8.554829,50.18551],[8.555087,50.185411],[8.555364,50.185395],[8.555676,50.185424],[8.556413,50.185571],[8.557009,50.185716],[8.557395,50.185885],[8.559329,50.182147],[8.561958,50.179896],[8.563369,50.180712],[8.577149,50.173078],[8.578734,50.174419],[8.581698,50.173856],[8.581241,50.173063],[8.582651,50.172858],[8.583454,50.1739],[8.584632,50.174477],[8.586725,50.174012],[8.588157,50.173604],[8.588116,50.172506],[8.588382,50.170567],[8.588675,50.168429],[8.590239,50.159544]]]}},{"type":"Feature","properties":{"country":"DE","region":"Erkner, Stadt","parent":"Brandenburg"},"geometry":{"type":"Polygon","coordinates":[[[13.760019,52.437349],[13.767671,52.43219],[13.775578,52.431957],[13.78636,52.430772],[13.793895,52.430493],[13.788855,52.421863],[13.790009,52.391489],[13.78572,52.383158],[13.764469,52.391252],[13.745648,52.391382],[13.744077,52.404126],[13.738749,52.407322],[13.73027,52.417392],[13.741032,52.428068],[13.739002,52.433539],[13.750899,52.441212],[13.753935,52.437134],[13.760019,52.437349]]]}},{"type":"Feature","properties":{"country":"DE","region":"Gosen-Neu Zittau","parent":"Brandenburg"},"geometry":{"type":"Polygon","coordinates":[[[13.78572,52.383158],[13.79185,52.375861],[13.790229,52.370737],[13.772067,52.377135],[13.761989,52.367112],[13.755903,52.351811],[13.72913,52.364813],[13.729585,52.367298],[13.739912,52.372133],[13.727688,52.386113],[13.707324,52.388649],[13.699738,52.377883],[13.687005,52.385035],[13.715201,52.398712],[13.731444,52.400403],[13.738749,52.407322],[13.744077,52.404126],[13.745648,52.391382],[13.764469,52.391252],[13.78572,52.383158]]]}},{"type":"Feature","properties":{"country":"DE","region":"Grünheide (Mark)","parent":"Brandenburg"},"geometry":{"type":"Polygon","coordinates":[[[13.953942,52.473726],[13.963669,52.466002],[13.977027,52.466403],[13.983094,52.464362],[13.978741,52.461339],[13.978372,52.454654],[13.985651,52.450505],[13.986541,52.428603],[14.019243,52.411538],[14.01575,52.402415],[14.022716,52.392837],[14.016902,52.385792],[13.994372,52.386505],[13.953225,52.400835],[13.945294,52.397236],[13.954569,52.391027],[13.947804,52.387729],[13.935407,52.387821],[13.931055,52.393302],[13.922413,52.390106],[13.913245,52.399061],[13.906172,52.393813],[13.89505,52.391868],[13.891107,52.383372],[13.881232,52.379558],[13.879554,52.375454],[13.854656,52.36786],[13.838279,52.356684],[13.816577,52.359021],[13.809146,52.363026],[13.807585,52.368378],[13.795271,52.369264],[13.79185,52.375861],[13.78572,52.383158],[13.790009,52.391489],[13.788855,52.421863],[13.793895,52.430493],[13.802953,52.43931],[13.823782,52.4381],[13.851481,52.457166],[13.854803,52.453134],[13.869402,52.453558],[13.87894,52.457723],[13.886586,52.46751],[13.900744,52.473942],[13.915604,52.474991],[13.921508,52.474592],[13.925929,52.474293],[13.927403,52.473164],[13.936215,52.475962],[13.937887,52.474186],[13.943045,52.475978],[13.941291,52.477932],[13.943127,52.478618],[13.944966,52.476639],[13.947762,52.476766],[13.950311,52.476936],[13.951859,52.476004],[13.953942,52.473726]]]}},{"type":"Feature","properties":{"country":"DE","region":"Schöneiche bei Berlin","parent":"Brandenburg"},"geometry":{"type":"Polygon","coordinates":[[[13.740721,52.486507],[13.743219,52.465574],[13.73176,52.463697],[13.720642,52.456576],[13.716492,52.461454],[13.702239,52.467307],[13.705106,52.456973],[13.700227,52.455005],[13.695933,52.46376],[13.683952,52.465946],[13.66698,52.474167],[13.677838,52.493152],[13.68589,52.499042],[13.689749,52.500753],[13.691848,52.502764],[13.710988,52.502678],[13.715399,52.49761],[13.712949,52.493031],[13.740721,52.486507]]]}},{"type":"Feature","properties":{"country":"DE","region":"Spreenhagen","parent":"Brandenburg"},"geometry":{"type":"Polygon","coordinates":[[[13.945494,52.281154],[13.932383,52.279234],[13.92982,52.28924],[13.920304,52.299727],[13.917801,52.307029],[13.903587,52.309755],[13.887463,52.305674],[13.890866,52.300751],[13.887204,52.292842],[13.882272,52.295832],[13.874867,52.292128],[13.854037,52.289989],[13.827593,52.289657],[13.827304,52.289701],[13.827045,52.289835],[13.826843,52.290045],[13.826718,52.290309],[13.826685,52.290598],[13.826747,52.290883],[13.826897,52.291135],[13.83774,52.303941],[13.836596,52.313589],[13.822056,52.312975],[13.808588,52.318994],[13.798121,52.318063],[13.780162,52.322423],[13.752828,52.316386],[13.743704,52.318521],[13.735424,52.323546],[13.743578,52.330026],[13.741178,52.334627],[13.752821,52.344197],[13.755903,52.351811],[13.761989,52.367112],[13.772067,52.377135],[13.790229,52.370737],[13.79185,52.375861],[13.795271,52.369264],[13.807585,52.368378],[13.809146,52.363026],[13.816577,52.359021],[13.838279,52.356684],[13.854656,52.36786],[13.879554,52.375454],[13.881232,52.379558],[13.891107,52.383372],[13.89505,52.391868],[13.906172,52.393813],[13.913245,52.399061],[13.922413,52.390106],[13.931055,52.393302],[13.935407,52.387821],[13.947804,52.387729],[13.958458,52.380822],[13.977122,52.375375],[13.996576,52.373868],[13.997353,52.370439],[13.991207,52.366394],[13.989485,52.351935],[13.999517,52.350744],[14.002833,52.340799],[13.998053,52.304644],[13.988043,52.302883],[13.983347,52.298188],[13.97263,52.300566],[13.966436,52.295564],[13.965087,52.290729],[13.948006,52.288635],[13.945494,52.281154]]]}},{"type":"Feature","properties":{"country":"DE","region":"Berlin, Stadt","parent":"Berlin"},"geometry":{"type":"MultiPolygon","coordinates":[[[[13.760019,52.437349],[13.753935,52.437134],[13.750899,52.441212],[13.739002,52.433539],[13.741032,52.428068],[13.73027,52.417392],[13.738749,52.407322],[13.731444,52.400403],[13.715201,52.398712],[13.687005,52.385035],[13.699738,52.377883],[13.691459,52.36818],[13.681365,52.369084],[13.670785,52.365675],[13.657141,52.350888],[13.651723,52.339457],[13.643278,52.339998],[13.637086,52.346383],[13.638987,52.359851],[13.646952,52.368726],[13.64257,52.371545],[13.642227,52.376825],[13.634026,52.376746],[13.627647,52.381088],[13.604439,52.374206],[13.605633,52.377707],[13.591774,52.393418],[13.565083,52.388447],[13.540551,52.388891],[13.535791,52.390387],[13.535263,52.399594],[13.515895,52.401387],[13.480707,52.396643],[13.469016,52.417933],[13.462837,52.420305],[13.419345,52.409272],[13.426917,52.387213],[13.420985,52.376247],[13.388521,52.377968],[13.386541,52.38791],[13.371944,52.388754],[13.370753,52.393988],[13.346295,52.405818],[13.342512,52.410678],[13.328734,52.406019],[13.311926,52.399185],[13.295442,52.415498],[13.274492,52.405358],[13.249844,52.404965],[13.244453,52.419634],[13.222163,52.419975],[13.192265,52.413897],[13.165615,52.404905],[13.1606,52.399961],[13.171357,52.397763],[13.171522,52.395833],[13.168893,52.394911],[13.165898,52.394275],[13.139542,52.395382],[13.133316,52.398699],[13.125168,52.397192],[13.110437,52.405636],[13.111028,52.412417],[13.095007,52.410298],[13.089061,52.417541],[13.098744,52.424288],[13.108805,52.426793],[13.122015,52.439232],[13.110208,52.450732],[13.111206,52.465383],[13.118265,52.478108],[13.126483,52.481273],[13.153696,52.501821],[13.164962,52.510388],[13.142799,52.51926],[13.118179,52.517801],[13.122864,52.535365],[13.125113,52.543795],[13.128831,52.551381],[13.130711,52.555216],[13.139962,52.552431],[13.145732,52.553865],[13.152867,52.574551],[13.149487,52.58245],[13.133101,52.580181],[13.128837,52.58388],[13.128988,52.587442],[13.146399,52.590727],[13.164263,52.5989],[13.204254,52.587561],[13.216508,52.587981],[13.217621,52.592703],[13.202638,52.606522],[13.220912,52.627343],[13.238331,52.627789],[13.263493,52.627622],[13.263211,52.640046],[13.282103,52.642331],[13.283913,52.660218],[13.310034,52.657376],[13.301484,52.652933],[13.309258,52.64314],[13.304329,52.636167],[13.309245,52.628898],[13.328734,52.625456],[13.33725,52.622919],[13.344614,52.624765],[13.357471,52.623422],[13.373338,52.628454],[13.39854,52.648194],[13.423027,52.636571],[13.432273,52.638138],[13.43488,52.643808],[13.442776,52.6493],[13.459583,52.648422],[13.472096,52.653623],[13.472626,52.656335],[13.461855,52.657942],[13.45212,52.663151],[13.458572,52.668009],[13.466242,52.667908],[13.474736,52.674074],[13.480056,52.674646],[13.477919,52.669227],[13.486618,52.668746],[13.486466,52.66018],[13.489542,52.65623],[13.521702,52.643875],[13.517831,52.631489],[13.506798,52.625074],[13.500218,52.613791],[13.497668,52.605766],[13.508243,52.59292],[13.526386,52.592299],[13.55068,52.586173],[13.567972,52.573971],[13.581871,52.56969],[13.586915,52.555692],[13.586745,52.551381],[13.586639,52.54869],[13.610828,52.544235],[13.630588,52.541393],[13.627468,52.535365],[13.627363,52.535161],[13.628987,52.530775],[13.656896,52.529869],[13.658573,52.525811],[13.632468,52.510525],[13.625549,52.496867],[13.628089,52.492204],[13.615643,52.480997],[13.612743,52.471074],[13.624012,52.468699],[13.626784,52.473191],[13.642213,52.479219],[13.66698,52.474167],[13.683952,52.465946],[13.695933,52.46376],[13.700227,52.455005],[13.705106,52.456973],[13.702239,52.467307],[13.716492,52.461454],[13.720642,52.456576],[13.729074,52.451085],[13.752146,52.447321],[13.760019,52.437349]]],[[[13.126534,52.389264],[13.12779,52.391681],[13.131587,52.391635],[13.134191,52.387553],[13.131046,52.387068],[13.126534,52.389264]]]]}},{"type":"Feature","properties":{"country":"DE","region":"Woltersdorf (Brandenburg)","parent":"Brandenburg"},"geometry":{"type":"Polygon","coordinates":[[[13.720642,52.456576],[13.73176,52.463697],[13.743219,52.465574],[13.772965,52.46622],[13.773012,52.463682],[13.763139,52.457588],[13.765357,52.447202],[13.802817,52.443739],[13.802953,52.43931],[13.793895,52.430493],[13.78636,52.430772],[13.775578,52.431957],[13.767671,52.43219],[13.760019,52.437349],[13.752146,52.447321],[13.729074,52.451085],[13.720642,52.456576]]]}},{"type":"Feature","properties":{"country":"DE","region":"Potsdam, Stadt","parent":"Brandenburg"},"geometry":{"type":"Polygon","coordinates":[[[13.165898,52.394275],[13.152215,52.387833],[13.147517,52.379643],[13.146698,52.362722],[13.138823,52.360786],[13.136857,52.354852],[13.135339,52.351296],[13.128493,52.350837],[13.120029,52.354566],[13.108304,52.355027],[13.102431,52.363469],[13.092505,52.355519],[13.071825,52.354455],[13.054296,52.357497],[13.049715,52.355233],[13.060888,52.34891],[13.055683,52.343946],[13.049323,52.343451],[13.047773,52.345671],[13.045536,52.345601],[13.043088,52.345455],[13.041947,52.342942],[13.031211,52.347452],[13.022351,52.346937],[12.994014,52.365376],[12.983013,52.365407],[12.972638,52.373357],[12.978901,52.379863],[12.981894,52.388542],[12.977332,52.389787],[12.972674,52.386155],[12.963095,52.386096],[12.95134,52.391992],[12.935302,52.391153],[12.937547,52.409682],[12.934775,52.418402],[12.936053,52.426222],[12.939938,52.431878],[12.946889,52.434435],[12.948223,52.443633],[12.940661,52.453883],[12.893531,52.460763],[12.890348,52.46359],[12.891454,52.465617],[12.915484,52.473489],[12.917341,52.481084],[12.932458,52.488016],[12.935857,52.499611],[12.949334,52.504576],[12.991945,52.509473],[12.994449,52.512684],[13.004965,52.513207],[13.021108,52.495913],[13.021258,52.491035],[13.028431,52.482382],[13.039848,52.479705],[13.046319,52.468235],[13.062194,52.461201],[13.094546,52.470156],[13.099035,52.493568],[13.120503,52.491238],[13.138791,52.502011],[13.153696,52.501821],[13.126483,52.481273],[13.118265,52.478108],[13.111206,52.465383],[13.110208,52.450732],[13.122015,52.439232],[13.108805,52.426793],[13.098744,52.424288],[13.089061,52.417541],[13.095007,52.410298],[13.111028,52.412417],[13.110437,52.405636],[13.125168,52.397192],[13.133316,52.398699],[13.139542,52.395382],[13.165898,52.394275]],[[13.126534,52.389264],[13.131046,52.387068],[13.134191,52.387553],[13.131587,52.391635],[13.12779,52.391681],[13.126534,52.389264]]]}},{"type":"Feature","properties":{"country":"DE","region":"Ahrensfelde","parent":"Brandenburg"},"geometry":{"type":"Polygon","coordinates":[[[13.637857,52.627671],[13.658038,52.598656],[13.655304,52.586331],[13.662572,52.581466],[13.671408,52.582071],[13.672341,52.578288],[13.684205,52.576693],[13.685465,52.572962],[13.668374,52.566139],[13.661759,52.563528],[13.653548,52.569557],[13.620811,52.562452],[13.611279,52.551381],[13.610828,52.544235],[13.586639,52.54869],[13.586745,52.551381],[13.586915,52.555692],[13.581871,52.56969],[13.567972,52.573971],[13.55068,52.586173],[13.526386,52.592299],[13.508243,52.59292],[13.497668,52.605766],[13.500218,52.613791],[13.532793,52.619636],[13.572153,52.601545],[13.579677,52.609729],[13.601693,52.620435],[13.603506,52.626854],[13.610009,52.629804],[13.612029,52.641072],[13.585503,52.642213],[13.587824,52.645611],[13.59681,52.647369],[13.611932,52.645412],[13.620564,52.653778],[13.628149,52.648635],[13.630256,52.644633],[13.62778,52.637812],[13.637857,52.627671]]]}},{"type":"Feature","properties":{"country":"DE","region":"Bernau bei Berlin, Stadt","parent":"Brandenburg"},"geometry":{"type":"Polygon","coordinates":[[[13.610562,52.744745],[13.597998,52.730825],[13.613638,52.712721],[13.623952,52.705277],[13.644819,52.703882],[13.646494,52.70012],[13.650023,52.692194],[13.664837,52.694766],[13.668244,52.681498],[13.666149,52.649594],[13.638618,52.645508],[13.646794,52.62953],[13.637857,52.627671],[13.62778,52.637812],[13.630256,52.644633],[13.628149,52.648635],[13.620564,52.653778],[13.611932,52.645412],[13.59681,52.647369],[13.587824,52.645611],[13.585503,52.642213],[13.612029,52.641072],[13.610009,52.629804],[13.603506,52.626854],[13.601693,52.620435],[13.579677,52.609729],[13.573844,52.611775],[13.563359,52.626207],[13.564615,52.649001],[13.55709,52.660189],[13.546861,52.664691],[13.51175,52.667593],[13.505933,52.672202],[13.505161,52.676686],[13.500662,52.678153],[13.497303,52.680189],[13.507365,52.685065],[13.502285,52.70012],[13.48374,52.709108],[13.470803,52.732825],[13.491281,52.743298],[13.505257,52.741376],[13.518141,52.744497],[13.523203,52.738638],[13.525713,52.721655],[13.557673,52.737013],[13.582143,52.735182],[13.583265,52.74286],[13.588488,52.740638],[13.590642,52.744578],[13.600296,52.747982],[13.605236,52.755574],[13.610562,52.744745]],[[13.507074,52.676444],[13.510537,52.673892],[13.515187,52.675298],[13.512749,52.678554],[13.507074,52.676444]]]}},{"type":"Feature","properties":{"country":"DE","region":"Panketal","parent":"Brandenburg"},"geometry":{"type":"MultiPolygon","coordinates":[[[[13.500662,52.678153],[13.505161,52.676686],[13.505933,52.672202],[13.51175,52.667593],[13.546861,52.664691],[13.55709,52.660189],[13.564615,52.649001],[13.563359,52.626207],[13.573844,52.611775],[13.579677,52.609729],[13.572153,52.601545],[13.532793,52.619636],[13.500218,52.613791],[13.506798,52.625074],[13.517831,52.631489],[13.521702,52.643875],[13.489542,52.65623],[13.486466,52.66018],[13.486618,52.668746],[13.477919,52.669227],[13.480056,52.674646],[13.500662,52.678153]]],[[[13.507074,52.676444],[13.512749,52.678554],[13.515187,52.675298],[13.510537,52.673892],[13.507074,52.676444]]]]}},{"type":"Feature","properties":{"country":"DE","region":"Wandlitz","parent":"Brandenburg"},"geometry":{"type":"Polygon","coordinates":[[[13.39854,52.648194],[13.403346,52.650648],[13.404683,52.659592],[13.418318,52.668513],[13.401143,52.674123],[13.40423,52.67974],[13.400269,52.689992],[13.407484,52.698153],[13.4073,52.70012],[13.406525,52.70843],[13.41936,52.710296],[13.417731,52.718863],[13.408942,52.723781],[13.42066,52.733489],[13.408752,52.738514],[13.406663,52.744146],[13.39717,52.743928],[13.413863,52.752334],[13.404806,52.771076],[13.406127,52.779348],[13.429578,52.789858],[13.421964,52.80417],[13.45183,52.805985],[13.468717,52.811669],[13.48027,52.809498],[13.491627,52.812183],[13.498727,52.828181],[13.495979,52.839123],[13.507118,52.838996],[13.51723,52.847289],[13.483811,52.854155],[13.477507,52.859432],[13.47167,52.871295],[13.477244,52.876882],[13.493358,52.873134],[13.507775,52.873483],[13.514826,52.866922],[13.528134,52.873669],[13.539062,52.872493],[13.543457,52.869079],[13.541014,52.865168],[13.54596,52.859965],[13.552621,52.860876],[13.5546,52.849698],[13.541303,52.844076],[13.538328,52.835617],[13.512394,52.833106],[13.511666,52.825779],[13.519207,52.825652],[13.52383,52.819769],[13.515802,52.813219],[13.542262,52.804279],[13.559656,52.812909],[13.572654,52.813746],[13.578714,52.810377],[13.576153,52.805288],[13.56801,52.802199],[13.570947,52.799868],[13.576533,52.803176],[13.581909,52.801156],[13.581209,52.79537],[13.591741,52.78091],[13.588783,52.772031],[13.595526,52.760731],[13.583265,52.74286],[13.582143,52.735182],[13.557673,52.737013],[13.525713,52.721655],[13.523203,52.738638],[13.518141,52.744497],[13.505257,52.741376],[13.491281,52.743298],[13.470803,52.732825],[13.48374,52.709108],[13.502285,52.70012],[13.507365,52.685065],[13.497303,52.680189],[13.500662,52.678153],[13.480056,52.674646],[13.474736,52.674074],[13.466242,52.667908],[13.458572,52.668009],[13.45212,52.663151],[13.461855,52.657942],[13.472626,52.656335],[13.472096,52.653623],[13.459583,52.648422],[13.442776,52.6493],[13.43488,52.643808],[13.432273,52.638138],[13.423027,52.636571],[13.39854,52.648194]]]}},{"type":"Feature","properties":{"country":"DE","region":"Werneuchen, Stadt","parent":"Brandenburg"},"geometry":{"type":"Polygon","coordinates":[[[13.664837,52.694766],[13.669207,52.697587],[13.688419,52.693836],[13.707989,52.696308],[13.723043,52.70012],[13.729423,52.701736],[13.754327,52.713461],[13.762053,52.70012],[13.780877,52.667618],[13.798714,52.673097],[13.806443,52.678937],[13.816615,52.679164],[13.835176,52.691052],[13.849702,52.693559],[13.849358,52.689009],[13.856979,52.684394],[13.851167,52.679702],[13.850687,52.670568],[13.848057,52.659587],[13.838307,52.652249],[13.845615,52.647334],[13.833705,52.637073],[13.832613,52.629791],[13.828679,52.625394],[13.819032,52.62762],[13.781724,52.62327],[13.730008,52.61203],[13.726386,52.602443],[13.713295,52.600628],[13.71675,52.59252],[13.715122,52.588344],[13.700052,52.589787],[13.697493,52.583963],[13.689243,52.579667],[13.679426,52.579036],[13.671408,52.582071],[13.662572,52.581466],[13.655304,52.586331],[13.658038,52.598656],[13.637857,52.627671],[13.646794,52.62953],[13.638618,52.645508],[13.666149,52.649594],[13.668244,52.681498],[13.664837,52.694766]]]}},{"type":"Feature","properties":{"country":"DE","region":"Bestensee","parent":"Brandenburg"},"geometry":{"type":"Polygon","coordinates":[[[13.621548,52.199335],[13.607117,52.218949],[13.598104,52.225277],[13.589646,52.251673],[13.612809,52.260201],[13.637668,52.260319],[13.639635,52.255673],[13.654631,52.254068],[13.671127,52.258969],[13.675199,52.245256],[13.686266,52.240145],[13.695115,52.225152],[13.709818,52.221372],[13.706612,52.216977],[13.691363,52.215776],[13.677306,52.209857],[13.677351,52.205223],[13.671817,52.196816],[13.649984,52.201707],[13.643966,52.195426],[13.633419,52.200663],[13.629855,52.198332],[13.621548,52.199335]],[[13.602737,52.2502],[13.607204,52.250279],[13.608898,52.253165],[13.608028,52.255955],[13.606118,52.255356],[13.602737,52.2502]]]}},{"type":"Feature","properties":{"country":"DE","region":"Kleinmachnow","parent":"Berlin"},"geometry":{"type":"Polygon","coordinates":[[[13.249844,52.404965],[13.235946,52.400885],[13.236616,52.394818],[13.223051,52.393392],[13.186073,52.399009],[13.171357,52.397763],[13.1606,52.399961],[13.165615,52.404905],[13.192265,52.413897],[13.222163,52.419975],[13.244453,52.419634],[13.249844,52.404965]]]}},{"type":"Feature","properties":{"country":"DE","region":"Michendorf","parent":"Brandenburg"},"geometry":{"type":"Polygon","coordinates":[[[13.060888,52.34891],[13.079467,52.342172],[13.082944,52.338766],[13.082135,52.334929],[13.088915,52.331318],[13.094448,52.323768],[13.104304,52.320128],[13.096049,52.313702],[13.090736,52.301629],[13.110808,52.290167],[13.110102,52.287063],[13.101761,52.282562],[13.112465,52.268818],[13.113194,52.254932],[13.110255,52.247917],[13.106406,52.243485],[13.111566,52.237745],[13.112319,52.232413],[13.101508,52.225393],[13.074241,52.227378],[13.069658,52.242148],[13.045909,52.241098],[13.044203,52.254955],[13.05474,52.258129],[13.063934,52.265864],[13.053131,52.277506],[13.023686,52.277394],[13.016191,52.289578],[13.004289,52.295798],[13.002558,52.300199],[12.994427,52.299536],[12.977626,52.305759],[12.969108,52.310134],[12.974206,52.317253],[12.988348,52.315856],[13.012861,52.338473],[13.022351,52.346937],[13.031211,52.347452],[13.041947,52.342942],[13.043088,52.345455],[13.045536,52.345601],[13.047773,52.345671],[13.049323,52.343451],[13.055683,52.343946],[13.060888,52.34891]]]}},{"type":"Feature","properties":{"country":"DE","region":"Eichwalde","parent":"Brandenburg"},"geometry":{"type":"Polygon","coordinates":[[[13.613491,52.364586],[13.604439,52.374206],[13.627647,52.381088],[13.634026,52.376746],[13.642227,52.376825],[13.64257,52.371545],[13.646952,52.368726],[13.630293,52.369643],[13.62494,52.366021],[13.613491,52.364586]]]}},{"type":"Feature","properties":{"country":"DE","region":"Heidesee","parent":"Brandenburg"},"geometry":{"type":"Polygon","coordinates":[[[13.835033,52.18537],[13.829621,52.182237],[13.81534,52.189331],[13.77754,52.192294],[13.774112,52.188648],[13.779994,52.182533],[13.779509,52.180406],[13.715092,52.192959],[13.719496,52.19827],[13.714837,52.200882],[13.708571,52.199502],[13.701482,52.19108],[13.702837,52.186073],[13.700357,52.184612],[13.689216,52.185592],[13.671817,52.196816],[13.677351,52.205223],[13.677306,52.209857],[13.691363,52.215776],[13.706612,52.216977],[13.709818,52.221372],[13.695115,52.225152],[13.686266,52.240145],[13.675199,52.245256],[13.671127,52.258969],[13.670386,52.265984],[13.697305,52.266664],[13.706376,52.276137],[13.717328,52.281881],[13.73863,52.281716],[13.739924,52.293732],[13.752322,52.305812],[13.751272,52.308752],[13.740042,52.311416],[13.740592,52.317604],[13.743704,52.318521],[13.752828,52.316386],[13.780162,52.322423],[13.798121,52.318063],[13.808588,52.318994],[13.822056,52.312975],[13.836596,52.313589],[13.83774,52.303941],[13.826897,52.291135],[13.826747,52.290883],[13.826685,52.290598],[13.826718,52.290309],[13.826843,52.290045],[13.827045,52.289835],[13.827304,52.289701],[13.827593,52.289657],[13.854037,52.289989],[13.853793,52.284456],[13.860066,52.276773],[13.852582,52.270936],[13.856014,52.263202],[13.840005,52.261533],[13.835357,52.249872],[13.825204,52.240828],[13.829389,52.233129],[13.851908,52.223649],[13.8423,52.215396],[13.851742,52.200813],[13.835033,52.18537]],[[13.776447,52.202141],[13.773238,52.198978],[13.773065,52.198739],[13.772979,52.198458],[13.772988,52.198165],[13.773091,52.19789],[13.773278,52.197663],[13.773528,52.197508],[13.773815,52.197442],[13.777293,52.197235],[13.780092,52.201471],[13.776447,52.202141]],[[13.768303,52.188402],[13.773382,52.183699],[13.776188,52.183593],[13.773363,52.188307],[13.773401,52.195225],[13.770444,52.193833],[13.768303,52.188402]]]}},{"type":"Feature","properties":{"country":"DE","region":"Königs Wusterhausen, Stadt","parent":"Brandenburg"},"geometry":{"type":"Polygon","coordinates":[[[13.605086,52.31056],[13.641522,52.306933],[13.645097,52.315666],[13.642163,52.332576],[13.651434,52.336111],[13.651723,52.339457],[13.657141,52.350888],[13.670785,52.365675],[13.681365,52.369084],[13.691459,52.36818],[13.699738,52.377883],[13.707324,52.388649],[13.727688,52.386113],[13.739912,52.372133],[13.729585,52.367298],[13.72913,52.364813],[13.755903,52.351811],[13.752821,52.344197],[13.741178,52.334627],[13.743578,52.330026],[13.735424,52.323546],[13.743704,52.318521],[13.740592,52.317604],[13.740042,52.311416],[13.751272,52.308752],[13.752322,52.305812],[13.739924,52.293732],[13.73863,52.281716],[13.717328,52.281881],[13.706376,52.276137],[13.697305,52.266664],[13.670386,52.265984],[13.671127,52.258969],[13.654631,52.254068],[13.639635,52.255673],[13.637668,52.260319],[13.612809,52.260201],[13.608185,52.266288],[13.614719,52.281669],[13.60624,52.280932],[13.598378,52.289571],[13.57854,52.28518],[13.571643,52.294348],[13.569227,52.303045],[13.575045,52.307008],[13.578532,52.318173],[13.60075,52.310511],[13.603168,52.310538],[13.605086,52.31056]]]}},{"type":"Feature","properties":{"country":"DE","region":"Nuthetal","parent":"Brandenburg"},"geometry":{"type":"Polygon","coordinates":[[[13.060888,52.34891],[13.049715,52.355233],[13.054296,52.357497],[13.071825,52.354455],[13.092505,52.355519],[13.102431,52.363469],[13.108304,52.355027],[13.120029,52.354566],[13.128493,52.350837],[13.135339,52.351296],[13.136857,52.354852],[13.167611,52.346421],[13.16477,52.338473],[13.16718,52.333682],[13.174429,52.330306],[13.170832,52.325366],[13.171748,52.31918],[13.164799,52.316689],[13.162484,52.311501],[13.174804,52.302698],[13.173007,52.299072],[13.140229,52.296096],[13.142665,52.290864],[13.149865,52.288961],[13.162094,52.277491],[13.153694,52.269153],[13.138805,52.262991],[13.125949,52.256525],[13.118176,52.256462],[13.110255,52.247917],[13.113194,52.254932],[13.112465,52.268818],[13.101761,52.282562],[13.110102,52.287063],[13.110808,52.290167],[13.090736,52.301629],[13.096049,52.313702],[13.104304,52.320128],[13.094448,52.323768],[13.088915,52.331318],[13.082135,52.334929],[13.082944,52.338766],[13.079467,52.342172],[13.060888,52.34891]]]}},{"type":"Feature","properties":{"country":"DE","region":"Stahnsdorf","parent":"Brandenburg"},"geometry":{"type":"Polygon","coordinates":[[[13.251396,52.331509],[13.222873,52.324153],[13.197233,52.328613],[13.171748,52.31918],[13.170832,52.325366],[13.174429,52.330306],[13.16718,52.333682],[13.16477,52.338473],[13.167611,52.346421],[13.136857,52.354852],[13.138823,52.360786],[13.146698,52.362722],[13.147517,52.379643],[13.152215,52.387833],[13.165898,52.394275],[13.168893,52.394911],[13.171522,52.395833],[13.171357,52.397763],[13.186073,52.399009],[13.223051,52.393392],[13.236616,52.394818],[13.243711,52.390707],[13.251375,52.375008],[13.246801,52.368367],[13.251375,52.350157],[13.252059,52.338473],[13.249286,52.337849],[13.250066,52.33451],[13.251396,52.331509]]]}},{"type":"Feature","properties":{"country":"DE","region":"Teltow, Stadt","parent":"Brandenburg"},"geometry":{"type":"Polygon","coordinates":[[[13.251375,52.350157],[13.246801,52.368367],[13.251375,52.375008],[13.243711,52.390707],[13.236616,52.394818],[13.235946,52.400885],[13.249844,52.404965],[13.274492,52.405358],[13.295442,52.415498],[13.311926,52.399185],[13.30685,52.38319],[13.295359,52.379666],[13.287421,52.366113],[13.273474,52.355321],[13.251375,52.350157]]]}},{"type":"Feature","properties":{"country":"DE","region":"Mittenwalde, Stadt","parent":"Brandenburg"},"geometry":{"type":"MultiPolygon","coordinates":[[[[13.451258,52.255992],[13.457166,52.259644],[13.488502,52.261154],[13.507822,52.266849],[13.506624,52.281473],[13.484013,52.286924],[13.486861,52.297066],[13.495375,52.299025],[13.497064,52.305949],[13.483087,52.32229],[13.495174,52.330864],[13.511,52.328055],[13.531513,52.325794],[13.529468,52.32173],[13.528244,52.316493],[13.533863,52.316827],[13.546521,52.316673],[13.551433,52.316634],[13.555446,52.316624],[13.564936,52.316998],[13.578532,52.318173],[13.575045,52.307008],[13.569227,52.303045],[13.571643,52.294348],[13.57854,52.28518],[13.598378,52.289571],[13.60624,52.280932],[13.614719,52.281669],[13.608185,52.266288],[13.612809,52.260201],[13.589646,52.251673],[13.598104,52.225277],[13.607117,52.218949],[13.621548,52.199335],[13.62265,52.195369],[13.618867,52.189501],[13.595092,52.185459],[13.596327,52.174115],[13.600998,52.170102],[13.597464,52.163519],[13.589257,52.157287],[13.584908,52.148083],[13.566423,52.143319],[13.556868,52.148011],[13.551588,52.148617],[13.548195,52.156033],[13.54492,52.17237],[13.549641,52.180942],[13.545142,52.185874],[13.546038,52.191858],[13.579335,52.19513],[13.581202,52.198063],[13.575342,52.210571],[13.565023,52.218345],[13.555236,52.232046],[13.542537,52.237003],[13.544448,52.24196],[13.54056,52.243565],[13.535648,52.241311],[13.503603,52.240946],[13.491791,52.233772],[13.473473,52.233077],[13.472716,52.236968],[13.460379,52.241071],[13.457214,52.253181],[13.451258,52.255992]]],[[[13.602737,52.2502],[13.606118,52.255356],[13.608028,52.255955],[13.608898,52.253165],[13.607204,52.250279],[13.602737,52.2502]]]]}},{"type":"Feature","properties":{"country":"DE","region":"Schönefeld","parent":"Brandenburg"},"geometry":{"type":"Polygon","coordinates":[[[13.562805,52.349688],[13.561442,52.348099],[13.559933,52.346341],[13.588314,52.32085],[13.60075,52.310511],[13.578532,52.318173],[13.564936,52.316998],[13.555446,52.316624],[13.551433,52.316634],[13.546521,52.316673],[13.533863,52.316827],[13.528244,52.316493],[13.529468,52.32173],[13.531513,52.325794],[13.511,52.328055],[13.495174,52.330864],[13.496658,52.33719],[13.461104,52.340946],[13.448502,52.346177],[13.442407,52.35292],[13.440582,52.362962],[13.419056,52.366708],[13.420985,52.376247],[13.426917,52.387213],[13.419345,52.409272],[13.462837,52.420305],[13.469016,52.417933],[13.480707,52.396643],[13.515895,52.401387],[13.535263,52.399594],[13.535791,52.390387],[13.540551,52.388891],[13.565083,52.388447],[13.591774,52.393418],[13.605633,52.377707],[13.596483,52.379124],[13.585448,52.368512],[13.567915,52.361108],[13.562805,52.349688]]]}},{"type":"Feature","properties":{"country":"DE","region":"Schulzendorf","parent":"Brandenburg"},"geometry":{"type":"Polygon","coordinates":[[[13.605633,52.377707],[13.604439,52.374206],[13.613491,52.364586],[13.603271,52.35711],[13.605745,52.34776],[13.600678,52.340525],[13.594856,52.338255],[13.576409,52.34164],[13.562805,52.349688],[13.567915,52.361108],[13.585448,52.368512],[13.596483,52.379124],[13.605633,52.377707]]]}},{"type":"Feature","properties":{"country":"DE","region":"Wildau, Stadt","parent":"Brandenburg"},"geometry":{"type":"Polygon","coordinates":[[[13.605086,52.31056],[13.592155,52.321603],[13.596607,52.3303],[13.623573,52.331579],[13.631306,52.340679],[13.638229,52.332191],[13.642163,52.332576],[13.645097,52.315666],[13.641522,52.306933],[13.605086,52.31056]]]}},{"type":"Feature","properties":{"country":"DE","region":"Zeuthen","parent":"Brandenburg"},"geometry":{"type":"Polygon","coordinates":[[[13.605086,52.31056],[13.603168,52.310538],[13.60075,52.310511],[13.588314,52.32085],[13.559933,52.346341],[13.561442,52.348099],[13.562805,52.349688],[13.576409,52.34164],[13.594856,52.338255],[13.600678,52.340525],[13.605745,52.34776],[13.603271,52.35711],[13.613491,52.364586],[13.62494,52.366021],[13.630293,52.369643],[13.646952,52.368726],[13.638987,52.359851],[13.637086,52.346383],[13.643278,52.339998],[13.651723,52.339457],[13.651434,52.336111],[13.642163,52.332576],[13.638229,52.332191],[13.631306,52.340679],[13.623573,52.331579],[13.596607,52.3303],[13.592155,52.321603],[13.605086,52.31056]]]}},{"type":"Feature","properties":{"country":"DE","region":"Brieselang","parent":"Brandenburg"},"geometry":{"type":"Polygon","coordinates":[[[13.010591,52.612874],[13.037737,52.60581],[13.049555,52.595987],[13.030888,52.587169],[13.034975,52.57572],[13.032164,52.56731],[13.025505,52.567384],[13.01707,52.572001],[12.999568,52.568022],[12.981027,52.569417],[12.952402,52.565329],[12.936327,52.558858],[12.922924,52.561102],[12.919352,52.564493],[12.919757,52.569128],[12.911884,52.576224],[12.902465,52.577071],[12.89922,52.581106],[12.90164,52.594434],[12.91238,52.609656],[12.950016,52.610745],[12.965965,52.615454],[13.007576,52.612924],[13.010591,52.612874]]]}},{"type":"Feature","properties":{"country":"DE","region":"Dallgow-Döberitz","parent":"Brandenburg"},"geometry":{"type":"Polygon","coordinates":[[[13.122864,52.535365],[13.118179,52.517801],[13.142799,52.51926],[13.164962,52.510388],[13.153696,52.501821],[13.138791,52.502011],[13.120503,52.491238],[13.099035,52.493568],[13.094546,52.470156],[13.062194,52.461201],[13.046319,52.468235],[13.039848,52.479705],[13.028431,52.482382],[13.021258,52.491035],[13.021108,52.495913],[13.004965,52.513207],[12.994449,52.512684],[13.01245,52.521146],[13.017672,52.535365],[13.016857,52.544698],[13.010649,52.554392],[13.012002,52.55828],[13.015267,52.555655],[13.034566,52.555661],[13.049924,52.551381],[13.051854,52.550843],[13.054095,52.551381],[13.060408,52.552896],[13.066082,52.551381],[13.083195,52.546811],[13.094631,52.548234],[13.125113,52.543795],[13.122864,52.535365]]]}},{"type":"Feature","properties":{"country":"DE","region":"Falkensee, Stadt","parent":"Brandenburg"},"geometry":{"type":"Polygon","coordinates":[[[12.999568,52.568022],[13.01707,52.572001],[13.025505,52.567384],[13.032164,52.56731],[13.034975,52.57572],[13.030888,52.587169],[13.049555,52.595987],[13.037737,52.60581],[13.010591,52.612874],[13.030283,52.611634],[13.060943,52.604497],[13.084281,52.603619],[13.099169,52.593162],[13.109664,52.592982],[13.128988,52.587442],[13.128837,52.58388],[13.133101,52.580181],[13.149487,52.58245],[13.152867,52.574551],[13.145732,52.553865],[13.139962,52.552431],[13.130711,52.555216],[13.128831,52.551381],[13.125113,52.543795],[13.094631,52.548234],[13.083195,52.546811],[13.066082,52.551381],[13.060408,52.552896],[13.054095,52.551381],[13.051854,52.550843],[13.049924,52.551381],[13.034566,52.555661],[13.015267,52.555655],[13.012002,52.55828],[13.010693,52.56288],[12.999568,52.568022]]]}},{"type":"Feature","properties":{"country":"DE","region":"Blankenfelde-Mahlow","parent":"Brandenburg"},"geometry":{"type":"Polygon","coordinates":[[[13.388521,52.377968],[13.420985,52.376247],[13.419056,52.366708],[13.440582,52.362962],[13.442407,52.35292],[13.448502,52.346177],[13.461104,52.340946],[13.496658,52.33719],[13.495174,52.330864],[13.483087,52.32229],[13.478063,52.315755],[13.462846,52.311197],[13.450712,52.30034],[13.417879,52.306546],[13.402531,52.296562],[13.394452,52.294521],[13.392895,52.287384],[13.380392,52.288266],[13.363632,52.293762],[13.344664,52.311139],[13.344015,52.316806],[13.349697,52.317973],[13.349652,52.32542],[13.360015,52.332429],[13.378459,52.336651],[13.382666,52.35574],[13.372268,52.36688],[13.388521,52.377968]]]}},{"type":"Feature","properties":{"country":"DE","region":"Großbeeren","parent":"Brandenburg"},"geometry":{"type":"Polygon","coordinates":[[[13.311926,52.399185],[13.328734,52.406019],[13.342512,52.410678],[13.346295,52.405818],[13.370753,52.393988],[13.371944,52.388754],[13.386541,52.38791],[13.388521,52.377968],[13.372268,52.36688],[13.382666,52.35574],[13.378459,52.336651],[13.360015,52.332429],[13.349652,52.32542],[13.345108,52.323733],[13.337897,52.328178],[13.308716,52.334653],[13.299847,52.339259],[13.26598,52.33188],[13.2575,52.327628],[13.250113,52.319318],[13.244823,52.319384],[13.24346,52.321853],[13.251662,52.327451],[13.251396,52.331509],[13.250066,52.33451],[13.249286,52.337849],[13.252059,52.338473],[13.251375,52.350157],[13.273474,52.355321],[13.287421,52.366113],[13.295359,52.379666],[13.30685,52.38319],[13.311926,52.399185]]]}},{"type":"Feature","properties":{"country":"DE","region":"Ludwigsfelde, Stadt","parent":"Brandenburg"},"geometry":{"type":"Polygon","coordinates":[[[13.251396,52.331509],[13.251662,52.327451],[13.24346,52.321853],[13.244823,52.319384],[13.250113,52.319318],[13.2575,52.327628],[13.26598,52.33188],[13.299847,52.339259],[13.308716,52.334653],[13.337897,52.328178],[13.345108,52.323733],[13.349652,52.32542],[13.349697,52.317973],[13.344015,52.316806],[13.344664,52.311139],[13.363632,52.293762],[13.380392,52.288266],[13.392895,52.287384],[13.391448,52.282285],[13.371652,52.270601],[13.360793,52.257069],[13.339362,52.257266],[13.331953,52.25432],[13.328734,52.249893],[13.308037,52.251084],[13.298028,52.250624],[13.286585,52.257199],[13.270841,52.252851],[13.266463,52.26273],[13.243029,52.272552],[13.216085,52.265918],[13.201446,52.271955],[13.184171,52.262575],[13.18923,52.255052],[13.185293,52.251181],[13.160213,52.245513],[13.152958,52.245717],[13.149591,52.252317],[13.140868,52.256081],[13.138805,52.262991],[13.153694,52.269153],[13.162094,52.277491],[13.149865,52.288961],[13.142665,52.290864],[13.140229,52.296096],[13.173007,52.299072],[13.174804,52.302698],[13.162484,52.311501],[13.164799,52.316689],[13.171748,52.31918],[13.197233,52.328613],[13.222873,52.324153],[13.251396,52.331509]]]}},{"type":"Feature","properties":{"country":"DE","region":"Schönwalde-Glien","parent":"Brandenburg"},"geometry":{"type":"Polygon","coordinates":[[[13.155133,52.606541],[13.15395,52.60181],[13.163283,52.601087],[13.164263,52.5989],[13.146399,52.590727],[13.128988,52.587442],[13.109664,52.592982],[13.099169,52.593162],[13.084281,52.603619],[13.060943,52.604497],[13.030283,52.611634],[13.010591,52.612874],[13.007576,52.612924],[13.005382,52.62164],[13.001812,52.624672],[13.010412,52.629117],[13.008909,52.631408],[12.999059,52.633506],[12.981459,52.628833],[12.97739,52.636018],[12.969368,52.639619],[12.943786,52.636857],[12.935068,52.638373],[12.901752,52.656554],[12.902778,52.659104],[12.914693,52.661683],[12.91114,52.666786],[12.922388,52.670175],[12.931489,52.669088],[12.92998,52.664932],[12.934492,52.663168],[12.938977,52.664046],[12.94457,52.670708],[12.958896,52.678132],[12.955563,52.682242],[12.961459,52.689605],[12.991581,52.692529],[13.021149,52.689496],[13.018396,52.677307],[13.029859,52.676966],[13.028089,52.674434],[13.01673,52.672825],[13.017465,52.671155],[13.04696,52.66962],[13.077454,52.677986],[13.094281,52.677551],[13.090792,52.663239],[13.112445,52.635034],[13.157325,52.626904],[13.159048,52.616361],[13.148432,52.610805],[13.155133,52.606541]]]}},{"type":"Feature","properties":{"country":"DE","region":"Altlandsberg, Stadt","parent":"Brandenburg"},"geometry":{"type":"Polygon","coordinates":[[[13.671408,52.582071],[13.679426,52.579036],[13.689243,52.579667],[13.697493,52.583963],[13.700052,52.589787],[13.715122,52.588344],[13.71675,52.59252],[13.713295,52.600628],[13.726386,52.602443],[13.730008,52.61203],[13.781724,52.62327],[13.819032,52.62762],[13.828679,52.625394],[13.832613,52.629791],[13.833705,52.637073],[13.845615,52.647334],[13.879547,52.646294],[13.895507,52.638675],[13.925835,52.635125],[13.936281,52.621362],[13.93823,52.609712],[13.93241,52.602752],[13.91584,52.59754],[13.902069,52.601607],[13.835209,52.602053],[13.835169,52.593844],[13.827936,52.582193],[13.826336,52.569455],[13.830898,52.563788],[13.830925,52.557851],[13.822831,52.556837],[13.822273,52.551381],[13.822089,52.549578],[13.815003,52.540337],[13.79113,52.547654],[13.784578,52.54341],[13.775758,52.545691],[13.775016,52.542753],[13.768384,52.54276],[13.764053,52.547193],[13.748222,52.546311],[13.741822,52.551261],[13.73824,52.550278],[13.738633,52.5448],[13.732467,52.54454],[13.732419,52.541747],[13.717777,52.545025],[13.672993,52.54518],[13.67193,52.551082],[13.676161,52.56214],[13.668374,52.566139],[13.685465,52.572962],[13.684205,52.576693],[13.672341,52.578288],[13.671408,52.582071]]]}},{"type":"Feature","properties":{"country":"DE","region":"Rangsdorf","parent":"Brandenburg"},"geometry":{"type":"Polygon","coordinates":[[[13.483087,52.32229],[13.497064,52.305949],[13.495375,52.299025],[13.486861,52.297066],[13.484013,52.286924],[13.506624,52.281473],[13.507822,52.266849],[13.488502,52.261154],[13.457166,52.259644],[13.451258,52.255992],[13.426454,52.260975],[13.420478,52.267763],[13.421232,52.272351],[13.407948,52.270415],[13.400304,52.279775],[13.391448,52.282285],[13.392895,52.287384],[13.394452,52.294521],[13.402531,52.296562],[13.417879,52.306546],[13.450712,52.30034],[13.462846,52.311197],[13.478063,52.315755],[13.483087,52.32229]]]}},{"type":"Feature","properties":{"country":"DE","region":"Fredersdorf-Vogelsdorf","parent":"Brandenburg"},"geometry":{"type":"Polygon","coordinates":[[[13.765491,52.535365],[13.766195,52.524616],[13.757272,52.517305],[13.776299,52.511694],[13.761556,52.490496],[13.741071,52.494364],[13.740721,52.486507],[13.712949,52.493031],[13.715399,52.49761],[13.710988,52.502678],[13.726924,52.512157],[13.735803,52.52161],[13.740778,52.535365],[13.741853,52.538338],[13.732419,52.541747],[13.732467,52.54454],[13.738633,52.5448],[13.73824,52.550278],[13.741822,52.551261],[13.748222,52.546311],[13.764053,52.547193],[13.768384,52.54276],[13.775016,52.542753],[13.765491,52.535365]]]}},{"type":"Feature","properties":{"country":"DE","region":"Hoppegarten","parent":"Brandenburg"},"geometry":{"type":"MultiPolygon","coordinates":[[[[13.68589,52.499042],[13.677838,52.493152],[13.66698,52.474167],[13.642213,52.479219],[13.626784,52.473191],[13.624012,52.468699],[13.612743,52.471074],[13.615643,52.480997],[13.628089,52.492204],[13.625549,52.496867],[13.632468,52.510525],[13.658573,52.525811],[13.681928,52.51702],[13.68589,52.499042]]],[[[13.659213,52.535365],[13.656896,52.529869],[13.628987,52.530775],[13.627363,52.535161],[13.627468,52.535365],[13.630588,52.541393],[13.610828,52.544235],[13.611279,52.551381],[13.620811,52.562452],[13.653548,52.569557],[13.661759,52.563528],[13.668374,52.566139],[13.676161,52.56214],[13.67193,52.551082],[13.672993,52.54518],[13.660265,52.537862],[13.659213,52.535365]]]]}},{"type":"Feature","properties":{"country":"DE","region":"Neuenhagen bei Berlin","parent":"Brandenburg"},"geometry":{"type":"Polygon","coordinates":[[[13.740778,52.535365],[13.735803,52.52161],[13.726924,52.512157],[13.710988,52.502678],[13.691848,52.502764],[13.689749,52.500753],[13.68589,52.499042],[13.681928,52.51702],[13.658573,52.525811],[13.656896,52.529869],[13.659213,52.535365],[13.660265,52.537862],[13.672993,52.54518],[13.717777,52.545025],[13.732419,52.541747],[13.741853,52.538338],[13.740778,52.535365]]]}},{"type":"Feature","properties":{"country":"DE","region":"Petershagen/Eggersdorf","parent":"Brandenburg"},"geometry":{"type":"Polygon","coordinates":[[[13.829049,52.535365],[13.818092,52.531641],[13.813903,52.524736],[13.83631,52.514943],[13.818255,52.50651],[13.788955,52.51281],[13.776299,52.511694],[13.757272,52.517305],[13.766195,52.524616],[13.765491,52.535365],[13.775016,52.542753],[13.775758,52.545691],[13.784578,52.54341],[13.79113,52.547654],[13.815003,52.540337],[13.822089,52.549578],[13.822273,52.551381],[13.822831,52.556837],[13.830925,52.557851],[13.848182,52.549974],[13.838984,52.544392],[13.834825,52.537329],[13.829049,52.535365]]]}},{"type":"Feature","properties":{"country":"DE","region":"Rüdersdorf bei Berlin","parent":"Brandenburg"},"geometry":{"type":"Polygon","coordinates":[[[13.802953,52.43931],[13.802817,52.443739],[13.765357,52.447202],[13.763139,52.457588],[13.773012,52.463682],[13.772965,52.46622],[13.743219,52.465574],[13.740721,52.486507],[13.741071,52.494364],[13.761556,52.490496],[13.776299,52.511694],[13.788955,52.51281],[13.818255,52.50651],[13.83631,52.514943],[13.8433,52.515811],[13.849562,52.521525],[13.860294,52.522958],[13.87004,52.529715],[13.877127,52.52687],[13.875136,52.516387],[13.879501,52.503274],[13.913116,52.497122],[13.911397,52.488298],[13.917098,52.482188],[13.915604,52.474991],[13.900744,52.473942],[13.886586,52.46751],[13.87894,52.457723],[13.869402,52.453558],[13.854803,52.453134],[13.851481,52.457166],[13.823782,52.4381],[13.802953,52.43931]]]}},{"type":"Feature","properties":{"country":"DE","region":"Birkenwerder","parent":"Brandenburg"},"geometry":{"type":"Polygon","coordinates":[[[13.344147,52.718245],[13.363254,52.711423],[13.363577,52.70012],[13.360568,52.697894],[13.312101,52.699811],[13.306655,52.688795],[13.292119,52.684182],[13.271323,52.685817],[13.256895,52.68226],[13.248868,52.687947],[13.253196,52.70012],[13.256114,52.70012],[13.261709,52.698859],[13.263402,52.70012],[13.268844,52.704173],[13.281009,52.704357],[13.285162,52.710452],[13.299627,52.70971],[13.314757,52.725545],[13.328734,52.720764],[13.344147,52.718245]]]}},{"type":"Feature","properties":{"country":"DE","region":"Glienicke/Nordbahn","parent":"Berlin"},"geometry":{"type":"Polygon","coordinates":[[[13.309258,52.64314],[13.328734,52.639788],[13.339014,52.63594],[13.353731,52.637728],[13.359711,52.635778],[13.344614,52.624765],[13.33725,52.622919],[13.328734,52.625456],[13.309245,52.628898],[13.304329,52.636167],[13.309258,52.64314]]]}},{"type":"Feature","properties":{"country":"DE","region":"Hennigsdorf, Stadt","parent":"Brandenburg"},"geometry":{"type":"Polygon","coordinates":[[[13.238331,52.627789],[13.220912,52.627343],[13.202638,52.606522],[13.217621,52.592703],[13.216508,52.587981],[13.204254,52.587561],[13.164263,52.5989],[13.163283,52.601087],[13.15395,52.60181],[13.155133,52.606541],[13.174304,52.632814],[13.171221,52.640939],[13.175384,52.650019],[13.18344,52.661062],[13.188794,52.662977],[13.202271,52.658606],[13.217407,52.667373],[13.226732,52.663084],[13.23029,52.668002],[13.228978,52.673477],[13.241079,52.656892],[13.238331,52.627789]]]}},{"type":"Feature","properties":{"country":"DE","region":"Hohen Neuendorf, Stadt","parent":"Brandenburg"},"geometry":{"type":"Polygon","coordinates":[[[13.215153,52.709969],[13.242793,52.712551],[13.251839,52.7238],[13.263678,52.726464],[13.262651,52.733793],[13.268718,52.739978],[13.314757,52.725545],[13.299627,52.70971],[13.285162,52.710452],[13.281009,52.704357],[13.268844,52.704173],[13.263402,52.70012],[13.261709,52.698859],[13.256114,52.70012],[13.253196,52.70012],[13.248868,52.687947],[13.256895,52.68226],[13.271323,52.685817],[13.292119,52.684182],[13.306655,52.688795],[13.312101,52.699811],[13.360568,52.697894],[13.358167,52.689687],[13.350199,52.686491],[13.345716,52.672295],[13.328734,52.670086],[13.310034,52.657376],[13.283913,52.660218],[13.282103,52.642331],[13.263211,52.640046],[13.263493,52.627622],[13.238331,52.627789],[13.241079,52.656892],[13.228978,52.673477],[13.237977,52.677772],[13.239162,52.688006],[13.247992,52.69202],[13.249433,52.696156],[13.214688,52.70012],[13.208381,52.700839],[13.207801,52.705278],[13.215153,52.709969]]]}},{"type":"Feature","properties":{"country":"DE","region":"Leegebruch","parent":"Brandenburg"},"geometry":{"type":"MultiPolygon","coordinates":[[[[13.178878,52.719046],[13.187621,52.726068],[13.186056,52.733101],[13.19659,52.735193],[13.207581,52.730618],[13.212981,52.713552],[13.194345,52.703921],[13.188619,52.706891],[13.174407,52.707644],[13.178878,52.719046]]],[[[13.191777,52.741531],[13.195589,52.744435],[13.200274,52.738857],[13.197941,52.738274],[13.191777,52.741531]]]]}},{"type":"Feature","properties":{"country":"DE","region":"Mühlenbecker Land","parent":"Brandenburg"},"geometry":{"type":"Polygon","coordinates":[[[13.360568,52.697894],[13.363577,52.70012],[13.363254,52.711423],[13.344147,52.718245],[13.36093,52.730975],[13.375155,52.734829],[13.384757,52.742113],[13.39717,52.743928],[13.406663,52.744146],[13.408752,52.738514],[13.42066,52.733489],[13.408942,52.723781],[13.417731,52.718863],[13.41936,52.710296],[13.406525,52.70843],[13.4073,52.70012],[13.407484,52.698153],[13.400269,52.689992],[13.40423,52.67974],[13.401143,52.674123],[13.418318,52.668513],[13.404683,52.659592],[13.403346,52.650648],[13.39854,52.648194],[13.373338,52.628454],[13.357471,52.623422],[13.344614,52.624765],[13.359711,52.635778],[13.353731,52.637728],[13.339014,52.63594],[13.328734,52.639788],[13.309258,52.64314],[13.301484,52.652933],[13.310034,52.657376],[13.328734,52.670086],[13.345716,52.672295],[13.350199,52.686491],[13.358167,52.689687],[13.360568,52.697894]]]}},{"type":"Feature","properties":{"country":"DE","region":"Oberkrämer","parent":"Brandenburg"},"geometry":{"type":"MultiPolygon","coordinates":[[[[13.187348,52.66747],[13.190932,52.669848],[13.195766,52.668277],[13.191992,52.665157],[13.187348,52.66747]]],[[[13.155133,52.606541],[13.148432,52.610805],[13.159048,52.616361],[13.157325,52.626904],[13.112445,52.635034],[13.090792,52.663239],[13.094281,52.677551],[13.077454,52.677986],[13.04696,52.66962],[13.017465,52.671155],[13.01673,52.672825],[13.028089,52.674434],[13.029859,52.676966],[13.018396,52.677307],[13.021149,52.689496],[12.991581,52.692529],[12.995599,52.697646],[12.990521,52.699531],[12.988314,52.70012],[12.983783,52.701407],[12.985695,52.70529],[12.993447,52.704474],[13.005437,52.711576],[13.024483,52.709869],[13.031444,52.721019],[13.052149,52.72539],[13.053351,52.736438],[13.084861,52.746489],[13.102495,52.760623],[13.131259,52.760299],[13.138462,52.750729],[13.13983,52.726367],[13.14601,52.725957],[13.149993,52.730374],[13.156097,52.729507],[13.161961,52.733986],[13.177174,52.733004],[13.178398,52.727921],[13.173328,52.714418],[13.161467,52.715038],[13.153785,52.711135],[13.161633,52.70012],[13.156852,52.696907],[13.156424,52.69353],[13.166922,52.674289],[13.179495,52.670657],[13.188794,52.662977],[13.18344,52.661062],[13.175384,52.650019],[13.171221,52.640939],[13.174304,52.632814],[13.155133,52.606541]]]]}},{"type":"Feature","properties":{"country":"DE","region":"Oranienburg, Stadt","parent":"Brandenburg"},"geometry":{"type":"Polygon","coordinates":[[[13.314757,52.725545],[13.268718,52.739978],[13.262651,52.733793],[13.263678,52.726464],[13.251839,52.7238],[13.242793,52.712551],[13.215153,52.709969],[13.212981,52.713552],[13.207581,52.730618],[13.19659,52.735193],[13.186056,52.733101],[13.187621,52.726068],[13.178878,52.719046],[13.176518,52.716219],[13.173328,52.714418],[13.178398,52.727921],[13.177174,52.733004],[13.161961,52.733986],[13.156097,52.729507],[13.149993,52.730374],[13.14601,52.725957],[13.13983,52.726367],[13.138462,52.750729],[13.131259,52.760299],[13.152636,52.765805],[13.167848,52.76235],[13.169616,52.764435],[13.165265,52.768401],[13.17757,52.776964],[13.188049,52.776618],[13.200189,52.786786],[13.201503,52.794868],[13.204296,52.795945],[13.204638,52.797644],[13.200088,52.798222],[13.200757,52.801174],[13.215735,52.809029],[13.2351,52.809114],[13.254112,52.819565],[13.256478,52.82863],[13.264006,52.829458],[13.273285,52.824224],[13.290764,52.82797],[13.329169,52.845514],[13.349403,52.830327],[13.355669,52.830636],[13.352993,52.824934],[13.37042,52.797595],[13.421964,52.80417],[13.429578,52.789858],[13.406127,52.779348],[13.404806,52.771076],[13.413863,52.752334],[13.39717,52.743928],[13.384757,52.742113],[13.375155,52.734829],[13.36093,52.730975],[13.344147,52.718245],[13.328734,52.720764],[13.314757,52.725545]],[[13.191777,52.741531],[13.197941,52.738274],[13.200274,52.738857],[13.195589,52.744435],[13.191777,52.741531]]]}},{"type":"Feature","properties":{"country":"DE","region":"Velten, Stadt","parent":"Brandenburg"},"geometry":{"type":"Polygon","coordinates":[[[13.173328,52.714418],[13.176518,52.716219],[13.178878,52.719046],[13.174407,52.707644],[13.188619,52.706891],[13.194345,52.703921],[13.212981,52.713552],[13.215153,52.709969],[13.207801,52.705278],[13.208381,52.700839],[13.214688,52.70012],[13.249433,52.696156],[13.247992,52.69202],[13.239162,52.688006],[13.237977,52.677772],[13.228978,52.673477],[13.23029,52.668002],[13.226732,52.663084],[13.217407,52.667373],[13.202271,52.658606],[13.188794,52.662977],[13.179495,52.670657],[13.166922,52.674289],[13.156424,52.69353],[13.156852,52.696907],[13.161633,52.70012],[13.153785,52.711135],[13.161467,52.715038],[13.173328,52.714418]],[[13.187348,52.66747],[13.191992,52.665157],[13.195766,52.668277],[13.190932,52.669848],[13.187348,52.66747]]]}}]}