{"type":"FeatureCollection","features":[{"type":"Feature","properties":{"country":"ES","region":"Almendralejo","parent":"Badajoz"},"geometry":{"type":"Polygon","coordinates":[[[-6.370907,38.765402],[-6.357134,38.77813],[-6.358001,38.775722],[-6.357445,38.771518],[-6.355648,38.768616],[-6.339165,38.766134],[-6.331171,38.761031],[-6.329181,38.755167],[-6.334935,38.750074],[-6.332328,38.743637],[-6.32612,38.738658],[-6.328406,38.728374],[-6.319362,38.723019],[-6.343978,38.703003],[-6.343812,38.699259],[-6.339912,38.696959],[-6.342712,38.680052],[-6.356723,38.658097],[-6.361978,38.656863],[-6.394094,38.631973],[-6.41864,38.627105],[-6.434837,38.635475],[-6.429673,38.647681],[-6.453858,38.660587],[-6.455315,38.668449],[-6.464739,38.673611],[-6.476831,38.700024],[-6.487421,38.706268],[-6.490848,38.712058],[-6.500096,38.714404],[-6.504415,38.723296],[-6.517667,38.726951],[-6.478039,38.756897],[-6.430698,38.763904],[-6.416184,38.769424],[-6.394238,38.760024],[-6.39615,38.753583],[-6.380255,38.753882],[-6.375527,38.756711],[-6.370907,38.765402]]]}},{"type":"Feature","properties":{"country":"ES","region":"Arroyo de San Serván","parent":"Badajoz"},"geometry":{"type":"Polygon","coordinates":[[[-6.504869,38.836646],[-6.491092,38.851281],[-6.493883,38.869677],[-6.453923,38.879222],[-6.44611,38.877653],[-6.44127,38.866274],[-6.428012,38.862149],[-6.421954,38.850568],[-6.390049,38.830862],[-6.404878,38.81778],[-6.419641,38.810923],[-6.457354,38.806237],[-6.477143,38.811372],[-6.484819,38.818658],[-6.499801,38.824841],[-6.504869,38.836646]]]}},{"type":"Feature","properties":{"country":"ES","region":"Badajoz","parent":"Badajoz"},"geometry":{"type":"Polygon","coordinates":[[[-7.051026,38.906078],[-7.027417,38.924096],[-7.012655,38.950116],[-6.985014,38.979082],[-6.958964,39.018128],[-6.951391,39.02407],[-6.954876,39.026527],[-6.955505,39.028496],[-6.958964,39.031207],[-6.966701,39.039033],[-6.965526,39.042473],[-6.958964,39.044253],[-6.92724,39.039808],[-6.902459,39.054652],[-6.896001,39.07408],[-6.898297,39.090048],[-6.891108,39.107261],[-6.88075,39.1002],[-6.884924,39.087709],[-6.883741,39.083865],[-6.865851,39.082237],[-6.869327,39.070022],[-6.864257,39.063445],[-6.844926,39.055939],[-6.821925,39.058334],[-6.820826,39.061767],[-6.825297,39.064326],[-6.822633,39.065475],[-6.816281,39.065513],[-6.808007,39.060349],[-6.802579,39.061234],[-6.798874,39.066047],[-6.800451,39.07745],[-6.786835,39.087668],[-6.780943,39.086622],[-6.771123,39.10087],[-6.77394,39.104489],[-6.779209,39.103402],[-6.784323,39.106091],[-6.787703,39.111312],[-6.782285,39.115431],[-6.785467,39.121673],[-6.771324,39.123641],[-6.764811,39.128147],[-6.769253,39.132566],[-6.765557,39.134603],[-6.765328,39.137991],[-6.772865,39.147761],[-6.769483,39.152681],[-6.786548,39.169558],[-6.790228,39.178547],[-6.787195,39.181762],[-6.784287,39.184063],[-6.781805,39.185261],[-6.778065,39.186535],[-6.775083,39.187035],[-6.771433,39.186376],[-6.767576,39.188434],[-6.761453,39.188514],[-6.756852,39.19067],[-6.755297,39.19257],[-6.753309,39.193912],[-6.750726,39.1941],[-6.744293,39.192238],[-6.74112,39.190422],[-6.738252,39.189586],[-6.735452,39.189451],[-6.732762,39.189804],[-6.730219,39.188927],[-6.722884,39.187881],[-6.717596,39.186401],[-6.7156,39.186283],[-6.708485,39.185016],[-6.701542,39.182842],[-6.69745,39.181377],[-6.694691,39.179969],[-6.690174,39.1786],[-6.687093,39.178318],[-6.683049,39.177322],[-6.681075,39.177211],[-6.639455,39.166031],[-6.574326,39.158416],[-6.576936,39.154448],[-6.575977,39.141512],[-6.580151,39.119533],[-6.746076,39.138988],[-6.745678,39.135673],[-6.744775,39.133495],[-6.743328,39.13192],[-6.742577,39.130195],[-6.740244,39.128319],[-6.73499,39.125389],[-6.734584,39.122284],[-6.747153,39.075611],[-6.743395,39.075336],[-6.740173,39.071888],[-6.739616,39.068107],[-6.728086,39.064865],[-6.724548,39.061916],[-6.721407,39.057369],[-6.637308,39.045315],[-6.642126,39.033248],[-6.653306,39.023154],[-6.654799,39.014141],[-6.652697,38.999202],[-6.656255,38.988902],[-6.652043,38.974809],[-6.645904,38.969417],[-6.636678,38.958283],[-6.637849,38.950116],[-6.634738,38.936746],[-6.635355,38.912639],[-6.643211,38.913654],[-6.645491,38.902404],[-6.675572,38.905602],[-6.685201,38.903327],[-6.712805,38.905795],[-6.718839,38.910015],[-6.728701,38.909305],[-6.719797,38.920589],[-6.717609,38.929485],[-6.719722,38.933702],[-6.727122,38.935354],[-6.74048,38.947811],[-6.747437,38.947855],[-6.756543,38.942363],[-6.768168,38.941967],[-6.762925,38.950116],[-6.764846,38.951765],[-6.767931,38.951526],[-6.770305,38.950116],[-6.78826,38.937553],[-6.791279,38.930388],[-6.802774,38.931252],[-6.808214,38.927859],[-6.79078,38.911213],[-6.794502,38.89274],[-6.788328,38.878456],[-6.807193,38.876516],[-6.822421,38.853146],[-6.82215,38.843219],[-6.785806,38.849731],[-6.758613,38.838075],[-6.756031,38.835342],[-6.755672,38.826417],[-6.735421,38.828177],[-6.730914,38.821502],[-6.713396,38.837288],[-6.678053,38.826626],[-6.666942,38.838985],[-6.631404,38.823139],[-6.612454,38.809963],[-6.60399,38.809355],[-6.600584,38.80574],[-6.56978,38.797289],[-6.566589,38.793979],[-6.559639,38.790542],[-6.562843,38.779105],[-6.568849,38.773505],[-6.582083,38.766703],[-6.593228,38.766272],[-6.594839,38.754284],[-6.618256,38.765253],[-6.626254,38.765526],[-6.651104,38.763077],[-6.679162,38.750633],[-6.696145,38.747627],[-6.700425,38.743587],[-6.716186,38.732586],[-6.729983,38.722757],[-6.735206,38.707397],[-6.749663,38.706811],[-6.750998,38.682553],[-6.806272,38.657974],[-6.813703,38.674378],[-6.846434,38.674847],[-6.851857,38.671266],[-6.853615,38.661801],[-6.861677,38.648856],[-6.8599,38.639866],[-6.86231,38.625057],[-6.879451,38.584624],[-6.877961,38.580767],[-6.873382,38.580065],[-6.873352,38.57069],[-6.866391,38.556568],[-6.891987,38.555447],[-6.900497,38.559921],[-6.937207,38.563908],[-6.945849,38.569798],[-6.956615,38.567961],[-6.966775,38.578605],[-6.957985,38.587018],[-6.986318,38.598562],[-6.98881,38.605025],[-6.996141,38.610202],[-7.002612,38.6086],[-7.007285,38.610654],[-7.017761,38.620526],[-7.022863,38.631501],[-7.020857,38.638535],[-6.994296,38.620774],[-6.979228,38.617847],[-6.966703,38.626803],[-6.954133,38.624175],[-6.946656,38.627236],[-6.939695,38.641695],[-6.921509,38.6519],[-6.935438,38.686536],[-6.935494,38.69653],[-6.932466,38.701138],[-6.956992,38.712384],[-6.975845,38.715156],[-6.989255,38.712439],[-7.004278,38.701833],[-7.016471,38.69713],[-7.022514,38.690655],[-7.034347,38.701219],[-7.052136,38.731602],[-7.063115,38.741649],[-7.074921,38.749055],[-7.094303,38.749911],[-7.128611,38.769461],[-7.137971,38.77077],[-7.144151,38.777771],[-7.14986,38.779665],[-7.149391,38.784716],[-7.158112,38.784633],[-7.153934,38.794331],[-7.128863,38.813491],[-7.113223,38.817125],[-7.095112,38.815997],[-7.09003,38.818637],[-7.067991,38.854084],[-7.040555,38.864809],[-7.033981,38.877435],[-7.035464,38.88253],[-7.039432,38.884754],[-7.040825,38.896228],[-7.051026,38.906078]],[[-6.70829,38.936262],[-6.706372,38.913845],[-6.682993,38.908523],[-6.647636,38.91316],[-6.646092,38.92091],[-6.648756,38.925662],[-6.639018,38.941644],[-6.641801,38.950116],[-6.648854,38.965452],[-6.6639,38.967409],[-6.683362,38.957201],[-6.689999,38.959446],[-6.703831,38.957303],[-6.706719,38.95427],[-6.701663,38.950116],[-6.70829,38.936262]],[[-6.839827,38.714069],[-6.83119,38.693474],[-6.803638,38.687753],[-6.777513,38.694735],[-6.766341,38.707822],[-6.758099,38.710355],[-6.756694,38.717478],[-6.758939,38.726167],[-6.7637,38.731398],[-6.782397,38.734929],[-6.810307,38.725842],[-6.826233,38.728182],[-6.827727,38.722739],[-6.832948,38.724293],[-6.832344,38.717644],[-6.839827,38.714069]],[[-6.762817,38.956623],[-6.758077,38.957117],[-6.756761,38.961866],[-6.760441,38.961733],[-6.762817,38.956623]],[[-6.848844,38.71662],[-6.843039,38.714274],[-6.839497,38.716302],[-6.843496,38.718968],[-6.848844,38.71662]]]}},{"type":"Feature","properties":{"country":"ES","region":"Calamonte","parent":"Badajoz"},"geometry":{"type":"Polygon","coordinates":[[[-6.396346,38.868578],[-6.391823,38.881209],[-6.3927,38.892776],[-6.390312,38.895149],[-6.380268,38.894625],[-6.375078,38.886643],[-6.366023,38.879928],[-6.376555,38.863012],[-6.37129,38.854636],[-6.381827,38.853626],[-6.39159,38.856277],[-6.396346,38.868578]]]}},{"type":"Feature","properties":{"country":"ES","region":"Carmonita","parent":"Badajoz"},"geometry":{"type":"MultiPolygon","coordinates":[[[[-6.399514,39.135791],[-6.393961,39.13966],[-6.382018,39.141984],[-6.383837,39.152324],[-6.376382,39.162923],[-6.368879,39.164923],[-6.355829,39.177104],[-6.342362,39.183502],[-6.327784,39.186515],[-6.319484,39.183949],[-6.321045,39.170849],[-6.310427,39.156106],[-6.30792,39.146351],[-6.311985,39.132341],[-6.320869,39.1187],[-6.359499,39.11589],[-6.365086,39.116756],[-6.367309,39.121094],[-6.365502,39.135969],[-6.38643,39.132294],[-6.399514,39.135791]]],[[[-6.406758,39.165004],[-6.403773,39.164857],[-6.402014,39.164476],[-6.398231,39.16527],[-6.3927,39.157587],[-6.400995,39.150152],[-6.411515,39.151885],[-6.406758,39.165004]]]]}},{"type":"Feature","properties":{"country":"ES","region":"Carrascalejo, El","parent":"Badajoz"},"geometry":{"type":"Polygon","coordinates":[[[-6.314813,39.034153],[-6.312357,39.015935],[-6.316408,39.005562],[-6.344386,39.005934],[-6.360198,39.014811],[-6.363355,39.023956],[-6.355649,39.03435],[-6.339204,39.036087],[-6.314813,39.034153]]]}},{"type":"Feature","properties":{"country":"ES","region":"Cordobilla de Lácara","parent":"Badajoz"},"geometry":{"type":"Polygon","coordinates":[[[-6.457856,39.17411],[-6.436813,39.175297],[-6.406758,39.165004],[-6.411515,39.151885],[-6.400995,39.150152],[-6.397028,39.143946],[-6.395969,39.141263],[-6.393961,39.13966],[-6.399514,39.135791],[-6.402936,39.127013],[-6.415275,39.116691],[-6.438543,39.109354],[-6.475344,39.119732],[-6.469584,39.132316],[-6.477122,39.141999],[-6.472428,39.144645],[-6.470208,39.156524],[-6.460942,39.164464],[-6.457856,39.17411]]]}},{"type":"Feature","properties":{"country":"ES","region":"Corte de Peleas","parent":"Badajoz"},"geometry":{"type":"Polygon","coordinates":[[[-6.700425,38.743587],[-6.696145,38.747627],[-6.679162,38.750633],[-6.651104,38.763077],[-6.626254,38.765526],[-6.625782,38.753999],[-6.614315,38.739927],[-6.636518,38.739872],[-6.637052,38.738023],[-6.598592,38.714836],[-6.615219,38.704424],[-6.643143,38.701679],[-6.663775,38.713461],[-6.666329,38.712129],[-6.665809,38.704019],[-6.669757,38.698405],[-6.69107,38.693279],[-6.694118,38.702118],[-6.691615,38.717794],[-6.697964,38.731041],[-6.696447,38.740788],[-6.700425,38.743587]]]}},{"type":"Feature","properties":{"country":"ES","region":"Don Álvaro","parent":"Badajoz"},"geometry":{"type":"Polygon","coordinates":[[[-6.278647,38.889537],[-6.258387,38.876569],[-6.231742,38.866328],[-6.230702,38.863359],[-6.242719,38.861041],[-6.25294,38.863208],[-6.256761,38.859892],[-6.242136,38.845252],[-6.23024,38.840436],[-6.246118,38.832174],[-6.277724,38.832675],[-6.286636,38.835656],[-6.296153,38.843815],[-6.312083,38.854057],[-6.324824,38.874631],[-6.283054,38.891385],[-6.278647,38.889537]]]}},{"type":"Feature","properties":{"country":"ES","region":"Don Benito","parent":"Badajoz"},"geometry":{"type":"MultiPolygon","coordinates":[[[[-5.600184,39.012401],[-5.603057,38.99942],[-5.605812,39.000233],[-5.610846,39.003101],[-5.614058,39.005363],[-5.616739,39.006691],[-5.621317,39.00803],[-5.624224,39.008251],[-5.626665,39.008098],[-5.631179,39.01086],[-5.646362,39.018679],[-5.672896,39.012914],[-5.69204,39.045747],[-5.694401,39.061166],[-5.687707,39.067147],[-5.689077,39.069564],[-5.727212,39.068081],[-5.733765,39.061986],[-5.737311,39.046735],[-5.752465,39.040145],[-5.776088,39.046539],[-5.777259,39.052818],[-5.761434,39.069737],[-5.760881,39.07659],[-5.755794,39.079639],[-5.752348,39.076855],[-5.725832,39.098515],[-5.732609,39.109394],[-5.730153,39.113994],[-5.72666,39.112209],[-5.692108,39.084329],[-5.671562,39.078955],[-5.650037,39.065268],[-5.6349,39.04874],[-5.631879,39.04051],[-5.60923,39.027282],[-5.600184,39.012401]]],[[[-5.969833,38.748302],[-5.978737,38.772758],[-5.97556,38.789656],[-5.981535,38.797762],[-5.999539,38.809727],[-6.009745,38.821195],[-5.994592,38.840869],[-5.992036,38.848797],[-5.996416,38.866901],[-5.983665,38.884194],[-5.991092,38.898807],[-5.991473,38.911136],[-5.984828,38.909],[-5.967371,38.91062],[-5.966915,38.895994],[-5.943615,38.882445],[-5.919879,38.893102],[-5.909722,38.877297],[-5.905975,38.875762],[-5.898005,38.887931],[-5.893692,38.921114],[-5.925298,38.934799],[-5.92352,38.943219],[-5.930775,38.950919],[-5.922774,38.964329],[-5.927253,38.977209],[-5.947296,38.983044],[-5.949055,38.988895],[-5.962818,38.995251],[-5.966255,39.004953],[-5.97674,39.014433],[-5.994466,39.011403],[-5.999652,39.013565],[-5.994076,39.030353],[-5.962248,39.037069],[-5.925697,39.064019],[-5.924755,39.083236],[-5.896509,39.095211],[-5.885508,39.092234],[-5.87865,39.075971],[-5.850841,39.063306],[-5.844138,39.05721],[-5.834737,39.057222],[-5.829913,39.063614],[-5.825929,39.046185],[-5.80991,39.042474],[-5.792226,39.03181],[-5.80068,39.020843],[-5.81271,39.02407],[-5.816376,39.021851],[-5.811426,38.982406],[-5.812276,38.964496],[-5.816957,38.950704],[-5.827703,38.906206],[-5.83485,38.828063],[-5.842361,38.806924],[-5.830949,38.80161],[-5.847346,38.784652],[-5.864888,38.764043],[-5.865822,38.760603],[-5.870024,38.75259],[-5.89032,38.726973],[-5.896496,38.724375],[-5.91292,38.723375],[-5.933709,38.739679],[-5.969833,38.748302]]],[[[-6.014879,39.129352],[-6.016165,39.099159],[-6.009716,39.054002],[-5.988938,39.068238],[-5.981709,39.07001],[-5.958909,39.095214],[-5.939866,39.108734],[-5.928157,39.105162],[-5.925185,39.098603],[-5.927123,39.092685],[-5.937704,39.083839],[-5.966238,39.067411],[-5.985235,39.051357],[-6.009574,39.047204],[-6.016055,39.034204],[-6.02624,39.023944],[-6.068659,39.037491],[-6.07835,39.03672],[-6.117758,39.047319],[-6.11945,39.050225],[-6.117317,39.05149],[-6.101662,39.055187],[-6.087264,39.05508],[-6.076762,39.069439],[-6.074607,39.085758],[-6.062349,39.10215],[-6.045191,39.114148],[-6.014879,39.129352]]]]}},{"type":"Feature","properties":{"country":"ES","region":"Esparragalejo","parent":"Badajoz"},"geometry":{"type":"Polygon","coordinates":[[[-6.456068,38.932295],[-6.460602,38.939659],[-6.456735,38.950116],[-6.452914,38.960457],[-6.441166,38.966573],[-6.428005,38.985527],[-6.423116,38.986965],[-6.415796,38.971998],[-6.420551,38.950116],[-6.41835,38.934749],[-6.43118,38.924705],[-6.439772,38.924169],[-6.456068,38.932295]]]}},{"type":"Feature","properties":{"country":"ES","region":"Garrovilla, La","parent":"Badajoz"},"geometry":{"type":"Polygon","coordinates":[[[-6.452914,38.960457],[-6.456735,38.950116],[-6.460602,38.939659],[-6.456068,38.932295],[-6.444472,38.917235],[-6.483142,38.905467],[-6.511212,38.90377],[-6.524471,38.914982],[-6.529276,38.923256],[-6.52257,38.930885],[-6.50594,38.945593],[-6.509721,38.950116],[-6.512639,38.952681],[-6.513696,38.955324],[-6.51589,38.958456],[-6.517795,38.959305],[-6.519483,38.96262],[-6.494742,38.950708],[-6.477673,38.969707],[-6.452914,38.960457]]]}},{"type":"Feature","properties":{"country":"ES","region":"Guareña","parent":"Badajoz"},"geometry":{"type":"Polygon","coordinates":[[[-6.18443,38.928776],[-6.162888,38.941108],[-6.164201,38.950116],[-6.151833,38.990352],[-6.140569,39.029657],[-6.116221,39.03333],[-6.062402,39.030684],[-6.039786,39.022038],[-6.039755,39.019576],[-6.049922,39.013681],[-6.068256,38.995672],[-6.086606,38.987724],[-6.085459,38.966291],[-6.100997,38.962973],[-6.106742,38.955909],[-6.098204,38.953888],[-6.059076,38.961536],[-6.060936,38.936416],[-6.074021,38.927272],[-6.087672,38.927578],[-6.094026,38.930798],[-6.112781,38.91971],[-6.120464,38.911878],[-6.102915,38.896646],[-6.098531,38.887552],[-6.082649,38.885131],[-6.062427,38.890034],[-6.058197,38.875247],[-6.050512,38.868426],[-6.044623,38.870863],[-6.036562,38.884872],[-6.035771,38.896562],[-6.039773,38.909532],[-6.037988,38.916116],[-6.026241,38.917952],[-6.020751,38.923928],[-6.012306,38.92659],[-6.008662,38.927982],[-5.991473,38.911136],[-5.991092,38.898807],[-5.983665,38.884194],[-5.996416,38.866901],[-5.992036,38.848797],[-5.999284,38.842788],[-6.011117,38.839959],[-6.023465,38.842795],[-6.028486,38.839467],[-6.049966,38.837266],[-6.044387,38.820162],[-6.036715,38.81229],[-6.033036,38.798672],[-6.044177,38.782234],[-6.027853,38.758872],[-6.021343,38.753918],[-6.042563,38.750279],[-6.073731,38.75856],[-6.0939,38.770007],[-6.104922,38.792968],[-6.101962,38.800861],[-6.079844,38.81335],[-6.072265,38.825568],[-6.087959,38.843655],[-6.12865,38.845108],[-6.131082,38.849098],[-6.132064,38.851065],[-6.138216,38.859856],[-6.152475,38.868393],[-6.171924,38.893759],[-6.190471,38.910991],[-6.185168,38.918036],[-6.18443,38.928776]]]}},{"type":"Feature","properties":{"country":"ES","region":"Lobón","parent":"Badajoz"},"geometry":{"type":"Polygon","coordinates":[[[-6.694441,38.869365],[-6.69058,38.869533],[-6.688173,38.869339],[-6.685766,38.869819],[-6.673421,38.868625],[-6.670025,38.867786],[-6.666604,38.866237],[-6.663476,38.865677],[-6.658652,38.865738],[-6.652557,38.866424],[-6.64517,38.867249],[-6.625393,38.855638],[-6.603765,38.867408],[-6.593682,38.867108],[-6.577887,38.872083],[-6.568902,38.867718],[-6.562755,38.843374],[-6.549804,38.819719],[-6.554538,38.81803],[-6.557635,38.806824],[-6.566589,38.793979],[-6.56978,38.797289],[-6.600584,38.80574],[-6.60399,38.809355],[-6.612454,38.809963],[-6.631404,38.823139],[-6.666942,38.838985],[-6.688874,38.850957],[-6.691,38.855316],[-6.686959,38.862417],[-6.694441,38.869365]]]}},{"type":"Feature","properties":{"country":"ES","region":"Mérida","parent":"Badajoz"},"geometry":{"type":"MultiPolygon","coordinates":[[[[-6.568902,38.867718],[-6.55837,38.869766],[-6.555807,38.870582],[-6.547289,38.870987],[-6.5454,38.872848],[-6.543011,38.873825],[-6.543802,38.875732],[-6.540447,38.878193],[-6.534603,38.879623],[-6.529577,38.880489],[-6.531718,38.887909],[-6.529907,38.888325],[-6.52477,38.890964],[-6.519431,38.89254],[-6.515064,38.895168],[-6.512056,38.896332],[-6.509997,38.900116],[-6.511212,38.90377],[-6.483142,38.905467],[-6.444472,38.917235],[-6.456068,38.932295],[-6.439772,38.924169],[-6.43118,38.924705],[-6.41835,38.934749],[-6.420551,38.950116],[-6.415796,38.971998],[-6.423116,38.986965],[-6.428005,38.985527],[-6.441166,38.966573],[-6.452914,38.960457],[-6.477673,38.969707],[-6.494742,38.950708],[-6.519483,38.96262],[-6.521877,38.964808],[-6.521151,38.972235],[-6.530637,38.979724],[-6.524783,38.984204],[-6.527535,38.999265],[-6.5258,39.015261],[-6.537732,39.014797],[-6.538814,39.020839],[-6.550246,39.019924],[-6.558721,39.019439],[-6.56659,39.015225],[-6.576244,39.022441],[-6.582227,39.031523],[-6.601581,39.034843],[-6.604019,39.014565],[-6.600446,38.997294],[-6.601681,38.968794],[-6.619992,38.965213],[-6.645904,38.969417],[-6.652043,38.974809],[-6.656255,38.988902],[-6.652697,38.999202],[-6.654799,39.014141],[-6.653306,39.023154],[-6.642126,39.033248],[-6.637308,39.045315],[-6.616608,39.065804],[-6.584849,39.086453],[-6.57308,39.102203],[-6.569052,39.119785],[-6.580151,39.119533],[-6.575977,39.141512],[-6.576936,39.154448],[-6.574326,39.158416],[-6.557535,39.157913],[-6.552363,39.157413],[-6.550246,39.156895],[-6.538531,39.156765],[-6.535428,39.180297],[-6.491699,39.16831],[-6.457856,39.17411],[-6.460942,39.164464],[-6.470208,39.156524],[-6.472428,39.144645],[-6.477122,39.141999],[-6.469584,39.132316],[-6.475344,39.119732],[-6.438543,39.109354],[-6.415275,39.116691],[-6.402936,39.127013],[-6.399514,39.135791],[-6.38643,39.132294],[-6.365502,39.135969],[-6.367309,39.121094],[-6.365086,39.116756],[-6.359499,39.11589],[-6.320869,39.1187],[-6.311985,39.132341],[-6.311596,39.11165],[-6.295422,39.098425],[-6.230912,39.089734],[-6.225487,39.085036],[-6.220367,39.075635],[-6.215649,39.068657],[-6.206557,39.059676],[-6.204675,39.05871],[-6.202914,39.057079],[-6.184509,39.057125],[-6.179747,39.057651],[-6.177699,39.05759],[-6.174555,39.05785],[-6.168465,39.058933],[-6.153398,39.052349],[-6.142163,39.031639],[-6.140569,39.029657],[-6.151833,38.990352],[-6.193218,38.980326],[-6.213376,38.965905],[-6.216316,38.957042],[-6.213531,38.950116],[-6.208021,38.946037],[-6.236621,38.938753],[-6.248093,38.932582],[-6.262654,38.93236],[-6.272135,38.922886],[-6.274543,38.898953],[-6.279219,38.89446],[-6.278647,38.889537],[-6.283054,38.891385],[-6.324824,38.874631],[-6.312083,38.854057],[-6.296153,38.843815],[-6.306474,38.832212],[-6.310449,38.823162],[-6.332067,38.79985],[-6.336659,38.795159],[-6.344664,38.805224],[-6.383078,38.819364],[-6.386371,38.818462],[-6.40873,38.789965],[-6.399045,38.771185],[-6.379468,38.764261],[-6.370907,38.765402],[-6.375527,38.756711],[-6.380255,38.753882],[-6.39615,38.753583],[-6.394238,38.760024],[-6.416184,38.769424],[-6.430698,38.763904],[-6.478039,38.756897],[-6.517667,38.726951],[-6.52816,38.739125],[-6.528508,38.755353],[-6.536784,38.762627],[-6.538897,38.773598],[-6.559639,38.790542],[-6.566589,38.793979],[-6.557635,38.806824],[-6.554538,38.81803],[-6.549804,38.819719],[-6.562755,38.843374],[-6.568902,38.867718]],[[-6.282518,38.960403],[-6.278775,38.950116],[-6.263242,38.936379],[-6.252487,38.933666],[-6.227187,38.943715],[-6.222426,38.950116],[-6.220615,38.956659],[-6.225167,38.967262],[-6.225534,38.976999],[-6.248177,38.983625],[-6.256475,38.980855],[-6.282518,38.960403]],[[-6.308633,39.074009],[-6.316218,39.077238],[-6.346427,39.076479],[-6.360482,39.066114],[-6.366607,39.055962],[-6.366167,39.051943],[-6.339204,39.036087],[-6.355649,39.03435],[-6.363355,39.023956],[-6.360198,39.014811],[-6.344386,39.005934],[-6.316408,39.005562],[-6.320978,38.999192],[-6.31676,38.994376],[-6.304953,38.988634],[-6.279536,38.982657],[-6.247776,38.987722],[-6.226467,39.003144],[-6.234125,39.014979],[-6.262036,39.035702],[-6.272061,39.030209],[-6.280237,39.033797],[-6.28734,39.046724],[-6.297045,39.05573],[-6.296984,39.081488],[-6.308633,39.074009]],[[-6.396346,38.868578],[-6.39159,38.856277],[-6.381827,38.853626],[-6.37129,38.854636],[-6.376555,38.863012],[-6.366023,38.879928],[-6.375078,38.886643],[-6.380268,38.894625],[-6.390312,38.895149],[-6.3927,38.892776],[-6.391823,38.881209],[-6.396346,38.868578]],[[-6.504869,38.836646],[-6.499801,38.824841],[-6.484819,38.818658],[-6.477143,38.811372],[-6.457354,38.806237],[-6.419641,38.810923],[-6.404878,38.81778],[-6.390049,38.830862],[-6.421954,38.850568],[-6.428012,38.862149],[-6.44127,38.866274],[-6.44611,38.877653],[-6.453923,38.879222],[-6.493883,38.869677],[-6.491092,38.851281],[-6.504869,38.836646]],[[-6.559249,39.07343],[-6.550246,39.050717],[-6.536748,39.040623],[-6.517227,39.039995],[-6.497856,39.034821],[-6.486763,39.036526],[-6.478793,39.043485],[-6.475301,39.069237],[-6.46958,39.081289],[-6.472477,39.086962],[-6.494041,39.096668],[-6.500473,39.102349],[-6.50938,39.103868],[-6.513554,39.110244],[-6.550246,39.088354],[-6.557743,39.07929],[-6.559249,39.07343]],[[-6.582924,39.031836],[-6.579296,39.032419],[-6.575664,39.037219],[-6.579817,39.037591],[-6.582924,39.031836]]],[[[-6.228821,38.841403],[-6.23024,38.840436],[-6.242136,38.845252],[-6.256761,38.859892],[-6.25294,38.863208],[-6.242719,38.861041],[-6.230702,38.863359],[-6.231233,38.85854],[-6.227262,38.855842],[-6.228821,38.841403]]],[[[-6.376382,39.162923],[-6.383837,39.152324],[-6.382018,39.141984],[-6.393961,39.13966],[-6.395969,39.141263],[-6.397028,39.143946],[-6.400995,39.150152],[-6.3927,39.157587],[-6.398231,39.16527],[-6.376382,39.162923]]],[[[-6.517795,38.959305],[-6.51589,38.958456],[-6.513696,38.955324],[-6.512639,38.952681],[-6.509721,38.950116],[-6.50594,38.945593],[-6.52257,38.930885],[-6.523233,38.935078],[-6.519168,38.940322],[-6.520468,38.950116],[-6.517795,38.959305]]]]}},{"type":"Feature","properties":{"country":"ES","region":"Mirandilla","parent":"Badajoz"},"geometry":{"type":"Polygon","coordinates":[[[-6.314813,39.034153],[-6.314425,39.037479],[-6.310186,39.044651],[-6.309661,39.048721],[-6.308158,39.052665],[-6.308448,39.056198],[-6.306593,39.05804],[-6.305663,39.060158],[-6.305668,39.062969],[-6.308514,39.067489],[-6.308633,39.074009],[-6.296984,39.081488],[-6.297045,39.05573],[-6.28734,39.046724],[-6.280237,39.033797],[-6.272061,39.030209],[-6.262036,39.035702],[-6.234125,39.014979],[-6.226467,39.003144],[-6.247776,38.987722],[-6.279536,38.982657],[-6.304953,38.988634],[-6.31676,38.994376],[-6.320978,38.999192],[-6.316408,39.005562],[-6.312357,39.015935],[-6.314813,39.034153]]]}},{"type":"Feature","properties":{"country":"ES","region":"Montijo","parent":"Badajoz"},"geometry":{"type":"MultiPolygon","coordinates":[[[[-6.52257,38.930885],[-6.529276,38.923256],[-6.524471,38.914982],[-6.554483,38.931949],[-6.583424,38.930136],[-6.580284,38.906398],[-6.576437,38.900771],[-6.561951,38.897585],[-6.55574,38.887602],[-6.542631,38.885749],[-6.531718,38.887909],[-6.529577,38.880489],[-6.534603,38.879623],[-6.540447,38.878193],[-6.543802,38.875732],[-6.543011,38.873825],[-6.5454,38.872848],[-6.547289,38.870987],[-6.555807,38.870582],[-6.55837,38.869766],[-6.568902,38.867718],[-6.577887,38.872083],[-6.593682,38.867108],[-6.603765,38.867408],[-6.611238,38.873249],[-6.614485,38.897027],[-6.628315,38.901026],[-6.637807,38.899239],[-6.645491,38.902404],[-6.643211,38.913654],[-6.635355,38.912639],[-6.634738,38.936746],[-6.637849,38.950116],[-6.636678,38.958283],[-6.645904,38.969417],[-6.619992,38.965213],[-6.601681,38.968794],[-6.600446,38.997294],[-6.604019,39.014565],[-6.601581,39.034843],[-6.582227,39.031523],[-6.576244,39.022441],[-6.56659,39.015225],[-6.558721,39.019439],[-6.550246,39.019924],[-6.538814,39.020839],[-6.537732,39.014797],[-6.5258,39.015261],[-6.527535,38.999265],[-6.524783,38.984204],[-6.530637,38.979724],[-6.521151,38.972235],[-6.521877,38.964808],[-6.519483,38.96262],[-6.517795,38.959305],[-6.520468,38.950116],[-6.519168,38.940322],[-6.523233,38.935078],[-6.52257,38.930885]]],[[[-6.582924,39.031836],[-6.579817,39.037591],[-6.575664,39.037219],[-6.579296,39.032419],[-6.582924,39.031836]]]]}},{"type":"Feature","properties":{"country":"ES","region":"Nava de Santiago, La","parent":"Badajoz"},"geometry":{"type":"Polygon","coordinates":[[[-6.559249,39.07343],[-6.557743,39.07929],[-6.550246,39.088354],[-6.513554,39.110244],[-6.50938,39.103868],[-6.500473,39.102349],[-6.494041,39.096668],[-6.472477,39.086962],[-6.46958,39.081289],[-6.475301,39.069237],[-6.478793,39.043485],[-6.486763,39.036526],[-6.497856,39.034821],[-6.517227,39.039995],[-6.536748,39.040623],[-6.550246,39.050717],[-6.559249,39.07343]]]}},{"type":"Feature","properties":{"country":"ES","region":"Oliva de Mérida","parent":"Badajoz"},"geometry":{"type":"Polygon","coordinates":[[[-5.858264,38.642116],[-5.881445,38.628339],[-5.942727,38.628254],[-5.952555,38.631663],[-5.980554,38.66495],[-6.002209,38.673111],[-6.0443,38.705309],[-6.06936,38.713214],[-6.087747,38.714241],[-6.090695,38.71696],[-6.101951,38.712733],[-6.103745,38.713524],[-6.110277,38.714874],[-6.112573,38.715839],[-6.114481,38.716888],[-6.118688,38.720035],[-6.124952,38.723381],[-6.128122,38.72673],[-6.132064,38.727076],[-6.149154,38.72957],[-6.158121,38.736245],[-6.167302,38.736584],[-6.189323,38.744442],[-6.190189,38.746292],[-6.192316,38.749126],[-6.196078,38.769481],[-6.1963,38.772674],[-6.198232,38.77882],[-6.198269,38.780647],[-6.182279,38.817085],[-6.17797,38.83184],[-6.152475,38.868393],[-6.138216,38.859856],[-6.132064,38.851065],[-6.131082,38.849098],[-6.12865,38.845108],[-6.104922,38.792968],[-6.0939,38.770007],[-6.073731,38.75856],[-6.042563,38.750279],[-6.021343,38.753918],[-6.017904,38.75526],[-6.013035,38.755752],[-5.999743,38.753868],[-5.992238,38.751645],[-5.977824,38.75078],[-5.969833,38.748302],[-5.933709,38.739679],[-5.91292,38.723375],[-5.919096,38.713662],[-5.888142,38.682171],[-5.8786,38.662992],[-5.861344,38.642246],[-5.858264,38.642116]]]}},{"type":"Feature","properties":{"country":"ES","region":"Puebla de la Calzada","parent":"Badajoz"},"geometry":{"type":"Polygon","coordinates":[[[-6.603765,38.867408],[-6.625393,38.855638],[-6.64517,38.867249],[-6.652557,38.866424],[-6.6523,38.870395],[-6.647909,38.878956],[-6.645266,38.887382],[-6.64395,38.890529],[-6.648288,38.890392],[-6.647649,38.892978],[-6.647177,38.897983],[-6.645586,38.900203],[-6.645491,38.902404],[-6.637807,38.899239],[-6.628315,38.901026],[-6.614485,38.897027],[-6.611238,38.873249],[-6.603765,38.867408]]]}},{"type":"Feature","properties":{"country":"ES","region":"Puebla de Obando","parent":"Badajoz"},"geometry":{"type":"Polygon","coordinates":[[[-6.574326,39.158416],[-6.639455,39.166031],[-6.681075,39.177211],[-6.659852,39.198225],[-6.64564,39.194004],[-6.633182,39.196478],[-6.580994,39.17943],[-6.58373,39.172065],[-6.574894,39.167613],[-6.574326,39.158416]]]}},{"type":"Feature","properties":{"country":"ES","region":"Roca de la Sierra, La","parent":"Badajoz"},"geometry":{"type":"Polygon","coordinates":[[[-6.580151,39.119533],[-6.569052,39.119785],[-6.57308,39.102203],[-6.584849,39.086453],[-6.616608,39.065804],[-6.637308,39.045315],[-6.721407,39.057369],[-6.724548,39.061916],[-6.728086,39.064865],[-6.739616,39.068107],[-6.740173,39.071888],[-6.743395,39.075336],[-6.747153,39.075611],[-6.734584,39.122284],[-6.73499,39.125389],[-6.740244,39.128319],[-6.742577,39.130195],[-6.743328,39.13192],[-6.744775,39.133495],[-6.745678,39.135673],[-6.746076,39.138988],[-6.580151,39.119533]]]}},{"type":"Feature","properties":{"country":"ES","region":"San Pedro de Mérida","parent":"Badajoz"},"geometry":{"type":"Polygon","coordinates":[[[-6.151833,38.990352],[-6.164201,38.950116],[-6.162888,38.941108],[-6.18443,38.928776],[-6.18774,38.931336],[-6.193274,38.933868],[-6.195775,38.934349],[-6.199307,38.936947],[-6.200609,38.938232],[-6.201197,38.940002],[-6.203213,38.941719],[-6.206052,38.944824],[-6.208021,38.946037],[-6.213531,38.950116],[-6.216316,38.957042],[-6.213376,38.965905],[-6.193218,38.980326],[-6.151833,38.990352]]]}},{"type":"Feature","properties":{"country":"ES","region":"Santa Amalia","parent":"Badajoz"},"geometry":{"type":"Polygon","coordinates":[[[-6.059076,38.961536],[-6.098204,38.953888],[-6.106742,38.955909],[-6.100997,38.962973],[-6.085459,38.966291],[-6.086606,38.987724],[-6.068256,38.995672],[-6.049922,39.013681],[-6.039755,39.019576],[-6.039786,39.022038],[-6.062402,39.030684],[-6.116221,39.03333],[-6.140569,39.029657],[-6.142163,39.031639],[-6.136534,39.034168],[-6.132064,39.038693],[-6.125241,39.050003],[-6.105791,39.065502],[-6.078655,39.093573],[-6.062349,39.10215],[-6.074607,39.085758],[-6.076762,39.069439],[-6.087264,39.05508],[-6.101662,39.055187],[-6.117317,39.05149],[-6.11945,39.050225],[-6.117758,39.047319],[-6.07835,39.03672],[-6.068659,39.037491],[-6.02624,39.023944],[-6.016055,39.034204],[-6.009574,39.047204],[-5.985235,39.051357],[-5.966238,39.067411],[-5.937704,39.083839],[-5.924755,39.083236],[-5.925697,39.064019],[-5.962248,39.037069],[-5.994076,39.030353],[-5.999652,39.013565],[-6.005976,39.003953],[-6.012593,39.00369],[-6.020634,38.992523],[-6.029154,38.978853],[-6.030724,38.969025],[-6.059076,38.961536]]]}},{"type":"Feature","properties":{"country":"ES","region":"Santa Marta","parent":"Badajoz"},"geometry":{"type":"Polygon","coordinates":[[[-6.598592,38.714836],[-6.582107,38.686943],[-6.595826,38.671283],[-6.590106,38.662498],[-6.591702,38.657201],[-6.584589,38.648862],[-6.588405,38.64107],[-6.585053,38.622309],[-6.589423,38.600475],[-6.586912,38.591533],[-6.595854,38.589935],[-6.60389,38.58723],[-6.609387,38.58469],[-6.61459,38.588196],[-6.622065,38.58828],[-6.630544,38.591636],[-6.633786,38.590843],[-6.638258,38.588947],[-6.642741,38.588348],[-6.646934,38.586876],[-6.65426,38.588321],[-6.658269,38.590294],[-6.681804,38.599296],[-6.683958,38.599884],[-6.686494,38.601425],[-6.689912,38.602959],[-6.696537,38.60411],[-6.703514,38.605823],[-6.706392,38.606014],[-6.709222,38.606769],[-6.710047,38.614987],[-6.695119,38.632065],[-6.700405,38.688198],[-6.69107,38.693279],[-6.669757,38.698405],[-6.665809,38.704019],[-6.666329,38.712129],[-6.663775,38.713461],[-6.643143,38.701679],[-6.615219,38.704424],[-6.598592,38.714836]]]}},{"type":"Feature","properties":{"country":"ES","region":"Solana de los Barros","parent":"Badajoz"},"geometry":{"type":"Polygon","coordinates":[[[-6.559639,38.790542],[-6.538897,38.773598],[-6.536784,38.762627],[-6.528508,38.755353],[-6.52816,38.739125],[-6.517667,38.726951],[-6.516144,38.715606],[-6.520995,38.694172],[-6.542281,38.689804],[-6.575428,38.695217],[-6.598592,38.714836],[-6.637052,38.738023],[-6.636518,38.739872],[-6.614315,38.739927],[-6.625782,38.753999],[-6.626254,38.765526],[-6.618256,38.765253],[-6.594839,38.754284],[-6.593228,38.766272],[-6.582083,38.766703],[-6.568849,38.773505],[-6.562843,38.779105],[-6.559639,38.790542]]]}},{"type":"Feature","properties":{"country":"ES","region":"Torremayor","parent":"Badajoz"},"geometry":{"type":"Polygon","coordinates":[[[-6.511212,38.90377],[-6.509997,38.900116],[-6.512056,38.896332],[-6.515064,38.895168],[-6.519431,38.89254],[-6.52477,38.890964],[-6.529907,38.888325],[-6.531718,38.887909],[-6.542631,38.885749],[-6.55574,38.887602],[-6.561951,38.897585],[-6.576437,38.900771],[-6.580284,38.906398],[-6.583424,38.930136],[-6.554483,38.931949],[-6.524471,38.914982],[-6.511212,38.90377]]]}},{"type":"Feature","properties":{"country":"ES","region":"Torremejía","parent":"Badajoz"},"geometry":{"type":"Polygon","coordinates":[[[-6.336659,38.795159],[-6.338763,38.794292],[-6.34345,38.789898],[-6.357134,38.77813],[-6.370907,38.765402],[-6.379468,38.764261],[-6.399045,38.771185],[-6.40873,38.789965],[-6.386371,38.818462],[-6.383078,38.819364],[-6.344664,38.805224],[-6.336659,38.795159]]]}},{"type":"Feature","properties":{"country":"ES","region":"Trujillanos","parent":"Badajoz"},"geometry":{"type":"Polygon","coordinates":[[[-6.282518,38.960403],[-6.256475,38.980855],[-6.248177,38.983625],[-6.225534,38.976999],[-6.225167,38.967262],[-6.220615,38.956659],[-6.222426,38.950116],[-6.227187,38.943715],[-6.252487,38.933666],[-6.263242,38.936379],[-6.278775,38.950116],[-6.282518,38.960403]]]}},{"type":"Feature","properties":{"country":"ES","region":"Valdetorres","parent":"Badajoz"},"geometry":{"type":"Polygon","coordinates":[[[-6.012306,38.92659],[-6.020751,38.923928],[-6.026241,38.917952],[-6.037988,38.916116],[-6.039773,38.909532],[-6.035771,38.896562],[-6.036562,38.884872],[-6.044623,38.870863],[-6.050512,38.868426],[-6.058197,38.875247],[-6.062427,38.890034],[-6.082649,38.885131],[-6.098531,38.887552],[-6.102915,38.896646],[-6.120464,38.911878],[-6.112781,38.91971],[-6.094026,38.930798],[-6.087672,38.927578],[-6.074021,38.927272],[-6.060936,38.936416],[-6.052673,38.934444],[-6.045932,38.943288],[-6.025516,38.94644],[-6.016177,38.939735],[-6.012306,38.92659]]]}},{"type":"Feature","properties":{"country":"ES","region":"Valverde de Mérida","parent":"Badajoz"},"geometry":{"type":"Polygon","coordinates":[[[-6.190471,38.910991],[-6.191279,38.887152],[-6.211111,38.884093],[-6.213502,38.879845],[-6.210332,38.866707],[-6.227262,38.855842],[-6.231233,38.85854],[-6.230702,38.863359],[-6.231742,38.866328],[-6.258387,38.876569],[-6.278647,38.889537],[-6.279219,38.89446],[-6.274543,38.898953],[-6.272135,38.922886],[-6.262654,38.93236],[-6.248093,38.932582],[-6.236621,38.938753],[-6.208021,38.946037],[-6.206052,38.944824],[-6.203213,38.941719],[-6.201197,38.940002],[-6.200609,38.938232],[-6.199307,38.936947],[-6.195775,38.934349],[-6.193274,38.933868],[-6.18774,38.931336],[-6.18443,38.928776],[-6.185168,38.918036],[-6.190471,38.910991]]]}},{"type":"Feature","properties":{"country":"ES","region":"Villagonzalo","parent":"Badajoz"},"geometry":{"type":"MultiPolygon","coordinates":[[[[-6.182279,38.817085],[-6.185328,38.816242],[-6.187128,38.816555],[-6.188986,38.817703],[-6.19459,38.82661],[-6.19635,38.83197],[-6.202047,38.832912],[-6.208699,38.835628],[-6.214153,38.837292],[-6.222421,38.837776],[-6.224681,38.839344],[-6.228821,38.841403],[-6.227262,38.855842],[-6.210332,38.866707],[-6.213502,38.879845],[-6.211111,38.884093],[-6.191279,38.887152],[-6.190471,38.910991],[-6.171924,38.893759],[-6.152475,38.868393],[-6.17797,38.83184],[-6.182279,38.817085]]],[[[-6.332067,38.79985],[-6.324545,38.800743],[-6.319766,38.80096],[-6.313588,38.800045],[-6.310031,38.799019],[-6.293857,38.793268],[-6.272126,38.789034],[-6.271291,38.780695],[-6.336659,38.795159],[-6.332067,38.79985]]],[[[-6.317865,38.760692],[-6.313226,38.769588],[-6.310162,38.773739],[-6.300675,38.769935],[-6.299044,38.768745],[-6.297686,38.768219],[-6.296843,38.766899],[-6.294745,38.766067],[-6.29718,38.753223],[-6.303273,38.754654],[-6.317865,38.760692]]]]}},{"type":"Feature","properties":{"country":"ES","region":"Villalba de los Barros","parent":"Badajoz"},"geometry":{"type":"Polygon","coordinates":[[[-6.542281,38.689804],[-6.546348,38.680362],[-6.541939,38.668892],[-6.530413,38.662186],[-6.523479,38.652922],[-6.51507,38.647351],[-6.517075,38.638334],[-6.506172,38.631729],[-6.50131,38.619606],[-6.500149,38.611067],[-6.493011,38.603199],[-6.5052,38.577244],[-6.50588,38.561599],[-6.514121,38.560005],[-6.521442,38.562401],[-6.530038,38.560474],[-6.541694,38.55255],[-6.54757,38.553367],[-6.586912,38.591533],[-6.589423,38.600475],[-6.585053,38.622309],[-6.588405,38.64107],[-6.584589,38.648862],[-6.591702,38.657201],[-6.590106,38.662498],[-6.595826,38.671283],[-6.582107,38.686943],[-6.598592,38.714836],[-6.575428,38.695217],[-6.542281,38.689804]]]}},{"type":"Feature","properties":{"country":"ES","region":"Zarza, La (Badajoz)","parent":"Badajoz"},"geometry":{"type":"MultiPolygon","coordinates":[[[[-6.198269,38.780647],[-6.20847,38.781974],[-6.239538,38.798104],[-6.28959,38.801311],[-6.30754,38.805255],[-6.310031,38.799019],[-6.313588,38.800045],[-6.319766,38.80096],[-6.324545,38.800743],[-6.332067,38.79985],[-6.310449,38.823162],[-6.306474,38.832212],[-6.296153,38.843815],[-6.286636,38.835656],[-6.277724,38.832675],[-6.246118,38.832174],[-6.23024,38.840436],[-6.228821,38.841403],[-6.224681,38.839344],[-6.222421,38.837776],[-6.214153,38.837292],[-6.208699,38.835628],[-6.202047,38.832912],[-6.19635,38.83197],[-6.19459,38.82661],[-6.188986,38.817703],[-6.187128,38.816555],[-6.185328,38.816242],[-6.182279,38.817085],[-6.198269,38.780647]]],[[[-6.357134,38.77813],[-6.34345,38.789898],[-6.278711,38.777308],[-6.269941,38.773156],[-6.271325,38.765622],[-6.29718,38.753223],[-6.294745,38.766067],[-6.296843,38.766899],[-6.297686,38.768219],[-6.299044,38.768745],[-6.300675,38.769935],[-6.310162,38.773739],[-6.313226,38.769588],[-6.317865,38.760692],[-6.32099,38.760837],[-6.3263,38.761703],[-6.33013,38.763424],[-6.333141,38.7653],[-6.336179,38.766079],[-6.337688,38.767071],[-6.346524,38.770511],[-6.348899,38.770832],[-6.354268,38.770508],[-6.357445,38.771518],[-6.358001,38.775722],[-6.357134,38.77813]]]]}},{"type":"Feature","properties":{"country":"ES","region":"Valdelacalzada","parent":"Badajoz"},"geometry":{"type":"Polygon","coordinates":[[[-6.728701,38.909305],[-6.718839,38.910015],[-6.712805,38.905795],[-6.685201,38.903327],[-6.675572,38.905602],[-6.645491,38.902404],[-6.645586,38.900203],[-6.647177,38.897983],[-6.647649,38.892978],[-6.648288,38.890392],[-6.64395,38.890529],[-6.645266,38.887382],[-6.647909,38.878956],[-6.6523,38.870395],[-6.652557,38.866424],[-6.658652,38.865738],[-6.663476,38.865677],[-6.666604,38.866237],[-6.670025,38.867786],[-6.673421,38.868625],[-6.685766,38.869819],[-6.688173,38.869339],[-6.69058,38.869533],[-6.694441,38.869365],[-6.698556,38.869388],[-6.703667,38.868183],[-6.710264,38.867412],[-6.712353,38.867481],[-6.717007,38.868362],[-6.723089,38.871204],[-6.732899,38.878303],[-6.737099,38.881706],[-6.740915,38.885486],[-6.745987,38.901649],[-6.73802,38.900654],[-6.728701,38.909305]]]}},{"type":"Feature","properties":{"country":"ES","region":"Pueblonuevo del Guadiana","parent":"Badajoz"},"geometry":{"type":"MultiPolygon","coordinates":[[[[-6.728701,38.909305],[-6.73802,38.900654],[-6.745987,38.901649],[-6.740915,38.885486],[-6.752723,38.891823],[-6.770207,38.90766],[-6.79078,38.911213],[-6.808214,38.927859],[-6.802774,38.931252],[-6.791279,38.930388],[-6.78826,38.937553],[-6.770305,38.950116],[-6.767931,38.951526],[-6.764846,38.951765],[-6.762925,38.950116],[-6.768168,38.941967],[-6.756543,38.942363],[-6.747437,38.947855],[-6.74048,38.947811],[-6.727122,38.935354],[-6.719722,38.933702],[-6.717609,38.929485],[-6.719797,38.920589],[-6.728701,38.909305]]],[[[-6.762817,38.956623],[-6.760441,38.961733],[-6.756761,38.961866],[-6.758077,38.957117],[-6.762817,38.956623]]]]}},{"type":"Feature","properties":{"country":"ES","region":"Guadiana","parent":"Badajoz"},"geometry":{"type":"Polygon","coordinates":[[[-6.70829,38.936262],[-6.701663,38.950116],[-6.706719,38.95427],[-6.703831,38.957303],[-6.689999,38.959446],[-6.683362,38.957201],[-6.6639,38.967409],[-6.648854,38.965452],[-6.641801,38.950116],[-6.639018,38.941644],[-6.648756,38.925662],[-6.646092,38.92091],[-6.647636,38.91316],[-6.682993,38.908523],[-6.706372,38.913845],[-6.70829,38.936262]]]}},{"type":"Feature","properties":{"country":"ES","region":"Aceuchal","parent":"Badajoz"},"geometry":{"type":"Polygon","coordinates":[[[-6.50131,38.619606],[-6.506172,38.631729],[-6.517075,38.638334],[-6.51507,38.647351],[-6.523479,38.652922],[-6.530413,38.662186],[-6.541939,38.668892],[-6.546348,38.680362],[-6.542281,38.689804],[-6.520995,38.694172],[-6.516144,38.715606],[-6.517667,38.726951],[-6.504415,38.723296],[-6.500096,38.714404],[-6.490848,38.712058],[-6.487421,38.706268],[-6.476831,38.700024],[-6.464739,38.673611],[-6.455315,38.668449],[-6.453858,38.660587],[-6.429673,38.647681],[-6.434837,38.635475],[-6.445229,38.627063],[-6.465245,38.62276],[-6.478778,38.614812],[-6.497447,38.613396],[-6.50131,38.619606]]]}},{"type":"Feature","properties":{"country":"ES","region":"Alange","parent":"Badajoz"},"geometry":{"type":"Polygon","coordinates":[[[-6.189323,38.744442],[-6.187577,38.720928],[-6.189879,38.711405],[-6.186463,38.702429],[-6.188919,38.693322],[-6.215878,38.684284],[-6.241977,38.67016],[-6.260577,38.663814],[-6.28208,38.660033],[-6.301661,38.661734],[-6.313421,38.659069],[-6.337959,38.65724],[-6.341898,38.654261],[-6.356723,38.658097],[-6.342712,38.680052],[-6.339912,38.696959],[-6.343812,38.699259],[-6.343978,38.703003],[-6.319362,38.723019],[-6.328406,38.728374],[-6.32612,38.738658],[-6.332328,38.743637],[-6.334935,38.750074],[-6.329181,38.755167],[-6.331171,38.761031],[-6.339165,38.766134],[-6.355648,38.768616],[-6.357445,38.771518],[-6.354268,38.770508],[-6.348899,38.770832],[-6.346524,38.770511],[-6.337688,38.767071],[-6.336179,38.766079],[-6.333141,38.7653],[-6.33013,38.763424],[-6.3263,38.761703],[-6.32099,38.760837],[-6.317865,38.760692],[-6.303273,38.754654],[-6.29718,38.753223],[-6.271325,38.765622],[-6.269941,38.773156],[-6.278711,38.777308],[-6.34345,38.789898],[-6.338763,38.794292],[-6.336659,38.795159],[-6.271291,38.780695],[-6.272126,38.789034],[-6.293857,38.793268],[-6.310031,38.799019],[-6.30754,38.805255],[-6.28959,38.801311],[-6.239538,38.798104],[-6.20847,38.781974],[-6.198269,38.780647],[-6.198232,38.77882],[-6.1963,38.772674],[-6.196078,38.769481],[-6.192316,38.749126],[-6.190189,38.746292],[-6.189323,38.744442]]]}},{"type":"Feature","properties":{"country":"ES","region":"Aljucén","parent":"Badajoz"},"geometry":{"type":"Polygon","coordinates":[[[-6.314813,39.034153],[-6.339204,39.036087],[-6.366167,39.051943],[-6.366607,39.055962],[-6.360482,39.066114],[-6.346427,39.076479],[-6.316218,39.077238],[-6.308633,39.074009],[-6.308514,39.067489],[-6.305668,39.062969],[-6.305663,39.060158],[-6.306593,39.05804],[-6.308448,39.056198],[-6.308158,39.052665],[-6.309661,39.048721],[-6.310186,39.044651],[-6.314425,39.037479],[-6.314813,39.034153]]]}},{"type":"Feature","properties":{"country":"ES","region":"Montánchez","parent":"Cáceres"},"geometry":{"type":"MultiPolygon","coordinates":[[[[-6.241657,39.237536],[-6.222544,39.240835],[-6.213652,39.233574],[-6.20003,39.235224],[-6.177321,39.246941],[-6.163164,39.258741],[-6.165984,39.277617],[-6.184242,39.283993],[-6.186238,39.292099],[-6.168528,39.295338],[-6.165305,39.283732],[-6.154582,39.279942],[-6.145419,39.271937],[-6.143623,39.266618],[-6.132064,39.26369],[-6.130763,39.257536],[-6.119338,39.243048],[-6.10392,39.234091],[-6.07792,39.231672],[-6.075372,39.227793],[-6.076845,39.222409],[-6.084934,39.204111],[-6.089246,39.203546],[-6.101501,39.199171],[-6.112824,39.189609],[-6.132064,39.194244],[-6.144291,39.194604],[-6.149183,39.198387],[-6.155774,39.196252],[-6.179101,39.204342],[-6.188136,39.202131],[-6.192105,39.195791],[-6.195591,39.197791],[-6.19944,39.203489],[-6.199404,39.209702],[-6.200732,39.212163],[-6.214482,39.224364],[-6.221192,39.227986],[-6.231632,39.23596],[-6.235925,39.237406],[-6.241657,39.237536]]],[[[-6.212064,39.131864],[-6.214263,39.107603],[-6.171744,39.080519],[-6.171642,39.071042],[-6.220154,39.098921],[-6.230912,39.089734],[-6.295422,39.098425],[-6.311596,39.11165],[-6.311985,39.132341],[-6.30792,39.146351],[-6.310427,39.156106],[-6.321045,39.170849],[-6.319484,39.183949],[-6.303135,39.16782],[-6.294387,39.149704],[-6.279137,39.131631],[-6.254446,39.136459],[-6.212064,39.131864]]]]}},{"type":"Feature","properties":{"country":"ES","region":"Alcuéscar","parent":"Cáceres"},"geometry":{"type":"MultiPolygon","coordinates":[[[[-6.230912,39.089734],[-6.220154,39.098921],[-6.171642,39.071042],[-6.168465,39.058933],[-6.174555,39.05785],[-6.177699,39.05759],[-6.179747,39.057651],[-6.184509,39.057125],[-6.202914,39.057079],[-6.204675,39.05871],[-6.206557,39.059676],[-6.215649,39.068657],[-6.220367,39.075635],[-6.225487,39.085036],[-6.230912,39.089734]]],[[[-6.319484,39.183949],[-6.305114,39.195316],[-6.287887,39.199191],[-6.274025,39.206788],[-6.248283,39.237549],[-6.246123,39.23752],[-6.243574,39.237781],[-6.241657,39.237536],[-6.235925,39.237406],[-6.231632,39.23596],[-6.221192,39.227986],[-6.214482,39.224364],[-6.200732,39.212163],[-6.199404,39.209702],[-6.19944,39.203489],[-6.195591,39.197791],[-6.192105,39.195791],[-6.188778,39.191603],[-6.190766,39.183507],[-6.171276,39.157253],[-6.172794,39.139731],[-6.212064,39.131864],[-6.254446,39.136459],[-6.279137,39.131631],[-6.294387,39.149704],[-6.303135,39.16782],[-6.319484,39.183949]]]]}},{"type":"Feature","properties":{"country":"ES","region":"Almoharín","parent":"Cáceres"},"geometry":{"type":"Polygon","coordinates":[[[-6.125241,39.050003],[-6.132537,39.075423],[-6.127767,39.084051],[-6.127541,39.092878],[-6.133397,39.105006],[-6.129748,39.107819],[-6.107863,39.110158],[-6.095893,39.119709],[-6.090702,39.1447],[-6.091185,39.166689],[-6.087487,39.176074],[-6.078386,39.186471],[-6.044206,39.198953],[-6.039382,39.203935],[-6.025207,39.20546],[-5.990504,39.200771],[-5.994749,39.188318],[-5.988718,39.181215],[-5.989587,39.178299],[-5.994351,39.174352],[-6.001373,39.145256],[-6.008469,39.133481],[-6.014879,39.129352],[-6.045191,39.114148],[-6.062349,39.10215],[-6.078655,39.093573],[-6.105791,39.065502],[-6.125241,39.050003]]]}},{"type":"Feature","properties":{"country":"ES","region":"Arroyomolinos (Cáceres)","parent":"Cáceres"},"geometry":{"type":"Polygon","coordinates":[[[-6.212064,39.131864],[-6.172794,39.139731],[-6.171276,39.157253],[-6.190766,39.183507],[-6.188778,39.191603],[-6.192105,39.195791],[-6.188136,39.202131],[-6.179101,39.204342],[-6.155774,39.196252],[-6.149183,39.198387],[-6.144291,39.194604],[-6.132064,39.194244],[-6.112824,39.189609],[-6.101501,39.199171],[-6.089246,39.203546],[-6.086305,39.195278],[-6.078386,39.186471],[-6.087487,39.176074],[-6.091185,39.166689],[-6.090702,39.1447],[-6.095893,39.119709],[-6.107863,39.110158],[-6.129748,39.107819],[-6.133397,39.105006],[-6.127541,39.092878],[-6.127767,39.084051],[-6.132537,39.075423],[-6.125241,39.050003],[-6.132064,39.038693],[-6.136534,39.034168],[-6.142163,39.031639],[-6.153398,39.052349],[-6.168465,39.058933],[-6.171642,39.071042],[-6.171744,39.080519],[-6.214263,39.107603],[-6.212064,39.131864]]]}},{"type":"Feature","properties":{"country":"ES","region":"Cáceres","parent":"Cáceres"},"geometry":{"type":"Polygon","coordinates":[[[-6.474849,39.460156],[-6.480383,39.472053],[-6.479404,39.491462],[-6.475061,39.494958],[-6.466252,39.495295],[-6.446935,39.512862],[-6.494718,39.537168],[-6.521018,39.540275],[-6.529885,39.54451],[-6.546825,39.549171],[-6.556,39.566894],[-6.553812,39.571546],[-6.55736,39.576492],[-6.554973,39.577617],[-6.550246,39.580617],[-6.537355,39.583423],[-6.534734,39.571959],[-6.520563,39.571074],[-6.508139,39.565674],[-6.496671,39.566909],[-6.487762,39.572851],[-6.46813,39.565844],[-6.465397,39.561361],[-6.466052,39.555349],[-6.451478,39.539626],[-6.44107,39.539228],[-6.42882,39.533452],[-6.401233,39.538839],[-6.384385,39.551477],[-6.387967,39.582013],[-6.391709,39.591083],[-6.419952,39.598045],[-6.427924,39.611851],[-6.430593,39.622598],[-6.440737,39.620698],[-6.44758,39.6263],[-6.462543,39.624927],[-6.465733,39.627387],[-6.437057,39.648796],[-6.421799,39.634902],[-6.421079,39.62684],[-6.416164,39.621246],[-6.392279,39.612723],[-6.374583,39.601935],[-6.342262,39.593467],[-6.319269,39.590139],[-6.305658,39.591289],[-6.287323,39.595119],[-6.274004,39.585049],[-6.266983,39.58705],[-6.251567,39.582107],[-6.243782,39.582945],[-6.241749,39.576507],[-6.232778,39.577104],[-6.206706,39.568429],[-6.20077,39.570077],[-6.196294,39.566382],[-6.190266,39.5664],[-6.188203,39.560869],[-6.176755,39.551949],[-6.171369,39.551478],[-6.167353,39.547066],[-6.158177,39.546979],[-6.154699,39.539642],[-6.144717,39.540676],[-6.136856,39.533187],[-6.144675,39.524324],[-6.138277,39.523106],[-6.132064,39.512157],[-6.117088,39.504695],[-6.108689,39.48467],[-6.097604,39.480598],[-6.097279,39.475457],[-6.090078,39.469235],[-6.094939,39.465606],[-6.09719,39.463152],[-6.093093,39.456352],[-6.082025,39.452897],[-6.087734,39.448077],[-6.09151,39.439541],[-6.085105,39.428046],[-6.088282,39.423499],[-6.08001,39.421754],[-6.081365,39.412213],[-6.086813,39.408541],[-6.084567,39.405441],[-6.090592,39.404031],[-6.085678,39.399379],[-6.093369,39.394556],[-6.091612,39.389296],[-6.086457,39.386352],[-6.090375,39.384108],[-6.081292,39.37702],[-6.085024,39.367111],[-6.106691,39.364742],[-6.114074,39.364769],[-6.132064,39.363701],[-6.150653,39.364024],[-6.174032,39.359751],[-6.200064,39.347957],[-6.20653,39.351876],[-6.197496,39.367298],[-6.196147,39.378303],[-6.20396,39.384409],[-6.211654,39.381827],[-6.219314,39.384606],[-6.230343,39.378116],[-6.236914,39.38041],[-6.233033,39.388758],[-6.233588,39.39919],[-6.24187,39.40403],[-6.259564,39.403964],[-6.277932,39.389775],[-6.279918,39.385387],[-6.272704,39.375031],[-6.273714,39.367124],[-6.262078,39.365577],[-6.260089,39.357535],[-6.263119,39.353332],[-6.280124,39.350525],[-6.287213,39.326088],[-6.300446,39.323112],[-6.30183,39.320051],[-6.297692,39.315117],[-6.308932,39.314648],[-6.31603,39.321781],[-6.325705,39.320165],[-6.323348,39.296846],[-6.35541,39.29297],[-6.362977,39.287492],[-6.365352,39.280558],[-6.34234,39.278731],[-6.33449,39.273206],[-6.323543,39.271117],[-6.305205,39.276812],[-6.296792,39.267406],[-6.298978,39.253139],[-6.291451,39.250109],[-6.305884,39.230438],[-6.308364,39.21839],[-6.319185,39.200171],[-6.319484,39.183949],[-6.327784,39.186515],[-6.342362,39.183502],[-6.355829,39.177104],[-6.368879,39.164923],[-6.376382,39.162923],[-6.398231,39.16527],[-6.402014,39.164476],[-6.403773,39.164857],[-6.406758,39.165004],[-6.436813,39.175297],[-6.457856,39.17411],[-6.491699,39.16831],[-6.535428,39.180297],[-6.538531,39.156765],[-6.550246,39.156895],[-6.552363,39.157413],[-6.557535,39.157913],[-6.574326,39.158416],[-6.574894,39.167613],[-6.58373,39.172065],[-6.580994,39.17943],[-6.633182,39.196478],[-6.64564,39.194004],[-6.659852,39.198225],[-6.681075,39.177211],[-6.683049,39.177322],[-6.687093,39.178318],[-6.690174,39.1786],[-6.694691,39.179969],[-6.69745,39.181377],[-6.701542,39.182842],[-6.708485,39.185016],[-6.7156,39.186283],[-6.717596,39.186401],[-6.722884,39.187881],[-6.730219,39.188927],[-6.732762,39.189804],[-6.735452,39.189451],[-6.738252,39.189586],[-6.74112,39.190422],[-6.744293,39.192238],[-6.750726,39.1941],[-6.753309,39.193912],[-6.755297,39.19257],[-6.756852,39.19067],[-6.761453,39.188514],[-6.767576,39.188434],[-6.783248,39.200337],[-6.794291,39.214082],[-6.800801,39.237828],[-6.784093,39.253862],[-6.778273,39.265124],[-6.768014,39.26913],[-6.761744,39.276223],[-6.747196,39.321753],[-6.750972,39.326143],[-6.772083,39.329447],[-6.796156,39.344526],[-6.791858,39.368307],[-6.802142,39.389557],[-6.79629,39.397324],[-6.797092,39.40632],[-6.788037,39.414239],[-6.780992,39.420573],[-6.776785,39.42938],[-6.762198,39.437923],[-6.762712,39.444378],[-6.751178,39.448462],[-6.747145,39.455261],[-6.73637,39.457622],[-6.72431,39.467048],[-6.688792,39.473098],[-6.682253,39.483374],[-6.660656,39.493899],[-6.648921,39.509197],[-6.644048,39.50485],[-6.647746,39.500146],[-6.648254,39.49366],[-6.638348,39.492098],[-6.637996,39.484795],[-6.627918,39.480103],[-6.627713,39.470724],[-6.620828,39.460859],[-6.622456,39.456516],[-6.617029,39.451115],[-6.580356,39.449833],[-6.577088,39.458087],[-6.550246,39.465142],[-6.541996,39.47722],[-6.524467,39.469352],[-6.523181,39.46584],[-6.535905,39.450037],[-6.537989,39.440035],[-6.545672,39.429662],[-6.530868,39.426099],[-6.512588,39.428228],[-6.508345,39.419334],[-6.500824,39.414239],[-6.481695,39.408223],[-6.477257,39.409347],[-6.473009,39.414239],[-6.470171,39.431784],[-6.460732,39.439987],[-6.457401,39.449803],[-6.468293,39.459441],[-6.474849,39.460156]],[[-6.299038,39.444954],[-6.288761,39.420144],[-6.267779,39.417476],[-6.26163,39.417442],[-6.2536,39.42469],[-6.238712,39.420312],[-6.231249,39.438826],[-6.233533,39.448153],[-6.280059,39.459525],[-6.286385,39.457306],[-6.299038,39.444954]],[[-6.76258,39.402846],[-6.745042,39.399946],[-6.732618,39.381153],[-6.736706,39.372165],[-6.733735,39.362112],[-6.723647,39.352911],[-6.717495,39.351079],[-6.699466,39.354229],[-6.692159,39.360832],[-6.67929,39.365638],[-6.659154,39.367138],[-6.636051,39.384113],[-6.647594,39.395469],[-6.648741,39.407242],[-6.657729,39.416656],[-6.654199,39.421087],[-6.643295,39.422925],[-6.641819,39.42582],[-6.650894,39.434746],[-6.659415,39.435055],[-6.664407,39.442108],[-6.680646,39.454224],[-6.683933,39.461078],[-6.697965,39.461833],[-6.705978,39.448856],[-6.739846,39.439616],[-6.755945,39.41591],[-6.76258,39.402846]]]}},{"type":"Feature","properties":{"country":"ES","region":"Casas de Don Antonio","parent":"Cáceres"},"geometry":{"type":"Polygon","coordinates":[[[-6.291451,39.250109],[-6.286053,39.259999],[-6.263027,39.279457],[-6.259338,39.281257],[-6.256153,39.28231],[-6.248283,39.237549],[-6.274025,39.206788],[-6.287887,39.199191],[-6.305114,39.195316],[-6.319484,39.183949],[-6.319185,39.200171],[-6.308364,39.21839],[-6.305884,39.230438],[-6.291451,39.250109]]]}},{"type":"Feature","properties":{"country":"ES","region":"Cabezón de Liébana","parent":"Cantabria"},"geometry":{"type":"Polygon","coordinates":[[[-4.462004,43.145905],[-4.4751,43.135695],[-4.482997,43.124369],[-4.468706,43.111655],[-4.471085,43.100891],[-4.487946,43.093942],[-4.49506,43.095917],[-4.522314,43.091909],[-4.538689,43.10366],[-4.571034,43.108018],[-4.569012,43.094161],[-4.585057,43.081932],[-4.592471,43.08052],[-4.60094,43.090301],[-4.60465,43.113177],[-4.60302,43.119168],[-4.608328,43.13255],[-4.612587,43.158269],[-4.605923,43.156004],[-4.581605,43.157103],[-4.5723,43.158956],[-4.561865,43.166583],[-4.55102,43.169828],[-4.522617,43.167407],[-4.511907,43.172021],[-4.499042,43.163267],[-4.483721,43.157319],[-4.462004,43.145905]]]}},{"type":"Feature","properties":{"country":"ES","region":"Camaleño","parent":"Cantabria"},"geometry":{"type":"Polygon","coordinates":[[[-4.733497,43.194241],[-4.718905,43.200237],[-4.701255,43.198635],[-4.68613,43.210733],[-4.668964,43.205196],[-4.661854,43.199102],[-4.65844,43.186894],[-4.652845,43.18158],[-4.629841,43.170528],[-4.633717,43.16103],[-4.632677,43.154288],[-4.634236,43.15167],[-4.636618,43.149664],[-4.638114,43.147202],[-4.639905,43.145252],[-4.644034,43.142121],[-4.661865,43.139792],[-4.68807,43.127921],[-4.6995,43.118759],[-4.711003,43.10075],[-4.72074,43.09738],[-4.737407,43.08137],[-4.751383,43.075661],[-4.766838,43.074691],[-4.782749,43.083104],[-4.816175,43.093048],[-4.821549,43.098431],[-4.833157,43.102525],[-4.835626,43.109097],[-4.837201,43.115795],[-4.850228,43.126195],[-4.843494,43.133151],[-4.843338,43.14498],[-4.838834,43.147928],[-4.835651,43.156548],[-4.840041,43.166787],[-4.850771,43.173345],[-4.841023,43.18078],[-4.821651,43.178721],[-4.815496,43.182729],[-4.808373,43.181602],[-4.788425,43.185451],[-4.778122,43.191461],[-4.754345,43.184372],[-4.744864,43.1845],[-4.735809,43.18849],[-4.733497,43.194241]]]}},{"type":"Feature","properties":{"country":"ES","region":"Bande","parent":"Ourense"},"geometry":{"type":"Polygon","coordinates":[[[-7.915804,42.061378],[-7.908555,42.05825],[-7.903857,42.055118],[-7.898122,42.050003],[-7.897048,42.047825],[-7.891467,42.042633],[-7.890058,42.03986],[-7.890681,42.036949],[-7.879422,42.02795],[-7.876259,42.026382],[-7.889184,42.015276],[-7.900263,42.01613],[-7.905371,42.013431],[-7.911774,42.015241],[-7.9217,42.011374],[-7.92659,42.005962],[-7.931438,42.005936],[-7.934993,41.999172],[-7.94357,41.995189],[-7.944244,41.988452],[-7.952061,41.978044],[-7.970936,41.982615],[-7.976426,41.978524],[-7.980378,41.969577],[-7.993914,41.966056],[-7.995186,41.962353],[-8.000392,41.960708],[-8.005374,41.966817],[-8.017075,41.969748],[-8.022154,41.974612],[-8.022634,41.979589],[-8.019021,41.984218],[-8.007201,41.981806],[-7.994497,41.986139],[-7.988524,42.001045],[-8.011483,42.015675],[-8.028502,42.038605],[-8.041333,42.049609],[-8.053516,42.05307],[-8.064349,42.060375],[-8.05299,42.066414],[-8.047442,42.067138],[-8.039978,42.069176],[-8.036718,42.073436],[-8.028284,42.077865],[-8.012553,42.082977],[-8.006585,42.083938],[-7.999533,42.083698],[-7.990611,42.077057],[-7.979614,42.071502],[-7.972258,42.071373],[-7.963602,42.068092],[-7.953968,42.0685],[-7.951473,42.06905],[-7.94673,42.067402],[-7.94142,42.066719],[-7.936502,42.065449],[-7.92523,42.061577],[-7.915804,42.061378]]]}},{"type":"Feature","properties":{"country":"ES","region":"Entrimo","parent":"Ourense"},"geometry":{"type":"Polygon","coordinates":[[[-8.093535,42.000873],[-8.098936,41.997865],[-8.102355,41.97427],[-8.098533,41.96935],[-8.089564,41.965205],[-8.088435,41.937701],[-8.075903,41.928535],[-8.074937,41.923905],[-8.082999,41.921588],[-8.092801,41.909841],[-8.112063,41.896931],[-8.118116,41.898794],[-8.140415,41.897109],[-8.145977,41.901251],[-8.171606,41.907011],[-8.189846,41.905017],[-8.203302,41.898995],[-8.213683,41.900635],[-8.216366,41.913118],[-8.210223,41.923694],[-8.196915,41.940467],[-8.17641,41.95522],[-8.175459,41.960351],[-8.169165,41.964576],[-8.164859,41.972355],[-8.162409,41.982512],[-8.14157,41.988579],[-8.126847,42.005193],[-8.114236,42.005227],[-8.094315,42.01284],[-8.0971,42.002316],[-8.093535,42.000873]]]}},{"type":"Feature","properties":{"country":"ES","region":"Velilla del Río Carrión","parent":"Palencia"},"geometry":{"type":"Polygon","coordinates":[[[-4.714839,42.978725],[-4.73165,42.969417],[-4.732938,42.957779],[-4.728392,42.950656],[-4.736441,42.939672],[-4.720217,42.929891],[-4.701489,42.924883],[-4.689975,42.907994],[-4.687161,42.900397],[-4.690217,42.886112],[-4.698628,42.876061],[-4.693135,42.866085],[-4.703555,42.859327],[-4.738874,42.85447],[-4.755052,42.842586],[-4.757555,42.836028],[-4.781875,42.82859],[-4.796094,42.828565],[-4.809337,42.832213],[-4.819674,42.822775],[-4.826226,42.820876],[-4.827112,42.816036],[-4.832722,42.810657],[-4.847641,42.80747],[-4.878917,42.816902],[-4.892056,42.832184],[-4.88961,42.841326],[-4.900936,42.853652],[-4.898385,42.863083],[-4.880137,42.86549],[-4.865222,42.861903],[-4.855734,42.890689],[-4.847496,42.896655],[-4.83834,42.896328],[-4.836508,42.907622],[-4.810394,42.929798],[-4.810136,42.93601],[-4.803232,42.948473],[-4.806444,42.966986],[-4.796054,42.974227],[-4.793891,42.987027],[-4.779943,42.997968],[-4.767181,43.002062],[-4.756297,43.015034],[-4.737845,43.020944],[-4.736503,43.014968],[-4.715882,42.998526],[-4.714839,42.978725]]]}},{"type":"Feature","properties":{"country":"ES","region":"Lobeira","parent":"Ourense"},"geometry":{"type":"Polygon","coordinates":[[[-8.055584,41.94223],[-8.057309,41.946191],[-8.050351,41.951094],[-8.049032,41.959701],[-8.059952,41.962034],[-8.081856,41.974056],[-8.089375,41.984734],[-8.093535,42.000873],[-8.0971,42.002316],[-8.094315,42.01284],[-8.088231,42.015049],[-8.085179,42.019585],[-8.083179,42.036124],[-8.086929,42.053363],[-8.083494,42.053657],[-8.081243,42.058296],[-8.075884,42.060325],[-8.071691,42.064724],[-8.068999,42.062332],[-8.064349,42.060375],[-8.053516,42.05307],[-8.041333,42.049609],[-8.028502,42.038605],[-8.011483,42.015675],[-7.988524,42.001045],[-7.994497,41.986139],[-8.007201,41.981806],[-8.019021,41.984218],[-8.022634,41.979589],[-8.022154,41.974612],[-8.017075,41.969748],[-8.005374,41.966817],[-8.000392,41.960708],[-8.001583,41.95643],[-8.012818,41.953096],[-8.017456,41.948739],[-8.026525,41.948492],[-8.035648,41.944035],[-8.043409,41.946786],[-8.055584,41.94223]]]}},{"type":"Feature","properties":{"country":"ES","region":"Lobios","parent":"Ourense"},"geometry":{"type":"Polygon","coordinates":[[[-8.051862,41.820614],[-8.058066,41.816784],[-8.095396,41.809396],[-8.10723,41.812231],[-8.129478,41.809126],[-8.152463,41.817445],[-8.165075,41.818302],[-8.163293,41.832888],[-8.161937,41.858918],[-8.166328,41.863708],[-8.170511,41.877649],[-8.197117,41.875297],[-8.199686,41.875654],[-8.198636,41.880525],[-8.203848,41.891221],[-8.213683,41.900635],[-8.203302,41.898995],[-8.189846,41.905017],[-8.171606,41.907011],[-8.145977,41.901251],[-8.140415,41.897109],[-8.118116,41.898794],[-8.112063,41.896931],[-8.092801,41.909841],[-8.082999,41.921588],[-8.074937,41.923905],[-8.075903,41.928535],[-8.088435,41.937701],[-8.089564,41.965205],[-8.098533,41.96935],[-8.102355,41.97427],[-8.098936,41.997865],[-8.093535,42.000873],[-8.089375,41.984734],[-8.081856,41.974056],[-8.059952,41.962034],[-8.049032,41.959701],[-8.050351,41.951094],[-8.057309,41.946191],[-8.055584,41.94223],[-8.050228,41.939104],[-8.05379,41.931881],[-8.04955,41.923899],[-8.043652,41.9232],[-8.036549,41.913005],[-8.029616,41.920524],[-8.019003,41.919477],[-8.016998,41.901607],[-7.995136,41.891422],[-7.980832,41.872394],[-7.987788,41.867858],[-7.990073,41.859953],[-8.000092,41.850361],[-8.011822,41.832888],[-8.013923,41.829828],[-8.037013,41.830018],[-8.044991,41.824081],[-8.051862,41.820614]]]}},{"type":"Feature","properties":{"country":"ES","region":"Muíños","parent":"Ourense"},"geometry":{"type":"Polygon","coordinates":[[[-7.92207,41.879478],[-7.946419,41.871268],[-7.971551,41.875357],[-7.980832,41.872394],[-7.995136,41.891422],[-8.016998,41.901607],[-8.019003,41.919477],[-8.029616,41.920524],[-8.036549,41.913005],[-8.043652,41.9232],[-8.04955,41.923899],[-8.05379,41.931881],[-8.050228,41.939104],[-8.055584,41.94223],[-8.043409,41.946786],[-8.035648,41.944035],[-8.026525,41.948492],[-8.017456,41.948739],[-8.012818,41.953096],[-8.001583,41.95643],[-8.000392,41.960708],[-7.995186,41.962353],[-7.993914,41.966056],[-7.980378,41.969577],[-7.976426,41.978524],[-7.970936,41.982615],[-7.952061,41.978044],[-7.944244,41.988452],[-7.94357,41.995189],[-7.934993,41.999172],[-7.931438,42.005936],[-7.92659,42.005962],[-7.902363,42.002041],[-7.900464,41.993948],[-7.902922,41.987179],[-7.908653,41.982873],[-7.896429,41.967597],[-7.90418,41.962517],[-7.909697,41.951435],[-7.908312,41.931055],[-7.905759,41.927379],[-7.909036,41.921186],[-7.910093,41.905816],[-7.92207,41.879478]]]}},{"type":"Feature","properties":{"country":"ES","region":"Padrenda","parent":"Ourense"},"geometry":{"type":"Polygon","coordinates":[[[-8.183898,42.069401],[-8.186399,42.074193],[-8.186179,42.097371],[-8.189866,42.115535],[-8.192845,42.126297],[-8.18959,42.137067],[-8.199,42.154419],[-8.182476,42.157702],[-8.173894,42.170414],[-8.1663,42.172745],[-8.158424,42.169472],[-8.159231,42.161782],[-8.155142,42.156099],[-8.146481,42.157538],[-8.138004,42.152045],[-8.129988,42.158661],[-8.122986,42.157966],[-8.123318,42.15239],[-8.112056,42.143606],[-8.111155,42.138156],[-8.107029,42.137072],[-8.121022,42.116869],[-8.115069,42.10436],[-8.118478,42.082123],[-8.125124,42.08245],[-8.1374,42.076693],[-8.151548,42.079025],[-8.174561,42.067058],[-8.183898,42.069401]]]}},{"type":"Feature","properties":{"country":"ES","region":"Quintela de Leirado","parent":"Ourense"},"geometry":{"type":"Polygon","coordinates":[[[-8.0534,42.153606],[-8.054725,42.143754],[-8.062443,42.13467],[-8.060889,42.11932],[-8.075061,42.112037],[-8.077607,42.105488],[-8.080635,42.101482],[-8.091876,42.093025],[-8.094081,42.090675],[-8.092731,42.089206],[-8.094001,42.086342],[-8.097412,42.08094],[-8.101017,42.078293],[-8.104496,42.074608],[-8.107219,42.076298],[-8.118478,42.082123],[-8.115069,42.10436],[-8.121022,42.116869],[-8.107029,42.137072],[-8.111155,42.138156],[-8.112056,42.143606],[-8.123318,42.15239],[-8.122986,42.157966],[-8.11776,42.155723],[-8.116327,42.15234],[-8.103563,42.147441],[-8.068891,42.164833],[-8.065466,42.159881],[-8.0534,42.153606]]]}},{"type":"Feature","properties":{"country":"ES","region":"Verea","parent":"Ourense"},"geometry":{"type":"Polygon","coordinates":[[[-7.915804,42.061378],[-7.92523,42.061577],[-7.936502,42.065449],[-7.94142,42.066719],[-7.94673,42.067402],[-7.951473,42.06905],[-7.953968,42.0685],[-7.963602,42.068092],[-7.972258,42.071373],[-7.979614,42.071502],[-7.990611,42.077057],[-7.999533,42.083698],[-8.006585,42.083938],[-8.012553,42.082977],[-8.028284,42.077865],[-8.036718,42.073436],[-8.039978,42.069176],[-8.047442,42.067138],[-8.05299,42.066414],[-8.064349,42.060375],[-8.068999,42.062332],[-8.071691,42.064724],[-8.075884,42.060325],[-8.081243,42.058296],[-8.083494,42.053657],[-8.086929,42.053363],[-8.096651,42.070863],[-8.104496,42.074608],[-8.101017,42.078293],[-8.097412,42.08094],[-8.094001,42.086342],[-8.092731,42.089206],[-8.094081,42.090675],[-8.091876,42.093025],[-8.080635,42.101482],[-8.077607,42.105488],[-8.075061,42.112037],[-8.060889,42.11932],[-8.042444,42.115852],[-8.030236,42.122255],[-8.008905,42.120638],[-8.006723,42.123336],[-8.010491,42.139463],[-7.996427,42.145577],[-7.987773,42.12746],[-7.979498,42.118384],[-7.949255,42.12868],[-7.933007,42.119274],[-7.914348,42.107946],[-7.890936,42.112374],[-7.889375,42.107326],[-7.886003,42.103859],[-7.884058,42.098549],[-7.885743,42.094543],[-7.89114,42.086128],[-7.892954,42.082683],[-7.895109,42.073967],[-7.915804,42.061378]]]}},{"type":"Feature","properties":{"country":"ES","region":"Amieva","parent":"Asturias"},"geometry":{"type":"Polygon","coordinates":[[[-5.131161,43.306865],[-5.101932,43.281671],[-5.048744,43.25849],[-5.011814,43.225243],[-4.996739,43.21933],[-4.970762,43.202953],[-4.981207,43.199072],[-4.995341,43.18583],[-4.99762,43.17026],[-5.00413,43.176233],[-5.021608,43.183086],[-5.040581,43.184114],[-5.053667,43.18143],[-5.056615,43.189038],[-5.068557,43.195235],[-5.077924,43.205631],[-5.079963,43.222007],[-5.0993,43.226089],[-5.125233,43.221184],[-5.136264,43.222194],[-5.146136,43.231261],[-5.158549,43.232349],[-5.172597,43.241877],[-5.178295,43.251282],[-5.199907,43.264604],[-5.206585,43.27221],[-5.207231,43.276867],[-5.175249,43.299193],[-5.165102,43.297713],[-5.156495,43.303637],[-5.137977,43.30107],[-5.131161,43.306865]]]}},{"type":"Feature","properties":{"country":"ES","region":"Cabrales","parent":"Asturias"},"geometry":{"type":"Polygon","coordinates":[[[-4.915568,43.357959],[-4.907059,43.352744],[-4.898419,43.353271],[-4.891631,43.359354],[-4.86452,43.357933],[-4.85092,43.364168],[-4.821525,43.355175],[-4.791285,43.353478],[-4.778353,43.362041],[-4.777405,43.359098],[-4.786983,43.343285],[-4.782338,43.325237],[-4.760437,43.299015],[-4.748335,43.279314],[-4.737017,43.271063],[-4.731035,43.262218],[-4.730944,43.257336],[-4.722601,43.240575],[-4.721942,43.229726],[-4.729619,43.223499],[-4.728636,43.215894],[-4.735891,43.207132],[-4.736471,43.196943],[-4.733497,43.194241],[-4.735809,43.18849],[-4.744864,43.1845],[-4.754345,43.184372],[-4.778122,43.191461],[-4.788425,43.185451],[-4.808373,43.181602],[-4.815496,43.182729],[-4.821651,43.178721],[-4.841023,43.18078],[-4.840765,43.19002],[-4.849674,43.193962],[-4.859857,43.205435],[-4.861426,43.217802],[-4.870231,43.226963],[-4.89344,43.237589],[-4.908906,43.23786],[-4.908631,43.256202],[-4.936016,43.286145],[-4.940502,43.296289],[-4.912223,43.335874],[-4.918185,43.34747],[-4.915568,43.357959]]]}},{"type":"Feature","properties":{"country":"ES","region":"Cangas de Onís","parent":"Asturias"},"geometry":{"type":"Polygon","coordinates":[[[-5.131161,43.306865],[-5.133156,43.323561],[-5.141258,43.32537],[-5.134064,43.338262],[-5.133512,43.356181],[-5.151055,43.365226],[-5.14717,43.372393],[-5.165886,43.372911],[-5.179576,43.38594],[-5.184119,43.387177],[-5.177164,43.396081],[-5.157491,43.395349],[-5.139848,43.401662],[-5.133836,43.407155],[-5.122541,43.410574],[-5.115564,43.409284],[-5.111603,43.413249],[-5.096939,43.411304],[-5.085478,43.42453],[-5.066339,43.40937],[-5.030243,43.406741],[-5.025549,43.399768],[-5.01149,43.395196],[-5.009097,43.380895],[-4.994409,43.375614],[-4.983599,43.365479],[-4.989741,43.360556],[-4.993054,43.350823],[-5.00087,43.340547],[-5.002727,43.297869],[-4.992243,43.290231],[-4.975263,43.286695],[-4.972253,43.267283],[-4.967564,43.261149],[-4.967346,43.250928],[-4.943404,43.236002],[-4.942717,43.224766],[-4.953388,43.214498],[-4.963586,43.211543],[-4.970762,43.202953],[-4.996739,43.21933],[-5.011814,43.225243],[-5.048744,43.25849],[-5.101932,43.281671],[-5.131161,43.306865]]]}},{"type":"Feature","properties":{"country":"ES","region":"Caravia","parent":"Asturias"},"geometry":{"type":"Polygon","coordinates":[[[-5.168377,43.476284],[-5.16338,43.459435],[-5.193298,43.439196],[-5.196723,43.439185],[-5.198221,43.437905],[-5.200707,43.437974],[-5.214985,43.452928],[-5.214872,43.473708],[-5.19133,43.477563],[-5.168377,43.476284]]]}},{"type":"Feature","properties":{"country":"ES","region":"Caso","parent":"Asturias"},"geometry":{"type":"Polygon","coordinates":[[[-5.286102,43.239888],[-5.287456,43.226133],[-5.249503,43.210536],[-5.257844,43.197534],[-5.251031,43.185006],[-5.239825,43.1785],[-5.21564,43.172588],[-5.216618,43.151662],[-5.214027,43.141957],[-5.208374,43.136036],[-5.197068,43.131354],[-5.189023,43.118408],[-5.19915,43.1114],[-5.206832,43.092384],[-5.210283,43.087053],[-5.218013,43.084308],[-5.235797,43.085895],[-5.2473,43.088916],[-5.268682,43.087244],[-5.283627,43.07799],[-5.31094,43.083744],[-5.321394,43.079568],[-5.328966,43.080116],[-5.340027,43.083633],[-5.339618,43.091181],[-5.34631,43.094061],[-5.36711,43.094635],[-5.383107,43.087169],[-5.393935,43.08092],[-5.408054,43.079163],[-5.410201,43.086379],[-5.423319,43.101378],[-5.437746,43.109015],[-5.44097,43.119891],[-5.459013,43.128736],[-5.463674,43.134171],[-5.459771,43.144617],[-5.449636,43.150104],[-5.434924,43.168927],[-5.432152,43.175981],[-5.432803,43.187236],[-5.423729,43.19017],[-5.421276,43.193727],[-5.429632,43.216316],[-5.424601,43.226303],[-5.415847,43.228745],[-5.415626,43.237709],[-5.428543,43.254897],[-5.417105,43.261735],[-5.418339,43.270442],[-5.408707,43.26907],[-5.39815,43.271415],[-5.387145,43.267256],[-5.36733,43.251166],[-5.351523,43.254204],[-5.336677,43.249274],[-5.328078,43.254017],[-5.311464,43.256442],[-5.292764,43.248836],[-5.286102,43.239888]]]}},{"type":"Feature","properties":{"country":"ES","region":"Colunga","parent":"Asturias"},"geometry":{"type":"Polygon","coordinates":[[[-5.339757,43.42667],[-5.336651,43.449466],[-5.341399,43.459522],[-5.336602,43.467893],[-5.34372,43.480491],[-5.343882,43.486111],[-5.338829,43.492909],[-5.335328,43.50743],[-5.312243,43.518562],[-5.311886,43.533947],[-5.296373,43.536042],[-5.267273,43.519778],[-5.267146,43.507375],[-5.249131,43.500801],[-5.241892,43.493491],[-5.225154,43.485519],[-5.223024,43.47964],[-5.214872,43.473708],[-5.214985,43.452928],[-5.200707,43.437974],[-5.220462,43.439118],[-5.231401,43.432005],[-5.264143,43.430221],[-5.269446,43.425861],[-5.281414,43.413593],[-5.296072,43.412043],[-5.317383,43.41479],[-5.326078,43.422841],[-5.339757,43.42667]]]}},{"type":"Feature","properties":{"country":"ES","region":"Llanes","parent":"Asturias"},"geometry":{"type":"Polygon","coordinates":[[[-4.61645,43.350345],[-4.621957,43.349159],[-4.627347,43.34956],[-4.637714,43.349624],[-4.643452,43.351062],[-4.672332,43.353248],[-4.679574,43.357538],[-4.695547,43.359146],[-4.709714,43.364719],[-4.778353,43.362041],[-4.791285,43.353478],[-4.821525,43.355175],[-4.85092,43.364168],[-4.86452,43.357933],[-4.891631,43.359354],[-4.898419,43.353271],[-4.907059,43.352744],[-4.915568,43.357959],[-4.928971,43.353219],[-4.961043,43.366285],[-4.983599,43.365479],[-4.994409,43.375614],[-5.009097,43.380895],[-5.01149,43.395196],[-5.025549,43.399768],[-5.030243,43.406741],[-5.019812,43.40929],[-5.017813,43.418786],[-4.991964,43.423725],[-4.994087,43.43468],[-4.984525,43.442111],[-4.981155,43.459518],[-4.971898,43.461648],[-4.939079,43.459417],[-4.929083,43.461766],[-4.915134,43.454296],[-4.883682,43.446888],[-4.871914,43.441364],[-4.852854,43.441811],[-4.84353,43.445677],[-4.834784,43.437768],[-4.821808,43.436967],[-4.809144,43.441581],[-4.805563,43.43346],[-4.785921,43.433574],[-4.753631,43.424573],[-4.737856,43.415287],[-4.7237,43.415836],[-4.709398,43.410216],[-4.678304,43.409441],[-4.627531,43.398439],[-4.583316,43.399441],[-4.577759,43.394867],[-4.58886,43.388498],[-4.595937,43.374053],[-4.61259,43.373908],[-4.616788,43.368497],[-4.621863,43.367484],[-4.620967,43.36118],[-4.625471,43.351261],[-4.61645,43.350345]]]}},{"type":"Feature","properties":{"country":"ES","region":"Onís","parent":"Asturias"},"geometry":{"type":"Polygon","coordinates":[[[-4.908906,43.23786],[-4.921139,43.22701],[-4.942717,43.224766],[-4.943404,43.236002],[-4.967346,43.250928],[-4.967564,43.261149],[-4.972253,43.267283],[-4.975263,43.286695],[-4.992243,43.290231],[-5.002727,43.297869],[-5.00087,43.340547],[-4.993054,43.350823],[-4.989741,43.360556],[-4.983599,43.365479],[-4.961043,43.366285],[-4.928971,43.353219],[-4.915568,43.357959],[-4.918185,43.34747],[-4.912223,43.335874],[-4.940502,43.296289],[-4.936016,43.286145],[-4.908631,43.256202],[-4.908906,43.23786]]]}},{"type":"Feature","properties":{"country":"ES","region":"Parres","parent":"Asturias"},"geometry":{"type":"Polygon","coordinates":[[[-5.131161,43.306865],[-5.137977,43.30107],[-5.156495,43.303637],[-5.165102,43.297713],[-5.175249,43.299193],[-5.207231,43.276867],[-5.22113,43.282772],[-5.222883,43.297255],[-5.236343,43.308571],[-5.241578,43.325235],[-5.227867,43.335652],[-5.230832,43.343186],[-5.229565,43.352769],[-5.236522,43.365927],[-5.22997,43.372581],[-5.228512,43.384857],[-5.250106,43.413797],[-5.269446,43.425861],[-5.264143,43.430221],[-5.231401,43.432005],[-5.220462,43.439118],[-5.200707,43.437974],[-5.198221,43.437905],[-5.196723,43.439185],[-5.193298,43.439196],[-5.18449,43.440367],[-5.169895,43.434832],[-5.165741,43.430724],[-5.168293,43.425697],[-5.160119,43.418021],[-5.147453,43.425858],[-5.134521,43.425916],[-5.125395,43.429673],[-5.085478,43.42453],[-5.096939,43.411304],[-5.111603,43.413249],[-5.115564,43.409284],[-5.122541,43.410574],[-5.133836,43.407155],[-5.139848,43.401662],[-5.157491,43.395349],[-5.177164,43.396081],[-5.184119,43.387177],[-5.179576,43.38594],[-5.165886,43.372911],[-5.14717,43.372393],[-5.151055,43.365226],[-5.133512,43.356181],[-5.134064,43.338262],[-5.141258,43.32537],[-5.133156,43.323561],[-5.131161,43.306865]]]}},{"type":"Feature","properties":{"country":"ES","region":"Peñamellera Alta","parent":"Asturias"},"geometry":{"type":"Polygon","coordinates":[[[-4.643452,43.351062],[-4.642422,43.344937],[-4.634924,43.339059],[-4.635036,43.334761],[-4.661009,43.321334],[-4.653389,43.30998],[-4.664533,43.291927],[-4.699097,43.276324],[-4.706041,43.266867],[-4.71292,43.260736],[-4.730944,43.257336],[-4.731035,43.262218],[-4.737017,43.271063],[-4.748335,43.279314],[-4.760437,43.299015],[-4.782338,43.325237],[-4.786983,43.343285],[-4.777405,43.359098],[-4.778353,43.362041],[-4.709714,43.364719],[-4.695547,43.359146],[-4.679574,43.357538],[-4.672332,43.353248],[-4.643452,43.351062]]]}},{"type":"Feature","properties":{"country":"ES","region":"Peñamellera Baja","parent":"Asturias"},"geometry":{"type":"Polygon","coordinates":[[[-4.539456,43.343959],[-4.536651,43.342376],[-4.52302,43.338012],[-4.52237,43.335697],[-4.523,43.333313],[-4.52705,43.32753],[-4.52019,43.314575],[-4.519121,43.309845],[-4.518592,43.293957],[-4.521519,43.280414],[-4.537237,43.270261],[-4.547374,43.268979],[-4.553181,43.277037],[-4.552559,43.286588],[-4.568481,43.291142],[-4.579592,43.289858],[-4.604954,43.298458],[-4.62341,43.2876],[-4.635389,43.275942],[-4.633255,43.267296],[-4.648097,43.268002],[-4.659584,43.264342],[-4.676286,43.267651],[-4.69255,43.265013],[-4.706041,43.266867],[-4.699097,43.276324],[-4.664533,43.291927],[-4.653389,43.30998],[-4.661009,43.321334],[-4.635036,43.334761],[-4.634924,43.339059],[-4.642422,43.344937],[-4.643452,43.351062],[-4.637714,43.349624],[-4.627347,43.34956],[-4.621957,43.349159],[-4.61645,43.350345],[-4.61096,43.350891],[-4.599348,43.35083],[-4.561004,43.347191],[-4.556045,43.346164],[-4.544068,43.345474],[-4.539456,43.343959]]]}},{"type":"Feature","properties":{"country":"ES","region":"Piloña","parent":"Asturias"},"geometry":{"type":"Polygon","coordinates":[[[-5.286102,43.239888],[-5.292764,43.248836],[-5.311464,43.256442],[-5.328078,43.254017],[-5.336677,43.249274],[-5.351523,43.254204],[-5.36733,43.251166],[-5.387145,43.267256],[-5.39815,43.271415],[-5.408707,43.26907],[-5.418339,43.270442],[-5.417105,43.261735],[-5.428543,43.254897],[-5.465883,43.258911],[-5.466646,43.261333],[-5.464688,43.263797],[-5.463588,43.265839],[-5.466322,43.269481],[-5.469632,43.270275],[-5.471299,43.27156],[-5.473286,43.272259],[-5.475579,43.272297],[-5.479511,43.275364],[-5.481538,43.276103],[-5.481856,43.287618],[-5.468138,43.298381],[-5.469033,43.303816],[-5.461282,43.3191],[-5.424341,43.337384],[-5.42004,43.341996],[-5.421872,43.354198],[-5.426904,43.361767],[-5.429625,43.383846],[-5.405192,43.38385],[-5.383136,43.385521],[-5.371578,43.39241],[-5.366153,43.406894],[-5.359079,43.418087],[-5.356508,43.418052],[-5.347763,43.426704],[-5.343032,43.424125],[-5.339757,43.42667],[-5.326078,43.422841],[-5.317383,43.41479],[-5.296072,43.412043],[-5.281414,43.413593],[-5.269446,43.425861],[-5.250106,43.413797],[-5.228512,43.384857],[-5.22997,43.372581],[-5.236522,43.365927],[-5.229565,43.352769],[-5.230832,43.343186],[-5.227867,43.335652],[-5.241578,43.325235],[-5.236343,43.308571],[-5.222883,43.297255],[-5.22113,43.282772],[-5.230158,43.279951],[-5.237734,43.28228],[-5.251047,43.268831],[-5.273336,43.265843],[-5.283476,43.251421],[-5.286102,43.239888]]]}},{"type":"Feature","properties":{"country":"ES","region":"Ponga","parent":"Asturias"},"geometry":{"type":"Polygon","coordinates":[[[-5.286102,43.239888],[-5.283476,43.251421],[-5.273336,43.265843],[-5.251047,43.268831],[-5.237734,43.28228],[-5.230158,43.279951],[-5.22113,43.282772],[-5.207231,43.276867],[-5.206585,43.27221],[-5.199907,43.264604],[-5.178295,43.251282],[-5.172597,43.241877],[-5.158549,43.232349],[-5.146136,43.231261],[-5.136264,43.222194],[-5.125233,43.221184],[-5.0993,43.226089],[-5.079963,43.222007],[-5.077924,43.205631],[-5.068557,43.195235],[-5.056615,43.189038],[-5.053667,43.18143],[-5.060969,43.17475],[-5.076549,43.177634],[-5.075889,43.167901],[-5.078933,43.161132],[-5.092704,43.143543],[-5.092153,43.130238],[-5.098751,43.116299],[-5.096681,43.107337],[-5.105273,43.102151],[-5.138457,43.102643],[-5.148533,43.114034],[-5.1608,43.109809],[-5.168936,43.102564],[-5.187689,43.099494],[-5.201196,43.090168],[-5.203959,43.09053],[-5.206832,43.092384],[-5.19915,43.1114],[-5.189023,43.118408],[-5.197068,43.131354],[-5.208374,43.136036],[-5.214027,43.141957],[-5.216618,43.151662],[-5.21564,43.172588],[-5.239825,43.1785],[-5.251031,43.185006],[-5.257844,43.197534],[-5.249503,43.210536],[-5.287456,43.226133],[-5.286102,43.239888]]]}},{"type":"Feature","properties":{"country":"ES","region":"Ribadesella","parent":"Asturias"},"geometry":{"type":"Polygon","coordinates":[[[-5.085478,43.42453],[-5.125395,43.429673],[-5.134521,43.425916],[-5.147453,43.425858],[-5.160119,43.418021],[-5.168293,43.425697],[-5.165741,43.430724],[-5.169895,43.434832],[-5.18449,43.440367],[-5.193298,43.439196],[-5.16338,43.459435],[-5.168377,43.476284],[-5.147648,43.477758],[-5.123069,43.484218],[-5.114172,43.476789],[-5.083921,43.47496],[-5.071872,43.46653],[-5.064118,43.469353],[-5.051525,43.463073],[-5.036948,43.460906],[-4.981155,43.459518],[-4.984525,43.442111],[-4.994087,43.43468],[-4.991964,43.423725],[-5.017813,43.418786],[-5.019812,43.40929],[-5.030243,43.406741],[-5.066339,43.40937],[-5.085478,43.42453]]]}},{"type":"Feature","properties":{"country":"ES","region":"Villaviciosa","parent":"Asturias"},"geometry":{"type":"Polygon","coordinates":[[[-5.339757,43.42667],[-5.343032,43.424125],[-5.347763,43.426704],[-5.356508,43.418052],[-5.359079,43.418087],[-5.366153,43.406894],[-5.377745,43.420873],[-5.394306,43.423777],[-5.401485,43.431197],[-5.415029,43.437495],[-5.43224,43.435322],[-5.437596,43.419831],[-5.447951,43.41208],[-5.489952,43.415463],[-5.49648,43.415933],[-5.499749,43.413677],[-5.511723,43.421886],[-5.529077,43.421856],[-5.533473,43.422695],[-5.538629,43.4225],[-5.54833,43.425274],[-5.555894,43.428299],[-5.564801,43.426239],[-5.579797,43.434082],[-5.585509,43.443134],[-5.584283,43.485751],[-5.570724,43.501265],[-5.564056,43.502183],[-5.574536,43.518845],[-5.575209,43.526311],[-5.586333,43.532897],[-5.585043,43.538188],[-5.591585,43.547961],[-5.548795,43.550044],[-5.530817,43.546543],[-5.516803,43.552436],[-5.508773,43.549481],[-5.49808,43.550751],[-5.491375,43.545758],[-5.467987,43.552528],[-5.430913,43.551774],[-5.409999,43.555823],[-5.399156,43.552304],[-5.397497,43.543935],[-5.382553,43.535738],[-5.371795,43.539263],[-5.356285,43.532749],[-5.345581,43.535253],[-5.311886,43.533947],[-5.312243,43.518562],[-5.335328,43.50743],[-5.338829,43.492909],[-5.343882,43.486111],[-5.34372,43.480491],[-5.336602,43.467893],[-5.341399,43.459522],[-5.336651,43.449466],[-5.339757,43.42667]]]}},{"type":"Feature","properties":{"country":"ES","region":"Cervera de Pisuerga","parent":"Palencia"},"geometry":{"type":"Polygon","coordinates":[[[-4.590499,42.850319],[-4.596359,42.85384],[-4.612432,42.851828],[-4.626787,42.863963],[-4.648741,42.868568],[-4.65765,42.875813],[-4.670302,42.894592],[-4.681897,42.903856],[-4.683054,42.908262],[-4.665561,42.904404],[-4.643244,42.914933],[-4.635091,42.923529],[-4.632072,42.934974],[-4.625847,42.93625],[-4.630405,42.953577],[-4.635078,42.960348],[-4.648271,42.967845],[-4.673438,42.975854],[-4.714839,42.978725],[-4.715882,42.998526],[-4.736503,43.014968],[-4.737845,43.020944],[-4.721283,43.0183],[-4.705575,43.025589],[-4.685951,43.026174],[-4.672487,43.021318],[-4.652254,43.020841],[-4.641054,43.016792],[-4.645201,43.007672],[-4.626003,42.996406],[-4.615905,42.991263],[-4.589201,42.98851],[-4.582014,42.981045],[-4.58453,42.966896],[-4.579191,42.963611],[-4.581807,42.957073],[-4.58437,42.952758],[-4.581394,42.949119],[-4.578515,42.948643],[-4.571783,42.939884],[-4.561546,42.931122],[-4.562224,42.924846],[-4.559069,42.925609],[-4.556126,42.925552],[-4.54939,42.926201],[-4.545727,42.925754],[-4.540762,42.926101],[-4.538386,42.924213],[-4.532057,42.924488],[-4.530449,42.925823],[-4.527163,42.926761],[-4.522065,42.926208],[-4.513715,42.927578],[-4.515155,42.930755],[-4.516999,42.933037],[-4.515141,42.93568],[-4.513201,42.936573],[-4.514343,42.940643],[-4.516527,42.944259],[-4.520041,42.948101],[-4.511379,42.949802],[-4.499747,42.946373],[-4.490926,42.948552],[-4.485861,42.955467],[-4.471938,42.953547],[-4.462738,42.964577],[-4.438526,42.975829],[-4.427322,42.975678],[-4.411305,42.967545],[-4.398548,42.969365],[-4.38738,42.964841],[-4.365421,42.977649],[-4.367067,42.967151],[-4.36906,42.966381],[-4.376234,42.961425],[-4.377479,42.958481],[-4.372013,42.94899],[-4.376465,42.933353],[-4.390632,42.930285],[-4.403612,42.917531],[-4.414688,42.917436],[-4.431948,42.909853],[-4.457275,42.908079],[-4.456458,42.894449],[-4.440825,42.88503],[-4.431509,42.885891],[-4.425457,42.882587],[-4.409052,42.873749],[-4.405923,42.86211],[-4.401016,42.862602],[-4.398522,42.851957],[-4.392433,42.847525],[-4.397396,42.842647],[-4.390055,42.838021],[-4.396273,42.832531],[-4.407323,42.823055],[-4.417985,42.818921],[-4.372729,42.790551],[-4.391516,42.783751],[-4.400892,42.770818],[-4.425108,42.751258],[-4.422504,42.759891],[-4.428775,42.771023],[-4.446024,42.785312],[-4.455537,42.787983],[-4.460247,42.788608],[-4.46244,42.785652],[-4.46832,42.792366],[-4.477938,42.799888],[-4.477054,42.813092],[-4.468685,42.817301],[-4.465621,42.827546],[-4.458304,42.831288],[-4.464611,42.83717],[-4.470737,42.856619],[-4.488214,42.855232],[-4.509078,42.837308],[-4.529961,42.845215],[-4.539663,42.84205],[-4.552622,42.843745],[-4.562652,42.848514],[-4.561328,42.854577],[-4.566735,42.856955],[-4.571718,42.855313],[-4.575947,42.846117],[-4.590499,42.850319]]]}},{"type":"Feature","properties":{"country":"ES","region":"Campazas","parent":"León"},"geometry":{"type":"Polygon","coordinates":[[[-5.533895,42.140644],[-5.532571,42.147465],[-5.524041,42.164268],[-5.504552,42.162731],[-5.505471,42.169807],[-5.503317,42.173466],[-5.492677,42.175696],[-5.485734,42.163443],[-5.471257,42.151968],[-5.454731,42.149597],[-5.484644,42.125666],[-5.508846,42.125764],[-5.516758,42.122204],[-5.527464,42.139752],[-5.533895,42.140644]]]}},{"type":"Feature","properties":{"country":"ES","region":"Cebrones del Río","parent":"León"},"geometry":{"type":"Polygon","coordinates":[[[-5.799782,42.276626],[-5.816057,42.25444],[-5.821001,42.242434],[-5.829803,42.236372],[-5.819953,42.232024],[-5.821015,42.227073],[-5.834304,42.219242],[-5.845586,42.238415],[-5.862252,42.249595],[-5.869861,42.251143],[-5.868217,42.259522],[-5.877,42.275028],[-5.873071,42.28115],[-5.872583,42.283207],[-5.837918,42.272494],[-5.823641,42.276786],[-5.818562,42.276542],[-5.811454,42.276771],[-5.799782,42.276626]]]}},{"type":"Feature","properties":{"country":"ES","region":"Cimanes de la Vega","parent":"León"},"geometry":{"type":"Polygon","coordinates":[[[-5.637061,42.083759],[-5.623603,42.09426],[-5.620101,42.105209],[-5.645238,42.132152],[-5.644061,42.136484],[-5.632839,42.1396],[-5.623545,42.135005],[-5.611141,42.134441],[-5.57759,42.12569],[-5.576626,42.092834],[-5.580082,42.082806],[-5.588761,42.075645],[-5.600846,42.079976],[-5.637061,42.083759]]]}},{"type":"Feature","properties":{"country":"ES","region":"Fuentes de Carbajal","parent":"León"},"geometry":{"type":"Polygon","coordinates":[[[-5.466145,42.212921],[-5.462519,42.204059],[-5.455803,42.193507],[-5.440567,42.193282],[-5.423032,42.175271],[-5.40582,42.168774],[-5.405667,42.164894],[-5.414315,42.159244],[-5.427429,42.15134],[-5.439843,42.14982],[-5.447676,42.152404],[-5.454731,42.149597],[-5.471257,42.151968],[-5.485734,42.163443],[-5.492677,42.175696],[-5.503317,42.173466],[-5.50547,42.183529],[-5.498194,42.189407],[-5.497604,42.195507],[-5.484398,42.208229],[-5.477608,42.20956],[-5.466145,42.212921]]]}},{"type":"Feature","properties":{"country":"ES","region":"Gordoncillo","parent":"León"},"geometry":{"type":"Polygon","coordinates":[[[-5.381616,42.096443],[-5.391074,42.09874],[-5.40674,42.110377],[-5.416984,42.123415],[-5.434567,42.135435],[-5.441985,42.136668],[-5.447676,42.152404],[-5.439843,42.14982],[-5.427429,42.15134],[-5.414315,42.159244],[-5.411083,42.157356],[-5.407935,42.156379],[-5.405063,42.155964],[-5.39813,42.156044],[-5.381167,42.150665],[-5.372411,42.130548],[-5.375101,42.124904],[-5.373786,42.118246],[-5.37761,42.112877],[-5.380013,42.112793],[-5.380736,42.107205],[-5.379727,42.103828],[-5.377248,42.10318],[-5.376408,42.099502],[-5.381616,42.096443]]]}},{"type":"Feature","properties":{"country":"ES","region":"Laguna Dalga","parent":"León"},"geometry":{"type":"Polygon","coordinates":[[[-5.798869,42.284771],[-5.808526,42.308891],[-5.806007,42.314268],[-5.798605,42.3175],[-5.803746,42.332367],[-5.779165,42.341479],[-5.758578,42.3386],[-5.719698,42.3447],[-5.7179,42.332714],[-5.708251,42.320154],[-5.700647,42.316498],[-5.707925,42.311823],[-5.699951,42.302837],[-5.731046,42.3039],[-5.746295,42.301651],[-5.755014,42.293292],[-5.774031,42.292182],[-5.790764,42.282678],[-5.798869,42.284771]]]}},{"type":"Feature","properties":{"country":"ES","region":"Laguna de Negrillos","parent":"León"},"geometry":{"type":"Polygon","coordinates":[[[-5.701406,42.215057],[-5.706033,42.222568],[-5.692375,42.256269],[-5.690632,42.283973],[-5.641348,42.285465],[-5.629797,42.28009],[-5.629111,42.270881],[-5.606323,42.255169],[-5.610279,42.243248],[-5.60295,42.233636],[-5.602729,42.229377],[-5.608114,42.225952],[-5.609524,42.204597],[-5.617511,42.18536],[-5.637263,42.187185],[-5.653443,42.197965],[-5.658448,42.204373],[-5.663219,42.200192],[-5.662673,42.188757],[-5.675138,42.18198],[-5.680762,42.181903],[-5.693523,42.198605],[-5.701406,42.215057]]]}},{"type":"Feature","properties":{"country":"ES","region":"Ajalvir","parent":"Madrid"},"geometry":{"type":"Polygon","coordinates":[[[-3.512059,40.538598],[-3.503288,40.543005],[-3.500807,40.552915],[-3.489704,40.555707],[-3.480821,40.562131],[-3.48234,40.556762],[-3.480029,40.547889],[-3.469376,40.53853],[-3.469762,40.533579],[-3.461488,40.525811],[-3.461854,40.511833],[-3.439879,40.512957],[-3.434937,40.508869],[-3.436507,40.507961],[-3.441771,40.506258],[-3.444423,40.505981],[-3.452659,40.502606],[-3.456941,40.499251],[-3.464483,40.495324],[-3.467512,40.493145],[-3.474194,40.494691],[-3.479452,40.494586],[-3.512059,40.538598]]]}},{"type":"Feature","properties":{"country":"ES","region":"Alcalá de Henares","parent":"Madrid"},"geometry":{"type":"Polygon","coordinates":[[[-3.415661,40.545366],[-3.417056,40.537139],[-3.403461,40.526405],[-3.392323,40.524519],[-3.376342,40.528568],[-3.367167,40.527947],[-3.361475,40.523841],[-3.353186,40.526488],[-3.349881,40.531595],[-3.338674,40.529674],[-3.322333,40.521905],[-3.303931,40.532572],[-3.295826,40.528767],[-3.289849,40.53175],[-3.284998,40.518138],[-3.308055,40.509843],[-3.307849,40.500461],[-3.298613,40.494377],[-3.287969,40.487667],[-3.300776,40.480436],[-3.310498,40.481212],[-3.321443,40.47198],[-3.334945,40.457266],[-3.357605,40.449565],[-3.36918,40.454977],[-3.385213,40.45236],[-3.390455,40.459216],[-3.408734,40.453458],[-3.414619,40.455786],[-3.426856,40.45318],[-3.433725,40.453589],[-3.447039,40.446276],[-3.43225,40.460794],[-3.432847,40.466315],[-3.426746,40.472794],[-3.430404,40.488734],[-3.428768,40.510878],[-3.429211,40.529078],[-3.436161,40.530853],[-3.43778,40.537133],[-3.432098,40.543082],[-3.415661,40.545366]]]}},{"type":"Feature","properties":{"country":"ES","region":"Alcobendas","parent":"Madrid"},"geometry":{"type":"Polygon","coordinates":[[[-3.552931,40.532211],[-3.555973,40.529191],[-3.551431,40.522736],[-3.554102,40.511298],[-3.572027,40.511934],[-3.599127,40.501364],[-3.614893,40.510266],[-3.64205,40.507779],[-3.658103,40.51269],[-3.666631,40.52381],[-3.675688,40.526582],[-3.670314,40.534813],[-3.677152,40.542444],[-3.689171,40.567608],[-3.697482,40.577061],[-3.673984,40.58882],[-3.65482,40.556599],[-3.641537,40.554009],[-3.625317,40.540617],[-3.552931,40.532211]]]}},{"type":"Feature","properties":{"country":"ES","region":"Alcorcón","parent":"Madrid"},"geometry":{"type":"Polygon","coordinates":[[[-3.837654,40.402933],[-3.831894,40.400829],[-3.834001,40.396018],[-3.810576,40.365015],[-3.787605,40.358657],[-3.800282,40.355523],[-3.799462,40.352942],[-3.804097,40.347082],[-3.803026,40.340134],[-3.817999,40.327755],[-3.839291,40.324434],[-3.848386,40.325654],[-3.853918,40.333024],[-3.858945,40.335081],[-3.859549,40.343063],[-3.870763,40.353079],[-3.871264,40.359363],[-3.878326,40.3707],[-3.867684,40.374168],[-3.867437,40.377644],[-3.845168,40.391157],[-3.842073,40.395665],[-3.840992,40.398299],[-3.837654,40.402933]]]}},{"type":"Feature","properties":{"country":"ES","region":"Algete","parent":"Madrid"},"geometry":{"type":"Polygon","coordinates":[[[-3.559032,40.6505],[-3.559692,40.644787],[-3.556343,40.638033],[-3.561767,40.63746],[-3.563149,40.63232],[-3.557688,40.61224],[-3.537099,40.615512],[-3.525631,40.614228],[-3.504656,40.620246],[-3.502228,40.625215],[-3.490506,40.625021],[-3.486056,40.624874],[-3.486417,40.618508],[-3.474738,40.605411],[-3.453747,40.607231],[-3.465929,40.595426],[-3.485672,40.585859],[-3.515469,40.581279],[-3.525591,40.58122],[-3.533347,40.584415],[-3.53983,40.58237],[-3.548956,40.586503],[-3.558643,40.586391],[-3.565093,40.597455],[-3.573655,40.59994],[-3.576647,40.606076],[-3.574026,40.617668],[-3.57958,40.620347],[-3.584405,40.627324],[-3.589751,40.637597],[-3.591634,40.649124],[-3.592322,40.652417],[-3.593525,40.654762],[-3.586019,40.654002],[-3.582723,40.645473],[-3.568918,40.644202],[-3.565461,40.649756],[-3.559032,40.6505]]]}},{"type":"Feature","properties":{"country":"ES","region":"Aranjuez","parent":"Madrid"},"geometry":{"type":"Polygon","coordinates":[[[-3.615597,39.993926],[-3.636671,39.988374],[-3.630353,39.968601],[-3.665957,39.963441],[-3.67743,39.960351],[-3.696594,39.947519],[-3.711446,39.953832],[-3.742436,39.940865],[-3.748294,39.929733],[-3.757229,39.920939],[-3.778122,39.910969],[-3.804598,39.888137],[-3.80429,39.884763],[-3.811881,39.885772],[-3.814893,39.885742],[-3.834132,39.899625],[-3.862283,39.903319],[-3.875427,39.910685],[-3.868312,39.917779],[-3.874315,39.928195],[-3.866379,39.931398],[-3.8532,39.938928],[-3.841091,39.941421],[-3.836278,39.93279],[-3.83233,39.932084],[-3.827712,39.942692],[-3.822342,39.946801],[-3.806448,39.95329],[-3.798085,39.946569],[-3.785286,39.945696],[-3.783544,39.955351],[-3.76444,39.965404],[-3.760151,39.958393],[-3.768972,39.952071],[-3.763081,39.948631],[-3.752857,39.954377],[-3.75554,39.966358],[-3.742744,39.96214],[-3.730034,39.964366],[-3.726479,39.970243],[-3.738125,39.970009],[-3.744579,39.979387],[-3.740729,39.981039],[-3.734993,39.978561],[-3.732398,39.985385],[-3.721757,39.987379],[-3.722739,39.997371],[-3.715764,40.003468],[-3.709627,40.012196],[-3.700006,40.019208],[-3.688611,40.021519],[-3.680955,40.016157],[-3.667738,40.027824],[-3.664474,40.035529],[-3.659026,40.036424],[-3.651018,40.032637],[-3.647024,40.040499],[-3.636701,40.042981],[-3.639135,40.047673],[-3.637719,40.05082],[-3.620936,40.056919],[-3.623192,40.062056],[-3.617777,40.068937],[-3.62819,40.077731],[-3.609834,40.083397],[-3.60482,40.09318],[-3.613387,40.093147],[-3.615607,40.095908],[-3.607628,40.108967],[-3.599202,40.11037],[-3.599515,40.12094],[-3.583741,40.128514],[-3.579628,40.128494],[-3.574419,40.122437],[-3.557426,40.125204],[-3.574747,40.113206],[-3.580774,40.09895],[-3.592399,40.068167],[-3.589457,40.060444],[-3.584737,40.059112],[-3.560678,40.066184],[-3.538747,40.067541],[-3.534428,40.051593],[-3.518906,40.050295],[-3.515038,40.043248],[-3.517061,40.036441],[-3.521884,40.026068],[-3.51953,40.021037],[-3.550487,40.017564],[-3.589125,40.012692],[-3.595021,40.00209],[-3.615597,39.993926]]]}},{"type":"Feature","properties":{"country":"ES","region":"Arganda del Rey","parent":"Madrid"},"geometry":{"type":"Polygon","coordinates":[[[-3.426068,40.349675],[-3.431173,40.338315],[-3.430084,40.31853],[-3.413366,40.312223],[-3.406414,40.306101],[-3.379481,40.297333],[-3.37728,40.291297],[-3.383159,40.280612],[-3.369589,40.2653],[-3.377448,40.261594],[-3.378777,40.259494],[-3.380929,40.257411],[-3.385186,40.25439],[-3.388319,40.250097],[-3.395608,40.248344],[-3.404214,40.255221],[-3.407418,40.257124],[-3.411594,40.255168],[-3.416598,40.254246],[-3.418568,40.253883],[-3.438271,40.258024],[-3.482522,40.256844],[-3.491802,40.269614],[-3.498847,40.273259],[-3.519639,40.294246],[-3.510258,40.300978],[-3.513747,40.305112],[-3.507851,40.308173],[-3.513598,40.313875],[-3.512023,40.317648],[-3.495339,40.315921],[-3.484912,40.323351],[-3.471146,40.320195],[-3.471443,40.338076],[-3.460801,40.34183],[-3.453317,40.343229],[-3.43647,40.35151],[-3.426068,40.349675]]]}},{"type":"Feature","properties":{"country":"ES","region":"Oseja de Sajambre","parent":"León"},"geometry":{"type":"Polygon","coordinates":[[[-4.99762,43.17026],[-4.994042,43.162114],[-4.997333,43.152185],[-4.989213,43.146896],[-4.988619,43.132941],[-4.982326,43.127043],[-5.001907,43.107605],[-5.040984,43.09062],[-5.062084,43.09945],[-5.07841,43.093655],[-5.088893,43.098622],[-5.100767,43.0972],[-5.105273,43.102151],[-5.096681,43.107337],[-5.098751,43.116299],[-5.092153,43.130238],[-5.092704,43.143543],[-5.078933,43.161132],[-5.075889,43.167901],[-5.076549,43.177634],[-5.060969,43.17475],[-5.053667,43.18143],[-5.040581,43.184114],[-5.021608,43.183086],[-5.00413,43.176233],[-4.99762,43.17026]]]}},{"type":"Feature","properties":{"country":"ES","region":"Becerril de la Sierra","parent":"Madrid"},"geometry":{"type":"MultiPolygon","coordinates":[[[[-3.8796,40.651529],[-3.875212,40.653045],[-3.873661,40.657213],[-3.869917,40.661605],[-3.87767,40.676367],[-3.873735,40.681048],[-3.861673,40.685865],[-3.841708,40.68649],[-3.829894,40.680661],[-3.832143,40.676761],[-3.837521,40.673372],[-3.844499,40.672092],[-3.846474,40.669005],[-3.845122,40.667477],[-3.83978,40.666137],[-3.855654,40.662097],[-3.86494,40.645612],[-3.871609,40.647376],[-3.87521,40.649209],[-3.876653,40.651012],[-3.8796,40.651529]]],[[[-3.90643,40.673138],[-3.911717,40.672557],[-3.914505,40.671676],[-3.917178,40.671836],[-3.919075,40.672802],[-3.905824,40.682171],[-3.903543,40.680512],[-3.907266,40.6776],[-3.90643,40.673138]],[[-3.91323,40.676638],[-3.910056,40.674097],[-3.907471,40.67669],[-3.909352,40.678587],[-3.91323,40.676638]]],[[[-3.968444,40.767066],[-3.960965,40.760652],[-3.959597,40.734015],[-3.954195,40.724866],[-3.953306,40.723036],[-3.951054,40.721912],[-3.949674,40.716917],[-3.954195,40.712915],[-3.96068,40.707174],[-3.970318,40.704456],[-3.980518,40.70567],[-3.988903,40.695283],[-3.997336,40.690383],[-4.004696,40.710484],[-4.001768,40.717727],[-3.983891,40.739403],[-3.978621,40.759565],[-3.968444,40.767066]]]]}},{"type":"Feature","properties":{"country":"ES","region":"Boadilla del Monte","parent":"Madrid"},"geometry":{"type":"Polygon","coordinates":[[[-3.867437,40.377644],[-3.879861,40.385541],[-3.881417,40.386529],[-3.892181,40.397935],[-3.933706,40.413205],[-3.948833,40.413739],[-3.947184,40.420496],[-3.951836,40.427078],[-3.951628,40.438314],[-3.948663,40.450117],[-3.944697,40.454815],[-3.922896,40.442158],[-3.909147,40.443745],[-3.904084,40.452003],[-3.898413,40.455519],[-3.88198,40.445568],[-3.879861,40.445398],[-3.862969,40.444042],[-3.84839,40.420848],[-3.842253,40.417312],[-3.837654,40.402933],[-3.840992,40.398299],[-3.842073,40.395665],[-3.845168,40.391157],[-3.867437,40.377644]]]}},{"type":"Feature","properties":{"country":"ES","region":"Boalo, El","parent":"Madrid"},"geometry":{"type":"MultiPolygon","coordinates":[[[[-3.83978,40.666137],[-3.845122,40.667477],[-3.846474,40.669005],[-3.844499,40.672092],[-3.837521,40.673372],[-3.832143,40.676761],[-3.8375,40.667058],[-3.83978,40.666137]]],[[[-3.90643,40.673138],[-3.903005,40.674559],[-3.90253,40.677063],[-3.903733,40.67853],[-3.907266,40.6776],[-3.903543,40.680512],[-3.879861,40.680938],[-3.873735,40.681048],[-3.87767,40.676367],[-3.869917,40.661605],[-3.873661,40.657213],[-3.879861,40.660575],[-3.893416,40.667925],[-3.902064,40.669576],[-3.905783,40.666153],[-3.905427,40.653523],[-3.919246,40.648578],[-3.915725,40.655864],[-3.916867,40.659524],[-3.928686,40.657143],[-3.927959,40.663391],[-3.917514,40.664496],[-3.919075,40.672802],[-3.917178,40.671836],[-3.914505,40.671676],[-3.911717,40.672557],[-3.90643,40.673138]]],[[[-3.951054,40.721912],[-3.953306,40.723036],[-3.954195,40.724866],[-3.959597,40.734015],[-3.960965,40.760652],[-3.968444,40.767066],[-3.954195,40.7638],[-3.952352,40.763377],[-3.943145,40.75601],[-3.90609,40.736941],[-3.893659,40.714171],[-3.892409,40.704979],[-3.904395,40.697519],[-3.912884,40.687494],[-3.917628,40.684894],[-3.924497,40.679832],[-3.924177,40.677455],[-3.945093,40.686846],[-3.951647,40.692594],[-3.952008,40.700441],[-3.940565,40.712509],[-3.935554,40.718046],[-3.934868,40.724901],[-3.939457,40.726454],[-3.951054,40.721912]]],[[[-3.91323,40.676638],[-3.909352,40.678587],[-3.907471,40.67669],[-3.910056,40.674097],[-3.91323,40.676638]]]]}},{"type":"Feature","properties":{"country":"ES","region":"Pobladura de Pelayo García","parent":"León"},"geometry":{"type":"Polygon","coordinates":[[[-5.690632,42.283973],[-5.690626,42.294417],[-5.699951,42.302837],[-5.707925,42.311823],[-5.700647,42.316498],[-5.645787,42.324016],[-5.634509,42.318332],[-5.639339,42.30788],[-5.634626,42.295856],[-5.641348,42.285465],[-5.690632,42.283973]]]}},{"type":"Feature","properties":{"country":"ES","region":"Posada de Valdeón","parent":"León"},"geometry":{"type":"Polygon","coordinates":[[[-4.908906,43.23786],[-4.89344,43.237589],[-4.870231,43.226963],[-4.861426,43.217802],[-4.859857,43.205435],[-4.849674,43.193962],[-4.840765,43.19002],[-4.841023,43.18078],[-4.850771,43.173345],[-4.840041,43.166787],[-4.835651,43.156548],[-4.838834,43.147928],[-4.843338,43.14498],[-4.843494,43.133151],[-4.850228,43.126195],[-4.837201,43.115795],[-4.835626,43.109097],[-4.846158,43.115092],[-4.854767,43.100844],[-4.87496,43.091097],[-4.88593,43.099254],[-4.895709,43.095894],[-4.910301,43.096241],[-4.928435,43.101087],[-4.95018,43.09739],[-4.956526,43.092982],[-4.978796,43.093358],[-4.986831,43.101249],[-5.001907,43.107605],[-4.982326,43.127043],[-4.988619,43.132941],[-4.989213,43.146896],[-4.997333,43.152185],[-4.994042,43.162114],[-4.99762,43.17026],[-4.995341,43.18583],[-4.981207,43.199072],[-4.970762,43.202953],[-4.963586,43.211543],[-4.953388,43.214498],[-4.942717,43.224766],[-4.921139,43.22701],[-4.908906,43.23786]]]}},{"type":"Feature","properties":{"country":"ES","region":"Pozuelo del Páramo","parent":"León"},"geometry":{"type":"Polygon","coordinates":[[[-5.780113,42.135257],[-5.781967,42.138853],[-5.779274,42.143899],[-5.782424,42.150432],[-5.789115,42.15252],[-5.805983,42.148353],[-5.817601,42.153792],[-5.81686,42.160352],[-5.824333,42.161268],[-5.81619,42.176105],[-5.792494,42.177997],[-5.786836,42.190623],[-5.780746,42.193522],[-5.748142,42.195766],[-5.744307,42.194725],[-5.743951,42.188194],[-5.745069,42.182895],[-5.744949,42.178211],[-5.745461,42.175804],[-5.743068,42.17535],[-5.743117,42.172538],[-5.710092,42.14735],[-5.700064,42.142299],[-5.687017,42.138248],[-5.743072,42.143795],[-5.755201,42.136612],[-5.759495,42.13435],[-5.769981,42.135933],[-5.773382,42.135132],[-5.776714,42.135799],[-5.780113,42.135257]]]}},{"type":"Feature","properties":{"country":"ES","region":"Quintana del Marco","parent":"León"},"geometry":{"type":"Polygon","coordinates":[[[-5.910987,42.204109],[-5.871831,42.216461],[-5.834304,42.219242],[-5.821015,42.227073],[-5.817539,42.211314],[-5.824866,42.198296],[-5.842351,42.194442],[-5.839083,42.173971],[-5.84942,42.178716],[-5.8557,42.17664],[-5.888953,42.187521],[-5.903772,42.188102],[-5.905746,42.19231],[-5.90607,42.19593],[-5.906802,42.197662],[-5.910497,42.202152],[-5.910987,42.204109]]]}},{"type":"Feature","properties":{"country":"ES","region":"Riaño","parent":"León"},"geometry":{"type":"Polygon","coordinates":[[[-4.95985,42.926761],[-4.997803,42.923546],[-5.011693,42.926962],[-5.020191,42.919988],[-5.037937,42.9183],[-5.052985,42.925619],[-5.052473,42.932909],[-5.057756,42.941857],[-5.059102,42.952268],[-5.091851,42.954105],[-5.106923,42.964747],[-5.108282,42.978093],[-5.10087,42.985117],[-5.108031,42.996929],[-5.079488,42.988981],[-5.063206,42.994762],[-5.05195,42.994108],[-5.022426,43.001688],[-5.020717,43.008789],[-5.008171,43.014825],[-5.001432,43.024976],[-4.993538,43.028794],[-4.968334,43.031637],[-4.955256,43.022239],[-4.935165,43.008969],[-4.944018,42.989022],[-4.950035,42.985564],[-4.948681,42.973654],[-4.979596,42.962279],[-4.972547,42.954776],[-4.959474,42.950099],[-4.968625,42.940293],[-4.95985,42.926761]]]}},{"type":"Feature","properties":{"country":"ES","region":"Cobeña","parent":"Madrid"},"geometry":{"type":"Polygon","coordinates":[[[-3.480821,40.562131],[-3.489704,40.555707],[-3.500807,40.552915],[-3.503288,40.543005],[-3.512059,40.538598],[-3.529135,40.553966],[-3.546179,40.563289],[-3.543898,40.569744],[-3.538978,40.57437],[-3.53983,40.58237],[-3.533347,40.584415],[-3.525591,40.58122],[-3.515469,40.581279],[-3.485672,40.585859],[-3.465929,40.595426],[-3.474352,40.571394],[-3.480821,40.562131]]]}},{"type":"Feature","properties":{"country":"ES","region":"Colmenar Viejo","parent":"Madrid"},"geometry":{"type":"Polygon","coordinates":[[[-3.584405,40.627324],[-3.602602,40.625842],[-3.605137,40.630102],[-3.608694,40.630349],[-3.625674,40.61671],[-3.637804,40.636898],[-3.650763,40.641963],[-3.659889,40.64043],[-3.667817,40.62956],[-3.675138,40.63281],[-3.685654,40.631356],[-3.715818,40.644295],[-3.721131,40.638371],[-3.728201,40.635209],[-3.729803,40.630917],[-3.740889,40.6284],[-3.740141,40.611146],[-3.769892,40.611364],[-3.774244,40.616617],[-3.786584,40.619749],[-3.794917,40.614274],[-3.808465,40.611809],[-3.810351,40.609427],[-3.806879,40.600885],[-3.808729,40.598484],[-3.816893,40.595055],[-3.842278,40.5925],[-3.845322,40.610869],[-3.85069,40.612862],[-3.855322,40.632416],[-3.86494,40.645612],[-3.855654,40.662097],[-3.83978,40.666137],[-3.8375,40.667058],[-3.832143,40.676761],[-3.829894,40.680661],[-3.815356,40.702732],[-3.800428,40.71113],[-3.781771,40.704748],[-3.772484,40.704943],[-3.767424,40.711966],[-3.751713,40.722894],[-3.733447,40.730876],[-3.731097,40.730285],[-3.72687,40.731142],[-3.724176,40.729913],[-3.712985,40.728479],[-3.710213,40.729264],[-3.705043,40.725384],[-3.686583,40.729741],[-3.675675,40.72834],[-3.676898,40.723241],[-3.674756,40.717214],[-3.679563,40.708588],[-3.676669,40.703947],[-3.656145,40.695049],[-3.64476,40.694375],[-3.642544,40.691163],[-3.642672,40.686913],[-3.649805,40.677317],[-3.639925,40.667524],[-3.650406,40.649133],[-3.649349,40.644946],[-3.635493,40.6393],[-3.628511,40.640309],[-3.610011,40.650525],[-3.591634,40.649124],[-3.589751,40.637597],[-3.584405,40.627324]]]}},{"type":"Feature","properties":{"country":"ES","region":"Collado Villalba","parent":"Madrid"},"geometry":{"type":"Polygon","coordinates":[[[-4.029506,40.629819],[-4.025879,40.632708],[-4.018628,40.638071],[-4.020173,40.6455],[-4.011316,40.651926],[-4.006547,40.661233],[-3.997053,40.66514],[-3.995104,40.681058],[-3.992054,40.666886],[-3.954195,40.657371],[-3.949325,40.656147],[-3.947051,40.644472],[-3.954195,40.636812],[-3.957926,40.632811],[-3.972705,40.627301],[-3.98103,40.62015],[-4.005758,40.616332],[-4.020635,40.620032],[-4.025286,40.624371],[-4.026149,40.629548],[-4.029506,40.629819]]]}},{"type":"Feature","properties":{"country":"ES","region":"Coslada","parent":"Madrid"},"geometry":{"type":"Polygon","coordinates":[[[-3.53099,40.446836],[-3.52736,40.433861],[-3.537369,40.427923],[-3.531032,40.420047],[-3.531162,40.415085],[-3.54055,40.410874],[-3.573379,40.412233],[-3.578709,40.417177],[-3.575998,40.424414],[-3.577861,40.433089],[-3.574528,40.436732],[-3.53099,40.446836]]]}},{"type":"Feature","properties":{"country":"ES","region":"Daganzo de Arriba","parent":"Madrid"},"geometry":{"type":"Polygon","coordinates":[[[-3.480821,40.562131],[-3.474352,40.571394],[-3.465929,40.595426],[-3.453747,40.607231],[-3.445184,40.616497],[-3.441975,40.617493],[-3.441565,40.594565],[-3.430126,40.585712],[-3.395372,40.574518],[-3.403398,40.561312],[-3.40083,40.556692],[-3.415661,40.545366],[-3.432098,40.543082],[-3.43778,40.537133],[-3.436161,40.530853],[-3.429211,40.529078],[-3.428768,40.510878],[-3.434937,40.508869],[-3.439879,40.512957],[-3.461854,40.511833],[-3.461488,40.525811],[-3.469762,40.533579],[-3.469376,40.53853],[-3.480029,40.547889],[-3.48234,40.556762],[-3.480821,40.562131]]]}},{"type":"Feature","properties":{"country":"ES","region":"Roperuelos del Páramo","parent":"León"},"geometry":{"type":"Polygon","coordinates":[[[-5.799782,42.276626],[-5.781455,42.278788],[-5.773944,42.274279],[-5.766327,42.25951],[-5.767057,42.251781],[-5.743705,42.238917],[-5.738475,42.225355],[-5.740668,42.2089],[-5.743129,42.203373],[-5.74352,42.201191],[-5.745167,42.19783],[-5.748142,42.195766],[-5.780746,42.193522],[-5.786836,42.190623],[-5.792494,42.177997],[-5.81619,42.176105],[-5.820928,42.186012],[-5.824866,42.198296],[-5.817539,42.211314],[-5.821015,42.227073],[-5.819953,42.232024],[-5.829803,42.236372],[-5.821001,42.242434],[-5.816057,42.25444],[-5.799782,42.276626]]]}},{"type":"Feature","properties":{"country":"ES","region":"San Adrián del Valle","parent":"León"},"geometry":{"type":"Polygon","coordinates":[[[-5.747401,42.115997],[-5.752084,42.121342],[-5.751,42.124267],[-5.752795,42.128017],[-5.755138,42.134345],[-5.755201,42.136612],[-5.743072,42.143795],[-5.687017,42.138248],[-5.679978,42.131678],[-5.676777,42.120323],[-5.69179,42.120109],[-5.697806,42.120758],[-5.704084,42.119037],[-5.707004,42.117489],[-5.710821,42.116192],[-5.717519,42.11499],[-5.722996,42.114654],[-5.734541,42.114506],[-5.737324,42.113708],[-5.73954,42.113766],[-5.7413,42.113354],[-5.743236,42.113415],[-5.747401,42.115997]]]}},{"type":"Feature","properties":{"country":"ES","region":"San Millán de los Caballeros","parent":"León"},"geometry":{"type":"Polygon","coordinates":[[[-5.629797,42.28009],[-5.641348,42.285465],[-5.634626,42.295856],[-5.622893,42.303482],[-5.604647,42.300823],[-5.552713,42.310596],[-5.53404,42.284118],[-5.530058,42.268997],[-5.537291,42.268156],[-5.562641,42.276982],[-5.591944,42.277368],[-5.605989,42.281733],[-5.629797,42.28009]]]}},{"type":"Feature","properties":{"country":"ES","region":"Fuenlabrada","parent":"Madrid"},"geometry":{"type":"Polygon","coordinates":[[[-3.840953,40.285709],[-3.84364,40.293824],[-3.843212,40.317137],[-3.848386,40.325654],[-3.839291,40.324434],[-3.817999,40.327755],[-3.811895,40.305076],[-3.808366,40.30166],[-3.774318,40.293273],[-3.761582,40.29417],[-3.754397,40.277975],[-3.739373,40.270898],[-3.741014,40.25424],[-3.754527,40.250986],[-3.761896,40.255337],[-3.774769,40.250389],[-3.800805,40.250205],[-3.802824,40.255333],[-3.806728,40.260728],[-3.80943,40.270101],[-3.810354,40.276811],[-3.827247,40.277417],[-3.837381,40.276636],[-3.839302,40.276938],[-3.840953,40.285709]]]}},{"type":"Feature","properties":{"country":"ES","region":"Fuente el Saz de Jarama","parent":"Madrid"},"geometry":{"type":"Polygon","coordinates":[[[-3.490506,40.625021],[-3.502228,40.625215],[-3.504656,40.620246],[-3.525631,40.614228],[-3.537099,40.615512],[-3.557688,40.61224],[-3.563149,40.63232],[-3.561767,40.63746],[-3.556343,40.638033],[-3.559692,40.644787],[-3.559032,40.6505],[-3.553377,40.652378],[-3.556587,40.66091],[-3.540085,40.661648],[-3.51794,40.671449],[-3.482638,40.667912],[-3.482001,40.663148],[-3.487574,40.656869],[-3.490506,40.625021]]]}},{"type":"Feature","properties":{"country":"ES","region":"Galapagar","parent":"Madrid"},"geometry":{"type":"Polygon","coordinates":[[[-3.952904,40.597395],[-3.954195,40.592614],[-3.958817,40.575489],[-3.956583,40.563597],[-3.954195,40.559871],[-3.953079,40.558129],[-3.947382,40.558345],[-3.945165,40.551307],[-3.94879,40.539286],[-3.939378,40.528692],[-3.939916,40.508425],[-3.954195,40.513774],[-3.96693,40.518544],[-3.984425,40.516596],[-4.006541,40.561791],[-4.024081,40.573234],[-4.030595,40.582165],[-4.044395,40.583112],[-4.034598,40.598376],[-4.035101,40.607566],[-4.041049,40.613014],[-4.032668,40.630087],[-4.029506,40.629819],[-4.026149,40.629548],[-4.025286,40.624371],[-4.020635,40.620032],[-4.005758,40.616332],[-3.98103,40.62015],[-3.972705,40.627301],[-3.957926,40.632811],[-3.958764,40.603516],[-3.952904,40.597395]]]}},{"type":"Feature","properties":{"country":"ES","region":"Getafe","parent":"Madrid"},"geometry":{"type":"Polygon","coordinates":[[[-3.622748,40.266339],[-3.6238,40.271725],[-3.632935,40.280436],[-3.638256,40.290614],[-3.648115,40.29224],[-3.660561,40.287709],[-3.674832,40.276573],[-3.697016,40.268381],[-3.710658,40.267032],[-3.728881,40.272209],[-3.739373,40.270898],[-3.754397,40.277975],[-3.761582,40.29417],[-3.759883,40.301518],[-3.74066,40.325323],[-3.724766,40.334947],[-3.720447,40.329892],[-3.708914,40.326386],[-3.707437,40.323101],[-3.692787,40.32066],[-3.648761,40.332601],[-3.629744,40.320728],[-3.609254,40.314042],[-3.596876,40.312206],[-3.575967,40.314849],[-3.571346,40.287084],[-3.59557,40.284157],[-3.596459,40.273559],[-3.622748,40.266339]]]}},{"type":"Feature","properties":{"country":"ES","region":"Guadalix de la Sierra","parent":"Madrid"},"geometry":{"type":"Polygon","coordinates":[[[-3.659463,40.804822],[-3.650817,40.801041],[-3.649121,40.797902],[-3.646624,40.794655],[-3.644453,40.792649],[-3.638399,40.788405],[-3.633911,40.786074],[-3.631983,40.783074],[-3.625649,40.781933],[-3.618379,40.785413],[-3.613793,40.785353],[-3.610074,40.78585],[-3.608405,40.779619],[-3.629549,40.77031],[-3.637653,40.757502],[-3.670776,40.734897],[-3.675675,40.72834],[-3.686583,40.729741],[-3.705043,40.725384],[-3.710213,40.729264],[-3.723422,40.742725],[-3.741739,40.765173],[-3.743451,40.766726],[-3.737032,40.769243],[-3.740419,40.774627],[-3.740862,40.777464],[-3.73716,40.783316],[-3.732994,40.788204],[-3.731339,40.788977],[-3.722519,40.797334],[-3.716865,40.794926],[-3.701278,40.799765],[-3.691233,40.80236],[-3.687113,40.802667],[-3.683881,40.803357],[-3.679929,40.803434],[-3.674124,40.802395],[-3.665962,40.803361],[-3.659463,40.804822]]]}},{"type":"Feature","properties":{"country":"ES","region":"Hoyo de Manzanares","parent":"Madrid"},"geometry":{"type":"Polygon","coordinates":[[[-3.8796,40.651529],[-3.876653,40.651012],[-3.87521,40.649209],[-3.871609,40.647376],[-3.86494,40.645612],[-3.855322,40.632416],[-3.85069,40.612862],[-3.845322,40.610869],[-3.842278,40.5925],[-3.856393,40.58816],[-3.870899,40.591531],[-3.879861,40.587062],[-3.883525,40.585235],[-3.917462,40.593135],[-3.952904,40.597395],[-3.9408,40.61939],[-3.921435,40.637184],[-3.893907,40.650245],[-3.8796,40.651529]]]}},{"type":"Feature","properties":{"country":"ES","region":"Humanes de Madrid","parent":"Madrid"},"geometry":{"type":"Polygon","coordinates":[[[-3.807444,40.229382],[-3.822262,40.227627],[-3.838593,40.229735],[-3.851363,40.236807],[-3.853077,40.249985],[-3.839302,40.276938],[-3.837381,40.276636],[-3.827247,40.277417],[-3.810354,40.276811],[-3.80943,40.270101],[-3.806728,40.260728],[-3.802824,40.255333],[-3.800805,40.250205],[-3.796025,40.238846],[-3.801201,40.238154],[-3.803305,40.23537],[-3.803943,40.233312],[-3.807444,40.229382]]]}},{"type":"Feature","properties":{"country":"ES","region":"Leganés","parent":"Madrid"},"geometry":{"type":"Polygon","coordinates":[[[-3.761582,40.29417],[-3.774318,40.293273],[-3.808366,40.30166],[-3.811895,40.305076],[-3.817999,40.327755],[-3.803026,40.340134],[-3.804097,40.347082],[-3.799462,40.352942],[-3.800282,40.355523],[-3.787605,40.358657],[-3.778957,40.36143],[-3.756678,40.357569],[-3.722013,40.364881],[-3.724766,40.334947],[-3.74066,40.325323],[-3.759883,40.301518],[-3.761582,40.29417]]]}},{"type":"Feature","properties":{"country":"ES","region":"Loeches","parent":"Madrid"},"geometry":{"type":"Polygon","coordinates":[[[-3.426068,40.349675],[-3.43647,40.35151],[-3.453317,40.343229],[-3.452775,40.352787],[-3.451115,40.354968],[-3.451333,40.357757],[-3.454597,40.361717],[-3.455685,40.366524],[-3.458331,40.372942],[-3.45949,40.38019],[-3.461257,40.381105],[-3.464056,40.383326],[-3.462143,40.384998],[-3.463005,40.386993],[-3.465664,40.388456],[-3.449796,40.395381],[-3.441449,40.404533],[-3.439773,40.412515],[-3.432927,40.416987],[-3.434654,40.429733],[-3.423184,40.425038],[-3.411918,40.425794],[-3.372475,40.376196],[-3.35255,40.366512],[-3.355876,40.362217],[-3.378168,40.362568],[-3.426068,40.349675]]]}},{"type":"Feature","properties":{"country":"ES","region":"Santa Elena de Jamuz","parent":"León"},"geometry":{"type":"Polygon","coordinates":[[[-5.834304,42.219242],[-5.871831,42.216461],[-5.910987,42.204109],[-5.942571,42.220029],[-5.96283,42.226902],[-5.975661,42.235256],[-5.973185,42.238281],[-5.969776,42.243873],[-5.965316,42.256019],[-5.965321,42.257965],[-5.967515,42.26104],[-5.967993,42.263206],[-5.966508,42.268776],[-5.965398,42.270958],[-5.96643,42.274089],[-5.966392,42.276638],[-5.965706,42.279075],[-5.963987,42.281181],[-5.957788,42.281425],[-5.939347,42.279403],[-5.936879,42.280063],[-5.899732,42.268447],[-5.877,42.275028],[-5.868217,42.259522],[-5.869861,42.251143],[-5.862252,42.249595],[-5.845586,42.238415],[-5.834304,42.219242]]]}},{"type":"Feature","properties":{"country":"ES","region":"Toral de los Guzmanes","parent":"León"},"geometry":{"type":"Polygon","coordinates":[[[-5.531766,42.240432],[-5.537395,42.229377],[-5.539968,42.225891],[-5.547033,42.219574],[-5.551318,42.220092],[-5.571164,42.224582],[-5.579807,42.227093],[-5.602729,42.229377],[-5.60295,42.233636],[-5.610279,42.243248],[-5.606323,42.255169],[-5.571139,42.259684],[-5.558593,42.255643],[-5.544549,42.256431],[-5.533368,42.253193],[-5.534865,42.249134],[-5.537557,42.243736],[-5.531766,42.240432]]]}},{"type":"Feature","properties":{"country":"ES","region":"Madrid","parent":"Madrid"},"geometry":{"type":"Polygon","coordinates":[[[-3.834001,40.396018],[-3.820502,40.396313],[-3.803272,40.392058],[-3.781212,40.394692],[-3.775105,40.402048],[-3.78056,40.419304],[-3.771327,40.429737],[-3.77072,40.439606],[-3.772461,40.443719],[-3.788296,40.444018],[-3.795646,40.457198],[-3.804008,40.462664],[-3.834193,40.464376],[-3.837483,40.468233],[-3.836566,40.475082],[-3.833438,40.489187],[-3.838452,40.499277],[-3.837882,40.505358],[-3.852509,40.510743],[-3.854273,40.524337],[-3.866365,40.54444],[-3.875154,40.557808],[-3.879861,40.559564],[-3.883458,40.560906],[-3.887294,40.56766],[-3.885416,40.574414],[-3.883525,40.585235],[-3.879861,40.587062],[-3.870899,40.591531],[-3.856393,40.58816],[-3.842278,40.5925],[-3.816893,40.595055],[-3.808729,40.598484],[-3.806879,40.600885],[-3.810351,40.609427],[-3.801465,40.605711],[-3.801592,40.598969],[-3.775746,40.601212],[-3.742391,40.590822],[-3.736213,40.586262],[-3.720625,40.582481],[-3.710554,40.583389],[-3.696694,40.589907],[-3.687145,40.606218],[-3.66798,40.619372],[-3.667817,40.62956],[-3.659889,40.64043],[-3.650763,40.641963],[-3.637804,40.636898],[-3.625674,40.61671],[-3.619157,40.612368],[-3.614883,40.60122],[-3.602465,40.591939],[-3.606965,40.584876],[-3.623588,40.574733],[-3.64945,40.577648],[-3.661062,40.591478],[-3.673984,40.58882],[-3.697482,40.577061],[-3.689171,40.567608],[-3.677152,40.542444],[-3.670314,40.534813],[-3.675688,40.526582],[-3.666631,40.52381],[-3.658103,40.51269],[-3.64205,40.507779],[-3.614893,40.510266],[-3.599127,40.501364],[-3.572027,40.511934],[-3.554102,40.511298],[-3.553954,40.50219],[-3.542309,40.493787],[-3.530682,40.471243],[-3.525566,40.46806],[-3.528554,40.461658],[-3.52752,40.455785],[-3.533481,40.452303],[-3.53099,40.446836],[-3.574528,40.436732],[-3.577861,40.433089],[-3.575998,40.424414],[-3.578709,40.417177],[-3.573379,40.412233],[-3.54055,40.410874],[-3.531162,40.415085],[-3.531032,40.420047],[-3.519758,40.40989],[-3.520635,40.392732],[-3.527966,40.389916],[-3.542343,40.391812],[-3.548504,40.380747],[-3.554113,40.355359],[-3.582879,40.324739],[-3.583493,40.316749],[-3.575967,40.314849],[-3.596876,40.312206],[-3.609254,40.314042],[-3.629744,40.320728],[-3.648761,40.332601],[-3.692787,40.32066],[-3.707437,40.323101],[-3.708914,40.326386],[-3.720447,40.329892],[-3.724766,40.334947],[-3.722013,40.364881],[-3.756678,40.357569],[-3.778957,40.36143],[-3.787605,40.358657],[-3.810576,40.365015],[-3.834001,40.396018]]]}},{"type":"Feature","properties":{"country":"ES","region":"Majadahonda","parent":"Madrid"},"geometry":{"type":"Polygon","coordinates":[[[-3.944697,40.454815],[-3.937379,40.468002],[-3.936828,40.484445],[-3.933272,40.499661],[-3.911084,40.500997],[-3.904619,40.494741],[-3.88928,40.487089],[-3.879861,40.484944],[-3.836566,40.475082],[-3.837483,40.468233],[-3.834193,40.464376],[-3.846457,40.45717],[-3.84934,40.44585],[-3.862969,40.444042],[-3.879861,40.445398],[-3.88198,40.445568],[-3.898413,40.455519],[-3.904084,40.452003],[-3.909147,40.443745],[-3.922896,40.442158],[-3.944697,40.454815]]]}},{"type":"Feature","properties":{"country":"ES","region":"Manzanares el Real","parent":"Madrid"},"geometry":{"type":"MultiPolygon","coordinates":[[[[-3.905824,40.682171],[-3.908732,40.684421],[-3.912884,40.687494],[-3.904395,40.697519],[-3.892409,40.704979],[-3.893659,40.714171],[-3.90609,40.736941],[-3.943145,40.75601],[-3.952352,40.763377],[-3.954195,40.7638],[-3.968444,40.767066],[-3.970686,40.769228],[-3.972617,40.770475],[-3.972337,40.774765],[-3.971359,40.776847],[-3.973951,40.778997],[-3.975664,40.783913],[-3.979516,40.78451],[-3.97796,40.787374],[-3.959522,40.794425],[-3.954195,40.794822],[-3.939997,40.79588],[-3.930394,40.80017],[-3.916141,40.800256],[-3.885941,40.80705],[-3.879861,40.806121],[-3.862364,40.814232],[-3.837994,40.812174],[-3.829916,40.791482],[-3.818752,40.741009],[-3.814293,40.737296],[-3.800428,40.71113],[-3.815356,40.702732],[-3.829894,40.680661],[-3.841708,40.68649],[-3.861673,40.685865],[-3.873735,40.681048],[-3.879861,40.680938],[-3.903543,40.680512],[-3.905824,40.682171]]],[[[-3.919246,40.648578],[-3.927519,40.651835],[-3.927105,40.654372],[-3.928686,40.657143],[-3.916867,40.659524],[-3.915725,40.655864],[-3.919246,40.648578]]],[[[-3.949674,40.716917],[-3.951054,40.721912],[-3.939457,40.726454],[-3.934868,40.724901],[-3.935554,40.718046],[-3.940565,40.712509],[-3.944065,40.716138],[-3.949674,40.716917]]]]}},{"type":"Feature","properties":{"country":"ES","region":"Mejorada del Campo","parent":"Madrid"},"geometry":{"type":"Polygon","coordinates":[[[-3.465664,40.388456],[-3.476147,40.381473],[-3.500135,40.37793],[-3.504547,40.382582],[-3.501436,40.385388],[-3.502673,40.391527],[-3.508404,40.396379],[-3.501929,40.404728],[-3.503014,40.407224],[-3.492696,40.412187],[-3.45103,40.421414],[-3.44284,40.41866],[-3.439773,40.412515],[-3.441449,40.404533],[-3.449796,40.395381],[-3.465664,40.388456]]]}},{"type":"Feature","properties":{"country":"ES","region":"Molar, El (Madrid)","parent":"Madrid"},"geometry":{"type":"Polygon","coordinates":[[[-3.593525,40.654762],[-3.604639,40.679121],[-3.60083,40.695325],[-3.602462,40.708633],[-3.60739,40.714328],[-3.605028,40.720083],[-3.591973,40.728406],[-3.593674,40.750515],[-3.576111,40.749087],[-3.543811,40.734994],[-3.525718,40.732492],[-3.528711,40.713926],[-3.543406,40.697498],[-3.545253,40.691374],[-3.5514,40.68964],[-3.554242,40.685478],[-3.556587,40.66091],[-3.553377,40.652378],[-3.559032,40.6505],[-3.565461,40.649756],[-3.568918,40.644202],[-3.582723,40.645473],[-3.586019,40.654002],[-3.593525,40.654762]]]}},{"type":"Feature","properties":{"country":"ES","region":"Moraleja de Enmedio","parent":"Madrid"},"geometry":{"type":"Polygon","coordinates":[[[-3.839302,40.276938],[-3.853077,40.249985],[-3.851363,40.236807],[-3.856705,40.236917],[-3.86813,40.226641],[-3.879861,40.230559],[-3.884497,40.232107],[-3.904107,40.234727],[-3.915008,40.24369],[-3.936933,40.24968],[-3.939,40.257761],[-3.943223,40.261848],[-3.93012,40.256797],[-3.917264,40.260264],[-3.910674,40.257386],[-3.903049,40.261231],[-3.887456,40.276017],[-3.884285,40.283287],[-3.879861,40.286242],[-3.876842,40.288258],[-3.840953,40.285709],[-3.839302,40.276938]]]}},{"type":"Feature","properties":{"country":"ES","region":"Moralzarzal","parent":"Madrid"},"geometry":{"type":"MultiPolygon","coordinates":[[[[-3.919246,40.648578],[-3.905427,40.653523],[-3.905783,40.666153],[-3.902064,40.669576],[-3.893416,40.667925],[-3.879861,40.660575],[-3.873661,40.657213],[-3.875212,40.653045],[-3.8796,40.651529],[-3.893907,40.650245],[-3.921435,40.637184],[-3.9408,40.61939],[-3.952904,40.597395],[-3.958764,40.603516],[-3.957926,40.632811],[-3.954195,40.636812],[-3.947051,40.644472],[-3.949325,40.656147],[-3.954195,40.657371],[-3.992054,40.666886],[-3.995104,40.681058],[-3.997336,40.690383],[-3.988903,40.695283],[-3.980518,40.70567],[-3.970318,40.704456],[-3.96068,40.707174],[-3.954195,40.712915],[-3.949674,40.716917],[-3.944065,40.716138],[-3.940565,40.712509],[-3.952008,40.700441],[-3.951647,40.692594],[-3.945093,40.686846],[-3.924177,40.677455],[-3.91965,40.677593],[-3.908732,40.684421],[-3.905824,40.682171],[-3.919075,40.672802],[-3.917514,40.664496],[-3.927959,40.663391],[-3.928686,40.657143],[-3.927105,40.654372],[-3.927519,40.651835],[-3.919246,40.648578]]],[[[-3.90643,40.673138],[-3.907266,40.6776],[-3.903733,40.67853],[-3.90253,40.677063],[-3.903005,40.674559],[-3.90643,40.673138]]]]}},{"type":"Feature","properties":{"country":"ES","region":"Móstoles","parent":"Madrid"},"geometry":{"type":"MultiPolygon","coordinates":[[[[-3.840953,40.285709],[-3.876842,40.288258],[-3.879861,40.289483],[-3.88724,40.292477],[-3.892326,40.301148],[-3.898494,40.304366],[-3.904693,40.303551],[-3.914199,40.293969],[-3.920181,40.302404],[-3.941599,40.297141],[-3.941347,40.300125],[-3.944331,40.322917],[-3.934245,40.331132],[-3.932844,40.337774],[-3.917583,40.339496],[-3.882601,40.353406],[-3.879861,40.35333],[-3.870763,40.353079],[-3.859549,40.343063],[-3.858945,40.335081],[-3.853918,40.333024],[-3.848386,40.325654],[-3.843212,40.317137],[-3.84364,40.293824],[-3.840953,40.285709]]],[[[-3.934891,40.293288],[-3.925893,40.29656],[-3.916572,40.290468],[-3.922414,40.288992],[-3.934891,40.293288]]]]}},{"type":"Feature","properties":{"country":"ES","region":"Valdemora","parent":"León"},"geometry":{"type":"Polygon","coordinates":[[[-5.462519,42.204059],[-5.452062,42.208197],[-5.432549,42.209708],[-5.417485,42.204986],[-5.406688,42.19579],[-5.401699,42.184624],[-5.39813,42.156044],[-5.405063,42.155964],[-5.407935,42.156379],[-5.411083,42.157356],[-5.414315,42.159244],[-5.405667,42.164894],[-5.40582,42.168774],[-5.423032,42.175271],[-5.440567,42.193282],[-5.455803,42.193507],[-5.462519,42.204059]]]}},{"type":"Feature","properties":{"country":"ES","region":"Valderas","parent":"León"},"geometry":{"type":"Polygon","coordinates":[[[-5.376311,42.041458],[-5.378432,42.041656],[-5.380769,42.041115],[-5.38443,42.042099],[-5.387765,42.041202],[-5.389677,42.040279],[-5.391097,42.03915],[-5.393439,42.038131],[-5.397812,42.034618],[-5.412091,42.030453],[-5.420293,42.029217],[-5.421605,42.030666],[-5.426185,42.035294],[-5.440612,42.032556],[-5.478939,42.051487],[-5.47841,42.05671],[-5.498845,42.083651],[-5.520905,42.09713],[-5.527018,42.10429],[-5.528077,42.106914],[-5.528444,42.111255],[-5.529384,42.113624],[-5.523893,42.116985],[-5.516758,42.122204],[-5.508846,42.125764],[-5.484644,42.125666],[-5.454731,42.149597],[-5.447676,42.152404],[-5.441985,42.136668],[-5.434567,42.135435],[-5.416984,42.123415],[-5.40674,42.110377],[-5.391074,42.09874],[-5.381616,42.096443],[-5.389179,42.087682],[-5.374452,42.068123],[-5.373152,42.064052],[-5.371208,42.051421],[-5.372748,42.049934],[-5.373652,42.048286],[-5.375651,42.046768],[-5.374455,42.04319],[-5.376311,42.041458]]]}},{"type":"Feature","properties":{"country":"ES","region":"Valencia de Don Juan","parent":"León"},"geometry":{"type":"Polygon","coordinates":[[[-5.552713,42.310596],[-5.548369,42.313854],[-5.547583,42.324715],[-5.522827,42.33044],[-5.518193,42.337013],[-5.513608,42.319999],[-5.479167,42.315224],[-5.460979,42.301821],[-5.435966,42.293525],[-5.435293,42.290771],[-5.450323,42.269548],[-5.488703,42.265697],[-5.48303,42.254475],[-5.484534,42.24887],[-5.479412,42.24196],[-5.492534,42.227779],[-5.499697,42.228991],[-5.504613,42.235063],[-5.531766,42.240432],[-5.537557,42.243736],[-5.534865,42.249134],[-5.533368,42.253193],[-5.529292,42.266819],[-5.530058,42.268997],[-5.53404,42.284118],[-5.552713,42.310596]]]}},{"type":"Feature","properties":{"country":"ES","region":"Paracuellos de Jarama","parent":"Madrid"},"geometry":{"type":"Polygon","coordinates":[[[-3.512059,40.538598],[-3.479452,40.494586],[-3.476311,40.487888],[-3.488644,40.479961],[-3.497089,40.473127],[-3.499345,40.471786],[-3.510093,40.469004],[-3.512513,40.468698],[-3.514922,40.469593],[-3.528403,40.472265],[-3.530682,40.471243],[-3.542309,40.493787],[-3.553954,40.50219],[-3.554102,40.511298],[-3.551431,40.522736],[-3.555973,40.529191],[-3.552931,40.532211],[-3.548694,40.535578],[-3.548895,40.539667],[-3.556285,40.542385],[-3.565052,40.554388],[-3.55885,40.565689],[-3.561964,40.570802],[-3.555632,40.575218],[-3.543898,40.569744],[-3.546179,40.563289],[-3.529135,40.553966],[-3.512059,40.538598]]]}},{"type":"Feature","properties":{"country":"ES","region":"Parla","parent":"Madrid"},"geometry":{"type":"Polygon","coordinates":[[[-3.733285,40.211027],[-3.744477,40.201795],[-3.755271,40.209725],[-3.762414,40.207304],[-3.77973,40.209448],[-3.790149,40.217475],[-3.790877,40.221715],[-3.798718,40.222471],[-3.8032,40.219964],[-3.806005,40.224484],[-3.807444,40.229382],[-3.803943,40.233312],[-3.803305,40.23537],[-3.801201,40.238154],[-3.796025,40.238846],[-3.800805,40.250205],[-3.774769,40.250389],[-3.761896,40.255337],[-3.754527,40.250986],[-3.741014,40.25424],[-3.736618,40.252352],[-3.738029,40.216562],[-3.733285,40.211027]]]}},{"type":"Feature","properties":{"country":"ES","region":"Pedrezuela","parent":"Madrid"},"geometry":{"type":"Polygon","coordinates":[[[-3.675675,40.72834],[-3.670776,40.734897],[-3.637653,40.757502],[-3.629549,40.77031],[-3.608405,40.779619],[-3.604292,40.77633],[-3.603921,40.772989],[-3.59813,40.757914],[-3.594563,40.752533],[-3.593674,40.750515],[-3.591973,40.728406],[-3.605028,40.720083],[-3.60739,40.714328],[-3.617649,40.7077],[-3.61768,40.715499],[-3.620293,40.717841],[-3.659833,40.725737],[-3.676898,40.723241],[-3.675675,40.72834]]]}},{"type":"Feature","properties":{"country":"ES","region":"Pinto","parent":"Madrid"},"geometry":{"type":"Polygon","coordinates":[[[-3.64348,40.229627],[-3.661972,40.221264],[-3.676592,40.219229],[-3.690223,40.21196],[-3.699839,40.198894],[-3.703842,40.201546],[-3.709567,40.203874],[-3.725635,40.208986],[-3.733285,40.211027],[-3.738029,40.216562],[-3.736618,40.252352],[-3.741014,40.25424],[-3.739373,40.270898],[-3.728881,40.272209],[-3.710658,40.267032],[-3.697016,40.268381],[-3.674832,40.276573],[-3.660561,40.287709],[-3.648115,40.29224],[-3.638256,40.290614],[-3.632935,40.280436],[-3.6238,40.271725],[-3.622748,40.266339],[-3.625845,40.26572],[-3.631195,40.260849],[-3.632325,40.259403],[-3.633444,40.255981],[-3.63365,40.252347],[-3.634831,40.247141],[-3.637172,40.240445],[-3.64348,40.229627]]]}},{"type":"Feature","properties":{"country":"ES","region":"Pozuelo de Alarcón","parent":"Madrid"},"geometry":{"type":"Polygon","coordinates":[[[-3.834001,40.396018],[-3.831894,40.400829],[-3.837654,40.402933],[-3.842253,40.417312],[-3.84839,40.420848],[-3.862969,40.444042],[-3.84934,40.44585],[-3.846457,40.45717],[-3.834193,40.464376],[-3.804008,40.462664],[-3.795646,40.457198],[-3.788296,40.444018],[-3.772461,40.443719],[-3.77072,40.439606],[-3.771327,40.429737],[-3.78056,40.419304],[-3.775105,40.402048],[-3.781212,40.394692],[-3.803272,40.392058],[-3.820502,40.396313],[-3.834001,40.396018]]]}},{"type":"Feature","properties":{"country":"ES","region":"Villabraz","parent":"León"},"geometry":{"type":"Polygon","coordinates":[[[-5.466145,42.212921],[-5.477608,42.20956],[-5.492534,42.227779],[-5.479412,42.24196],[-5.484534,42.24887],[-5.48303,42.254475],[-5.488703,42.265697],[-5.450323,42.269548],[-5.435293,42.290771],[-5.403963,42.294891],[-5.401026,42.29071],[-5.399654,42.287479],[-5.400905,42.280502],[-5.392299,42.281582],[-5.389487,42.282245],[-5.377699,42.285218],[-5.377838,42.27406],[-5.384607,42.271507],[-5.396812,42.274304],[-5.417879,42.269505],[-5.433575,42.253889],[-5.419147,42.242821],[-5.429702,42.231515],[-5.442693,42.230192],[-5.450869,42.221536],[-5.460311,42.219497],[-5.466145,42.212921]]]}},{"type":"Feature","properties":{"country":"ES","region":"Villademor de la Vega","parent":"León"},"geometry":{"type":"Polygon","coordinates":[[[-5.530058,42.268997],[-5.529292,42.266819],[-5.533368,42.253193],[-5.544549,42.256431],[-5.558593,42.255643],[-5.571139,42.259684],[-5.606323,42.255169],[-5.629111,42.270881],[-5.629797,42.28009],[-5.605989,42.281733],[-5.591944,42.277368],[-5.562641,42.276982],[-5.537291,42.268156],[-5.530058,42.268997]]]}},{"type":"Feature","properties":{"country":"ES","region":"Villamandos","parent":"León"},"geometry":{"type":"Polygon","coordinates":[[[-5.609524,42.204597],[-5.558662,42.19194],[-5.570968,42.167695],[-5.57097,42.160038],[-5.593572,42.167282],[-5.597494,42.168167],[-5.599555,42.168209],[-5.604122,42.167133],[-5.607225,42.167187],[-5.615202,42.16896],[-5.619224,42.167598],[-5.620942,42.176625],[-5.617511,42.18536],[-5.609524,42.204597]]]}},{"type":"Feature","properties":{"country":"ES","region":"Rivas-Vaciamadrid","parent":"Madrid"},"geometry":{"type":"Polygon","coordinates":[[[-3.503014,40.407224],[-3.501929,40.404728],[-3.508404,40.396379],[-3.502673,40.391527],[-3.501436,40.385388],[-3.504547,40.382582],[-3.500135,40.37793],[-3.510672,40.371051],[-3.506695,40.360636],[-3.503064,40.358955],[-3.495414,40.363048],[-3.484818,40.36089],[-3.483554,40.35166],[-3.477156,40.348792],[-3.471443,40.338076],[-3.471146,40.320195],[-3.484912,40.323351],[-3.495339,40.315921],[-3.512023,40.317648],[-3.513598,40.313875],[-3.507851,40.308173],[-3.513747,40.305112],[-3.510258,40.300978],[-3.519639,40.294246],[-3.541671,40.290518],[-3.551651,40.296444],[-3.571346,40.287084],[-3.575967,40.314849],[-3.583493,40.316749],[-3.582879,40.324739],[-3.554113,40.355359],[-3.548504,40.380747],[-3.542343,40.391812],[-3.527966,40.389916],[-3.520635,40.392732],[-3.519758,40.40989],[-3.503014,40.407224]]]}},{"type":"Feature","properties":{"country":"ES","region":"Rozas de Madrid, Las","parent":"Madrid"},"geometry":{"type":"Polygon","coordinates":[[[-3.933272,40.499661],[-3.935537,40.507727],[-3.939916,40.508425],[-3.939378,40.528692],[-3.94879,40.539286],[-3.945165,40.551307],[-3.937506,40.548612],[-3.929949,40.557311],[-3.918554,40.558392],[-3.885416,40.574414],[-3.887294,40.56766],[-3.883458,40.560906],[-3.879861,40.559564],[-3.875154,40.557808],[-3.866365,40.54444],[-3.854273,40.524337],[-3.852509,40.510743],[-3.837882,40.505358],[-3.838452,40.499277],[-3.833438,40.489187],[-3.836566,40.475082],[-3.879861,40.484944],[-3.88928,40.487089],[-3.904619,40.494741],[-3.911084,40.500997],[-3.933272,40.499661]]]}},{"type":"Feature","properties":{"country":"ES","region":"San Agustín del Guadalix","parent":"Madrid"},"geometry":{"type":"Polygon","coordinates":[[[-3.60739,40.714328],[-3.602462,40.708633],[-3.60083,40.695325],[-3.604639,40.679121],[-3.593525,40.654762],[-3.592322,40.652417],[-3.591634,40.649124],[-3.610011,40.650525],[-3.628511,40.640309],[-3.635493,40.6393],[-3.649349,40.644946],[-3.650406,40.649133],[-3.639925,40.667524],[-3.649805,40.677317],[-3.642672,40.686913],[-3.642544,40.691163],[-3.64476,40.694375],[-3.656145,40.695049],[-3.676669,40.703947],[-3.679563,40.708588],[-3.674756,40.717214],[-3.676898,40.723241],[-3.659833,40.725737],[-3.620293,40.717841],[-3.61768,40.715499],[-3.617649,40.7077],[-3.60739,40.714328]]]}},{"type":"Feature","properties":{"country":"ES","region":"San Fernando de Henares","parent":"Madrid"},"geometry":{"type":"Polygon","coordinates":[[[-3.447039,40.446276],[-3.433725,40.453589],[-3.426856,40.45318],[-3.419773,40.450447],[-3.42195,40.442296],[-3.414733,40.43614],[-3.411918,40.425794],[-3.423184,40.425038],[-3.434654,40.429733],[-3.432927,40.416987],[-3.439773,40.412515],[-3.44284,40.41866],[-3.45103,40.421414],[-3.492696,40.412187],[-3.503014,40.407224],[-3.519758,40.40989],[-3.531032,40.420047],[-3.537369,40.427923],[-3.52736,40.433861],[-3.53099,40.446836],[-3.533481,40.452303],[-3.52752,40.455785],[-3.528554,40.461658],[-3.525566,40.46806],[-3.530682,40.471243],[-3.528403,40.472265],[-3.514922,40.469593],[-3.512513,40.468698],[-3.510093,40.469004],[-3.499345,40.471786],[-3.490063,40.455829],[-3.489113,40.439857],[-3.482229,40.431399],[-3.453151,40.441151],[-3.447039,40.446276]]]}},{"type":"Feature","properties":{"country":"ES","region":"San Martín de la Vega","parent":"Madrid"},"geometry":{"type":"Polygon","coordinates":[[[-3.55929,40.189826],[-3.565904,40.191667],[-3.591404,40.19633],[-3.594938,40.201694],[-3.613332,40.208956],[-3.623262,40.21894],[-3.64348,40.229627],[-3.637172,40.240445],[-3.634831,40.247141],[-3.63365,40.252347],[-3.633444,40.255981],[-3.632325,40.259403],[-3.631195,40.260849],[-3.625845,40.26572],[-3.622748,40.266339],[-3.596459,40.273559],[-3.59557,40.284157],[-3.571346,40.287084],[-3.551651,40.296444],[-3.541671,40.290518],[-3.519639,40.294246],[-3.498847,40.273259],[-3.491802,40.269614],[-3.482522,40.256844],[-3.492405,40.25174],[-3.499524,40.25499],[-3.501934,40.252471],[-3.500257,40.246126],[-3.50509,40.237596],[-3.498139,40.216934],[-3.508029,40.213037],[-3.525661,40.197522],[-3.534786,40.19501],[-3.548218,40.196123],[-3.55929,40.189826]]]}},{"type":"Feature","properties":{"country":"ES","region":"San Sebastián de los Reyes","parent":"Madrid"},"geometry":{"type":"Polygon","coordinates":[[[-3.673984,40.58882],[-3.661062,40.591478],[-3.64945,40.577648],[-3.623588,40.574733],[-3.606965,40.584876],[-3.602465,40.591939],[-3.614883,40.60122],[-3.619157,40.612368],[-3.625674,40.61671],[-3.608694,40.630349],[-3.605137,40.630102],[-3.602602,40.625842],[-3.584405,40.627324],[-3.57958,40.620347],[-3.574026,40.617668],[-3.576647,40.606076],[-3.573655,40.59994],[-3.565093,40.597455],[-3.558643,40.586391],[-3.548956,40.586503],[-3.53983,40.58237],[-3.538978,40.57437],[-3.543898,40.569744],[-3.555632,40.575218],[-3.561964,40.570802],[-3.55885,40.565689],[-3.565052,40.554388],[-3.556285,40.542385],[-3.548895,40.539667],[-3.548694,40.535578],[-3.552931,40.532211],[-3.625317,40.540617],[-3.641537,40.554009],[-3.65482,40.556599],[-3.673984,40.58882]]]}},{"type":"Feature","properties":{"country":"ES","region":"Villaquejida","parent":"León"},"geometry":{"type":"Polygon","coordinates":[[[-5.665348,42.14114],[-5.658112,42.1499],[-5.642928,42.14695],[-5.619224,42.167598],[-5.615202,42.16896],[-5.607225,42.167187],[-5.604122,42.167133],[-5.599555,42.168209],[-5.597494,42.168167],[-5.593572,42.167282],[-5.57097,42.160038],[-5.571761,42.138081],[-5.57218,42.135539],[-5.569476,42.136036],[-5.566736,42.135898],[-5.564015,42.136795],[-5.557351,42.136883],[-5.552172,42.138988],[-5.541073,42.139179],[-5.533895,42.140644],[-5.527464,42.139752],[-5.516758,42.122204],[-5.523893,42.116985],[-5.529384,42.113624],[-5.528444,42.111255],[-5.528077,42.106914],[-5.527018,42.10429],[-5.543377,42.099373],[-5.54185,42.098091],[-5.544368,42.092441],[-5.544035,42.086208],[-5.551327,42.066975],[-5.56071,42.055958],[-5.577607,42.064282],[-5.586621,42.050903],[-5.588201,42.054826],[-5.585003,42.065403],[-5.588761,42.075645],[-5.580082,42.082806],[-5.576626,42.092834],[-5.57759,42.12569],[-5.611141,42.134441],[-5.623545,42.135005],[-5.632839,42.1396],[-5.644061,42.136484],[-5.645238,42.132152],[-5.664091,42.13655],[-5.665348,42.14114]]]}},{"type":"Feature","properties":{"country":"ES","region":"Zotes del Páramo","parent":"León"},"geometry":{"type":"Polygon","coordinates":[[[-5.799782,42.276626],[-5.811454,42.276771],[-5.803716,42.282219],[-5.798869,42.284771],[-5.790764,42.282678],[-5.774031,42.292182],[-5.755014,42.293292],[-5.746295,42.301651],[-5.731046,42.3039],[-5.699951,42.302837],[-5.690626,42.294417],[-5.690632,42.283973],[-5.692375,42.256269],[-5.706033,42.222568],[-5.701406,42.215057],[-5.704883,42.214775],[-5.710025,42.215465],[-5.716632,42.214462],[-5.724215,42.213051],[-5.736804,42.207782],[-5.740668,42.2089],[-5.738475,42.225355],[-5.743705,42.238917],[-5.767057,42.251781],[-5.766327,42.25951],[-5.773944,42.274279],[-5.781455,42.278788],[-5.799782,42.276626]]]}},{"type":"Feature","properties":{"country":"ES","region":"Villaornate y Castro","parent":"León"},"geometry":{"type":"Polygon","coordinates":[[[-5.531766,42.240432],[-5.504613,42.235063],[-5.499697,42.228991],[-5.492534,42.227779],[-5.477608,42.20956],[-5.484398,42.208229],[-5.497604,42.195507],[-5.498194,42.189407],[-5.50547,42.183529],[-5.503317,42.173466],[-5.505471,42.169807],[-5.504552,42.162731],[-5.524041,42.164268],[-5.532571,42.147465],[-5.533895,42.140644],[-5.541073,42.139179],[-5.552172,42.138988],[-5.557351,42.136883],[-5.564015,42.136795],[-5.566736,42.135898],[-5.569476,42.136036],[-5.57218,42.135539],[-5.571761,42.138081],[-5.57097,42.160038],[-5.570968,42.167695],[-5.558662,42.19194],[-5.547871,42.201701],[-5.547033,42.219574],[-5.539968,42.225891],[-5.537395,42.229377],[-5.531766,42.240432]]]}},{"type":"Feature","properties":{"country":"ES","region":"Torrejón de Ardoz","parent":"Madrid"},"geometry":{"type":"Polygon","coordinates":[[[-3.434937,40.508869],[-3.428768,40.510878],[-3.430404,40.488734],[-3.426746,40.472794],[-3.432847,40.466315],[-3.43225,40.460794],[-3.447039,40.446276],[-3.453151,40.441151],[-3.482229,40.431399],[-3.489113,40.439857],[-3.490063,40.455829],[-3.499345,40.471786],[-3.497089,40.473127],[-3.488644,40.479961],[-3.476311,40.487888],[-3.479452,40.494586],[-3.474194,40.494691],[-3.467512,40.493145],[-3.464483,40.495324],[-3.456941,40.499251],[-3.452659,40.502606],[-3.444423,40.505981],[-3.441771,40.506258],[-3.436507,40.507961],[-3.434937,40.508869]]]}},{"type":"Feature","properties":{"country":"ES","region":"Torrelodones","parent":"Madrid"},"geometry":{"type":"Polygon","coordinates":[[[-3.945165,40.551307],[-3.947382,40.558345],[-3.953079,40.558129],[-3.954195,40.559871],[-3.956583,40.563597],[-3.958817,40.575489],[-3.954195,40.592614],[-3.952904,40.597395],[-3.917462,40.593135],[-3.883525,40.585235],[-3.885416,40.574414],[-3.918554,40.558392],[-3.929949,40.557311],[-3.937506,40.548612],[-3.945165,40.551307]]]}},{"type":"Feature","properties":{"country":"ES","region":"Valdetorres de Jarama","parent":"Madrid"},"geometry":{"type":"Polygon","coordinates":[[[-3.468549,40.689935],[-3.461076,40.682653],[-3.465139,40.678579],[-3.466816,40.671238],[-3.471073,40.669009],[-3.482525,40.670367],[-3.482638,40.667912],[-3.51794,40.671449],[-3.540085,40.661648],[-3.556587,40.66091],[-3.554242,40.685478],[-3.5514,40.68964],[-3.545253,40.691374],[-3.543406,40.697498],[-3.528711,40.713926],[-3.525718,40.732492],[-3.518412,40.724793],[-3.496277,40.713822],[-3.47126,40.706628],[-3.473859,40.693848],[-3.468549,40.689935]]]}},{"type":"Feature","properties":{"country":"ES","region":"Velilla de San Antonio","parent":"Madrid"},"geometry":{"type":"Polygon","coordinates":[[[-3.453317,40.343229],[-3.460801,40.34183],[-3.471443,40.338076],[-3.477156,40.348792],[-3.483554,40.35166],[-3.484818,40.36089],[-3.495414,40.363048],[-3.503064,40.358955],[-3.506695,40.360636],[-3.510672,40.371051],[-3.500135,40.37793],[-3.476147,40.381473],[-3.465664,40.388456],[-3.463005,40.386993],[-3.462143,40.384998],[-3.464056,40.383326],[-3.461257,40.381105],[-3.45949,40.38019],[-3.458331,40.372942],[-3.455685,40.366524],[-3.454597,40.361717],[-3.451333,40.357757],[-3.451115,40.354968],[-3.452775,40.352787],[-3.453317,40.343229]]]}},{"type":"Feature","properties":{"country":"ES","region":"Villanueva de la Cañada","parent":"Madrid"},"geometry":{"type":"Polygon","coordinates":[[[-4.041571,40.448661],[-4.042543,40.45551],[-4.03965,40.458574],[-4.028763,40.459512],[-4.014368,40.470442],[-3.993074,40.472409],[-3.976193,40.454766],[-3.958614,40.468885],[-3.954195,40.469983],[-3.949483,40.471153],[-3.942566,40.48345],[-3.936828,40.484445],[-3.937379,40.468002],[-3.944697,40.454815],[-3.948663,40.450117],[-3.951628,40.438314],[-3.951836,40.427078],[-3.947184,40.420496],[-3.948833,40.413739],[-3.946748,40.408],[-3.954195,40.409002],[-3.96904,40.417095],[-3.980614,40.435609],[-3.99605,40.43125],[-4.014602,40.435443],[-4.025862,40.428181],[-4.030469,40.433322],[-4.031589,40.441902],[-4.041571,40.448661]]]}},{"type":"Feature","properties":{"country":"ES","region":"Villanueva del Pardillo","parent":"Madrid"},"geometry":{"type":"Polygon","coordinates":[[[-3.984425,40.516596],[-3.96693,40.518544],[-3.954195,40.513774],[-3.939916,40.508425],[-3.935537,40.507727],[-3.933272,40.499661],[-3.936828,40.484445],[-3.942566,40.48345],[-3.949483,40.471153],[-3.954195,40.469983],[-3.958614,40.468885],[-3.976193,40.454766],[-3.993074,40.472409],[-4.000942,40.485583],[-3.994842,40.501729],[-3.984425,40.516596]]]}},{"type":"Feature","properties":{"country":"ES","region":"Villaviciosa de Odón","parent":"Madrid"},"geometry":{"type":"Polygon","coordinates":[[[-4.005121,40.359253],[-3.980779,40.369319],[-3.954195,40.369519],[-3.947764,40.369567],[-3.944557,40.375447],[-3.949862,40.388945],[-3.945614,40.396507],[-3.946748,40.408],[-3.948833,40.413739],[-3.933706,40.413205],[-3.892181,40.397935],[-3.881417,40.386529],[-3.879861,40.385541],[-3.867437,40.377644],[-3.867684,40.374168],[-3.878326,40.3707],[-3.871264,40.359363],[-3.870763,40.353079],[-3.879861,40.35333],[-3.882601,40.353406],[-3.917583,40.339496],[-3.932844,40.337774],[-3.934245,40.331132],[-3.944331,40.322917],[-3.941347,40.300125],[-3.954195,40.304099],[-3.956571,40.304834],[-3.97143,40.320862],[-4.001732,40.333175],[-4.006226,40.339349],[-3.998423,40.344941],[-4.005121,40.359253]]]}},{"type":"Feature","properties":{"country":"ES","region":"Tres Cantos","parent":"Madrid"},"geometry":{"type":"Polygon","coordinates":[[[-3.810351,40.609427],[-3.808465,40.611809],[-3.794917,40.614274],[-3.786584,40.619749],[-3.774244,40.616617],[-3.769892,40.611364],[-3.740141,40.611146],[-3.740889,40.6284],[-3.729803,40.630917],[-3.728201,40.635209],[-3.721131,40.638371],[-3.715818,40.644295],[-3.685654,40.631356],[-3.675138,40.63281],[-3.667817,40.62956],[-3.66798,40.619372],[-3.687145,40.606218],[-3.696694,40.589907],[-3.710554,40.583389],[-3.720625,40.582481],[-3.736213,40.586262],[-3.742391,40.590822],[-3.775746,40.601212],[-3.801592,40.598969],[-3.801465,40.605711],[-3.810351,40.609427]]]}},{"type":"Feature","properties":{"country":"ES","region":"Acebedo","parent":"León"},"geometry":{"type":"Polygon","coordinates":[[[-5.179625,43.023334],[-5.171305,43.025929],[-5.161699,43.040553],[-5.142522,43.043704],[-5.141726,43.055839],[-5.157818,43.062603],[-5.157145,43.066723],[-5.160653,43.070444],[-5.154898,43.075151],[-5.157998,43.081599],[-5.154805,43.088805],[-5.129768,43.092046],[-5.126237,43.086897],[-5.126582,43.07692],[-5.118291,43.067754],[-5.111415,43.053846],[-5.104975,43.048521],[-5.106112,43.024809],[-5.103439,43.019321],[-5.096145,43.022071],[-5.079402,43.037357],[-5.074528,43.046279],[-5.066658,43.047968],[-5.067359,43.030608],[-5.062684,43.022334],[-5.063206,42.994762],[-5.079488,42.988981],[-5.108031,42.996929],[-5.09621,43.007357],[-5.09592,43.012023],[-5.118298,43.014826],[-5.137167,43.003701],[-5.149261,43.009],[-5.177007,43.003093],[-5.180743,43.004323],[-5.182412,43.009139],[-5.177098,43.018291],[-5.179625,43.023334]]]}},{"type":"Feature","properties":{"country":"ES","region":"Algadefe","parent":"León"},"geometry":{"type":"Polygon","coordinates":[[[-5.558662,42.19194],[-5.609524,42.204597],[-5.608114,42.225952],[-5.602729,42.229377],[-5.579807,42.227093],[-5.571164,42.224582],[-5.551318,42.220092],[-5.547033,42.219574],[-5.547871,42.201701],[-5.558662,42.19194]]]}},{"type":"Feature","properties":{"country":"ES","region":"Alija del Infantado","parent":"León"},"geometry":{"type":"Polygon","coordinates":[[[-5.81619,42.176105],[-5.824333,42.161268],[-5.81686,42.160352],[-5.817601,42.153792],[-5.805983,42.148353],[-5.789115,42.15252],[-5.782424,42.150432],[-5.779274,42.143899],[-5.781967,42.138853],[-5.780113,42.135257],[-5.787243,42.133146],[-5.791246,42.12814],[-5.805342,42.124573],[-5.806252,42.127628],[-5.804861,42.129745],[-5.806568,42.130394],[-5.812603,42.126383],[-5.82685,42.121807],[-5.832264,42.119378],[-5.837932,42.118706],[-5.8397,42.116386],[-5.840905,42.112678],[-5.844857,42.110706],[-5.850249,42.113075],[-5.856283,42.114925],[-5.858347,42.115917],[-5.864841,42.119392],[-5.866808,42.120071],[-5.869271,42.122165],[-5.878541,42.1329],[-5.88483,42.138443],[-5.882141,42.145333],[-5.897432,42.15609],[-5.900908,42.166782],[-5.902646,42.173778],[-5.903772,42.188102],[-5.888953,42.187521],[-5.8557,42.17664],[-5.84942,42.178716],[-5.839083,42.173971],[-5.842351,42.194442],[-5.824866,42.198296],[-5.820928,42.186012],[-5.81619,42.176105]]]}},{"type":"Feature","properties":{"country":"ES","region":"Antigua, La","parent":"León"},"geometry":{"type":"Polygon","coordinates":[[[-5.701406,42.215057],[-5.693523,42.198605],[-5.680762,42.181903],[-5.675138,42.18198],[-5.662673,42.188757],[-5.663219,42.200192],[-5.658448,42.204373],[-5.653443,42.197965],[-5.637263,42.187185],[-5.617511,42.18536],[-5.620942,42.176625],[-5.619224,42.167598],[-5.642928,42.14695],[-5.658112,42.1499],[-5.665348,42.14114],[-5.681575,42.140919],[-5.687017,42.138248],[-5.700064,42.142299],[-5.710092,42.14735],[-5.743117,42.172538],[-5.743068,42.17535],[-5.745461,42.175804],[-5.744949,42.178211],[-5.745069,42.182895],[-5.743951,42.188194],[-5.744307,42.194725],[-5.748142,42.195766],[-5.745167,42.19783],[-5.74352,42.201191],[-5.743129,42.203373],[-5.740668,42.2089],[-5.736804,42.207782],[-5.724215,42.213051],[-5.716632,42.214462],[-5.710025,42.215465],[-5.704883,42.214775],[-5.701406,42.215057]]]}},{"type":"Feature","properties":{"country":"ES","region":"Boca de Huérgano","parent":"León"},"geometry":{"type":"Polygon","coordinates":[[[-4.919069,42.892646],[-4.920751,42.903173],[-4.913975,42.908275],[-4.918228,42.915167],[-4.928513,42.91849],[-4.942158,42.928237],[-4.95985,42.926761],[-4.968625,42.940293],[-4.959474,42.950099],[-4.972547,42.954776],[-4.979596,42.962279],[-4.948681,42.973654],[-4.950035,42.985564],[-4.944018,42.989022],[-4.935165,43.008969],[-4.955256,43.022239],[-4.941627,43.030234],[-4.933795,43.039507],[-4.920634,43.042694],[-4.90567,43.061105],[-4.900502,43.071596],[-4.904931,43.076858],[-4.910301,43.096241],[-4.895709,43.095894],[-4.88593,43.099254],[-4.87496,43.091097],[-4.854767,43.100844],[-4.846158,43.115092],[-4.835626,43.109097],[-4.833157,43.102525],[-4.821549,43.098431],[-4.816175,43.093048],[-4.782749,43.083104],[-4.766838,43.074691],[-4.765213,43.056077],[-4.744007,43.055192],[-4.734649,43.047028],[-4.742559,43.027624],[-4.737845,43.020944],[-4.756297,43.015034],[-4.767181,43.002062],[-4.779943,42.997968],[-4.793891,42.987027],[-4.796054,42.974227],[-4.806444,42.966986],[-4.803232,42.948473],[-4.810136,42.93601],[-4.810394,42.929798],[-4.836508,42.907622],[-4.83834,42.896328],[-4.847496,42.896655],[-4.855734,42.890689],[-4.865222,42.861903],[-4.880137,42.86549],[-4.898385,42.863083],[-4.902154,42.867863],[-4.900674,42.882778],[-4.904134,42.889905],[-4.919069,42.892646]]]}},{"type":"Feature","properties":{"country":"ES","region":"Burón","parent":"León"},"geometry":{"type":"Polygon","coordinates":[[[-4.910301,43.096241],[-4.904931,43.076858],[-4.900502,43.071596],[-4.90567,43.061105],[-4.920634,43.042694],[-4.933795,43.039507],[-4.941627,43.030234],[-4.955256,43.022239],[-4.968334,43.031637],[-4.993538,43.028794],[-5.001432,43.024976],[-5.008171,43.014825],[-5.020717,43.008789],[-5.022426,43.001688],[-5.05195,42.994108],[-5.063206,42.994762],[-5.062684,43.022334],[-5.067359,43.030608],[-5.066658,43.047968],[-5.074528,43.046279],[-5.079402,43.037357],[-5.096145,43.022071],[-5.103439,43.019321],[-5.106112,43.024809],[-5.104975,43.048521],[-5.111415,43.053846],[-5.118291,43.067754],[-5.126582,43.07692],[-5.126237,43.086897],[-5.129768,43.092046],[-5.154805,43.088805],[-5.157998,43.081599],[-5.154898,43.075151],[-5.160653,43.070444],[-5.157145,43.066723],[-5.157818,43.062603],[-5.172153,43.058697],[-5.188638,43.065747],[-5.191965,43.069995],[-5.190725,43.084291],[-5.201196,43.090168],[-5.187689,43.099494],[-5.168936,43.102564],[-5.1608,43.109809],[-5.148533,43.114034],[-5.138457,43.102643],[-5.105273,43.102151],[-5.100767,43.0972],[-5.088893,43.098622],[-5.07841,43.093655],[-5.062084,43.09945],[-5.040984,43.09062],[-5.001907,43.107605],[-4.986831,43.101249],[-4.978796,43.093358],[-4.956526,43.092982],[-4.95018,43.09739],[-4.928435,43.101087],[-4.910301,43.096241]]]}},{"type":"Feature","properties":{"country":"ES","region":"Bétera","parent":"Valencia"},"geometry":{"type":"Polygon","coordinates":[[[-0.449696,39.545393],[-0.462212,39.552623],[-0.468513,39.558861],[-0.473053,39.559799],[-0.475505,39.560608],[-0.478767,39.563419],[-0.482001,39.565372],[-0.482608,39.570978],[-0.488282,39.569714],[-0.495116,39.573735],[-0.501826,39.573695],[-0.5102,39.585377],[-0.518794,39.613782],[-0.510969,39.641873],[-0.49694,39.648647],[-0.492763,39.650329],[-0.486899,39.649799],[-0.482608,39.648582],[-0.463495,39.643161],[-0.453694,39.637165],[-0.44735,39.632576],[-0.424039,39.617405],[-0.410076,39.608902],[-0.395653,39.592529],[-0.418238,39.562804],[-0.426978,39.562292],[-0.432819,39.561144],[-0.438834,39.559502],[-0.441506,39.553428],[-0.449696,39.545393]]]}},{"type":"Feature","properties":{"country":"ES","region":"Bonrepòs i Mirambell","parent":"Valencia"},"geometry":{"type":"Polygon","coordinates":[[[-0.366532,39.523668],[-0.363276,39.521682],[-0.361467,39.516435],[-0.362515,39.514551],[-0.364126,39.5112],[-0.366613,39.512631],[-0.372593,39.521794],[-0.370871,39.527388],[-0.366532,39.523668]]]}},{"type":"Feature","properties":{"country":"ES","region":"Burjassot","parent":"Valencia"},"geometry":{"type":"Polygon","coordinates":[[[-0.418716,39.517371],[-0.415627,39.518928],[-0.401124,39.511191],[-0.397126,39.504305],[-0.399161,39.499848],[-0.411022,39.498454],[-0.418249,39.504305],[-0.424137,39.507391],[-0.426414,39.511487],[-0.418716,39.517371]]]}},{"type":"Feature","properties":{"country":"ES","region":"Pobladura del Valle","parent":"Zamora"},"geometry":{"type":"Polygon","coordinates":[[[-5.748463,42.080692],[-5.750292,42.079353],[-5.753752,42.081123],[-5.757171,42.080826],[-5.762236,42.083377],[-5.770003,42.097023],[-5.765992,42.099308],[-5.759084,42.101753],[-5.754335,42.105202],[-5.751642,42.106663],[-5.752835,42.112987],[-5.747401,42.115997],[-5.743236,42.113415],[-5.7413,42.113354],[-5.73954,42.113766],[-5.737324,42.113708],[-5.734541,42.114506],[-5.722996,42.114654],[-5.717519,42.11499],[-5.710821,42.116192],[-5.707004,42.117489],[-5.704084,42.119037],[-5.697806,42.120758],[-5.69179,42.120109],[-5.676777,42.120323],[-5.671687,42.120685],[-5.666276,42.117668],[-5.666361,42.110782],[-5.689563,42.109921],[-5.725124,42.09777],[-5.738622,42.096033],[-5.75105,42.086385],[-5.748463,42.080692]]]}},{"type":"Feature","properties":{"country":"ES","region":"Catarroja","parent":"Valencia"},"geometry":{"type":"Polygon","coordinates":[[[-0.34727,39.369821],[-0.35615,39.364913],[-0.373999,39.38094],[-0.389984,39.387234],[-0.407747,39.401211],[-0.437906,39.403267],[-0.450135,39.400684],[-0.450711,39.402797],[-0.449329,39.404056],[-0.438163,39.410557],[-0.435392,39.412791],[-0.431571,39.415188],[-0.427673,39.417484],[-0.421141,39.419429],[-0.416532,39.414632],[-0.408134,39.41521],[-0.405984,39.412841],[-0.403882,39.411557],[-0.401718,39.409797],[-0.400069,39.407598],[-0.396395,39.404291],[-0.394639,39.403529],[-0.390636,39.403036],[-0.387186,39.402203],[-0.378515,39.40079],[-0.371277,39.398857],[-0.367515,39.396875],[-0.365504,39.395091],[-0.363339,39.392168],[-0.357162,39.378659],[-0.354199,39.375051],[-0.35153,39.373021],[-0.349218,39.371546],[-0.34727,39.369821]]]}},{"type":"Feature","properties":{"country":"ES","region":"Quart de Poblet","parent":"Valencia"},"geometry":{"type":"Polygon","coordinates":[[[-0.433493,39.467024],[-0.439776,39.46428],[-0.440876,39.470621],[-0.450556,39.475936],[-0.483318,39.47442],[-0.525976,39.451452],[-0.550673,39.449253],[-0.551655,39.457718],[-0.551913,39.465675],[-0.552459,39.470346],[-0.530671,39.471159],[-0.526948,39.484532],[-0.524435,39.484321],[-0.520792,39.483421],[-0.514061,39.482757],[-0.509738,39.482662],[-0.505694,39.482982],[-0.500812,39.482643],[-0.49813,39.483169],[-0.492693,39.483395],[-0.483392,39.482746],[-0.477666,39.484196],[-0.467869,39.484687],[-0.461944,39.483944],[-0.449114,39.484772],[-0.448204,39.486488],[-0.446355,39.488033],[-0.447826,39.490093],[-0.449595,39.491638],[-0.443298,39.492162],[-0.433672,39.486824],[-0.42601,39.487964],[-0.421564,39.485751],[-0.433493,39.467024]]]}},{"type":"Feature","properties":{"country":"ES","region":"Cullera","parent":"Valencia"},"geometry":{"type":"Polygon","coordinates":[[[-0.272708,39.122581],[-0.273368,39.128765],[-0.295618,39.134151],[-0.301695,39.144137],[-0.306696,39.146976],[-0.306603,39.149441],[-0.308768,39.149059],[-0.3072,39.155021],[-0.304807,39.162834],[-0.300495,39.168155],[-0.296344,39.164482],[-0.287596,39.166042],[-0.286535,39.169437],[-0.293155,39.173799],[-0.289984,39.176079],[-0.283957,39.173169],[-0.281057,39.175071],[-0.282844,39.183276],[-0.2744,39.204028],[-0.263128,39.215514],[-0.244578,39.225429],[-0.223296,39.191426],[-0.21672,39.185483],[-0.219853,39.181343],[-0.235905,39.178545],[-0.240887,39.165626],[-0.237294,39.140397],[-0.221945,39.105778],[-0.236606,39.10424],[-0.272708,39.122581]]]}},{"type":"Feature","properties":{"country":"ES","region":"Cheste","parent":"Valencia"},"geometry":{"type":"Polygon","coordinates":[[[-0.591286,39.478295],[-0.616921,39.481897],[-0.647328,39.471342],[-0.671782,39.472125],[-0.730229,39.504305],[-0.755425,39.523883],[-0.76731,39.537923],[-0.795156,39.554787],[-0.78962,39.556415],[-0.784954,39.555286],[-0.784118,39.553386],[-0.775942,39.552471],[-0.773872,39.550882],[-0.750628,39.541568],[-0.743811,39.537875],[-0.71811,39.545285],[-0.710888,39.541562],[-0.695338,39.53487],[-0.684832,39.532051],[-0.659187,39.525844],[-0.643269,39.524403],[-0.638384,39.524349],[-0.606299,39.517295],[-0.606777,39.51356],[-0.599751,39.504305],[-0.596175,39.500007],[-0.589119,39.485024],[-0.591286,39.478295]]]}},{"type":"Feature","properties":{"country":"ES","region":"San Cristóbal de Entreviñas","parent":"Zamora"},"geometry":{"type":"Polygon","coordinates":[[[-5.680154,42.045414],[-5.673069,42.075584],[-5.667347,42.074926],[-5.657437,42.081841],[-5.637061,42.083759],[-5.600846,42.079976],[-5.588761,42.075645],[-5.585003,42.065403],[-5.588201,42.054826],[-5.586621,42.050903],[-5.605093,42.052267],[-5.602092,42.04608],[-5.609488,42.042877],[-5.613986,42.0322],[-5.61166,42.012073],[-5.624699,42.016373],[-5.629475,42.020964],[-5.64779,42.018586],[-5.677757,42.030352],[-5.680154,42.045414]]]}},{"type":"Feature","properties":{"country":"ES","region":"San Esteban del Molar","parent":"Zamora"},"geometry":{"type":"Polygon","coordinates":[[[-5.606919,41.947708],[-5.591463,41.952392],[-5.586739,41.952171],[-5.584797,41.95166],[-5.580342,41.952739],[-5.570317,41.956047],[-5.559059,41.95845],[-5.558475,41.961334],[-5.559274,41.965927],[-5.556768,41.967823],[-5.550949,41.969946],[-5.535216,41.9654],[-5.533969,41.941815],[-5.516907,41.917473],[-5.535656,41.911979],[-5.553272,41.910194],[-5.561735,41.920458],[-5.579198,41.927833],[-5.58725,41.937536],[-5.607807,41.936016],[-5.60671,41.944381],[-5.606919,41.947708]]]}},{"type":"Feature","properties":{"country":"ES","region":"San Miguel del Valle","parent":"Zamora"},"geometry":{"type":"Polygon","coordinates":[[[-5.47847,42.004417],[-5.511005,42.029712],[-5.514798,42.037184],[-5.528626,42.040325],[-5.525084,42.052305],[-5.51665,42.05867],[-5.507759,42.057495],[-5.487926,42.0395],[-5.49153,42.032923],[-5.473966,42.01448],[-5.471742,42.006282],[-5.474559,42.00605],[-5.47847,42.004417]]]}},{"type":"Feature","properties":{"country":"ES","region":"Xirivella","parent":"Valencia"},"geometry":{"type":"Polygon","coordinates":[[[-0.418158,39.468898],[-0.412113,39.46564],[-0.416359,39.454637],[-0.431472,39.450645],[-0.443451,39.448037],[-0.447376,39.45249],[-0.448816,39.459902],[-0.446444,39.460877],[-0.443463,39.462622],[-0.439776,39.46428],[-0.433493,39.467024],[-0.422119,39.470309],[-0.418158,39.468898]]]}},{"type":"Feature","properties":{"country":"ES","region":"Chiva","parent":"Valencia"},"geometry":{"type":"Polygon","coordinates":[[[-0.920066,39.538631],[-0.919649,39.543937],[-0.893645,39.552712],[-0.888113,39.553604],[-0.879814,39.55291],[-0.874585,39.552872],[-0.86788,39.551837],[-0.859741,39.550094],[-0.852667,39.548179],[-0.846099,39.547199],[-0.839782,39.544884],[-0.829719,39.542499],[-0.813031,39.548843],[-0.80182,39.552299],[-0.795156,39.554787],[-0.76731,39.537923],[-0.755425,39.523883],[-0.730229,39.504305],[-0.671782,39.472125],[-0.647328,39.471342],[-0.616921,39.481897],[-0.591286,39.478295],[-0.575037,39.470054],[-0.552459,39.470346],[-0.551913,39.465675],[-0.551655,39.457718],[-0.550673,39.449253],[-0.534484,39.443668],[-0.553837,39.429642],[-0.56374,39.428772],[-0.600846,39.434831],[-0.61721,39.444206],[-0.672548,39.447257],[-0.698905,39.440944],[-0.7037,39.43746],[-0.721033,39.435671],[-0.730865,39.429033],[-0.733533,39.42355],[-0.74733,39.445656],[-0.75556,39.449215],[-0.761819,39.45153],[-0.766763,39.453205],[-0.771068,39.453773],[-0.788077,39.462711],[-0.79781,39.46886],[-0.809544,39.475765],[-0.824265,39.478252],[-0.838234,39.482582],[-0.842192,39.483524],[-0.847831,39.486545],[-0.853155,39.488517],[-0.860383,39.494668],[-0.865387,39.504305],[-0.871188,39.512718],[-0.920066,39.538631]]]}},{"type":"Feature","properties":{"country":"ES","region":"Eliana, l'","parent":"Valencia"},"geometry":{"type":"Polygon","coordinates":[[[-0.521544,39.576114],[-0.510778,39.568901],[-0.511034,39.562694],[-0.50418,39.560361],[-0.506417,39.553945],[-0.514147,39.542342],[-0.526128,39.551698],[-0.55442,39.560583],[-0.531333,39.579226],[-0.521544,39.576114]]]}},{"type":"Feature","properties":{"country":"ES","region":"Emperador","parent":"Valencia"},"geometry":{"type":"Polygon","coordinates":[[[-0.342687,39.552263],[-0.33993,39.556511],[-0.335928,39.555184],[-0.338052,39.551353],[-0.342687,39.552263]]]}},{"type":"Feature","properties":{"country":"ES","region":"Foios","parent":"Valencia"},"geometry":{"type":"Polygon","coordinates":[[[-0.383828,39.575102],[-0.346604,39.53851],[-0.31225,39.5279],[-0.313922,39.524982],[-0.340772,39.533831],[-0.350266,39.533944],[-0.353411,39.529487],[-0.362052,39.532323],[-0.367345,39.541493],[-0.376822,39.54224],[-0.379201,39.544239],[-0.380844,39.546386],[-0.38238,39.551609],[-0.374184,39.557976],[-0.384597,39.569544],[-0.383828,39.575102]]]}},{"type":"Feature","properties":{"country":"ES","region":"Sástago","parent":"Zaragoza"},"geometry":{"type":"Polygon","coordinates":[[[-0.36706,41.349651],[-0.370904,41.35067],[-0.373171,41.350765],[-0.375443,41.350441],[-0.377154,41.349804],[-0.381979,41.358016],[-0.373153,41.368494],[-0.371072,41.377945],[-0.362321,41.377319],[-0.36054,41.377899],[-0.358386,41.385002],[-0.355991,41.387134],[-0.353198,41.388801],[-0.347455,41.388839],[-0.338228,41.391327],[-0.327476,41.393635],[-0.32557,41.396122],[-0.322034,41.399193],[-0.317587,41.402359],[-0.313227,41.404491],[-0.311305,41.405842],[-0.309973,41.408603],[-0.308498,41.410656],[-0.305245,41.413265],[-0.30321,41.416172],[-0.296881,41.421066],[-0.295202,41.421745],[-0.293111,41.423092],[-0.289229,41.424648],[-0.285886,41.427921],[-0.281632,41.431233],[-0.262385,41.430427],[-0.260331,41.430629],[-0.225904,41.43845],[-0.211693,41.446605],[-0.207871,41.447262],[-0.20498,41.446857],[-0.144371,41.411687],[-0.14017,41.399607],[-0.148518,41.378288],[-0.147619,41.371437],[-0.14223,41.35657],[-0.141549,41.347839],[-0.146268,41.332881],[-0.142495,41.31018],[-0.136809,41.301954],[-0.137312,41.280624],[-0.139734,41.275835],[-0.130738,41.260714],[-0.139038,41.256594],[-0.1444,41.267333],[-0.15531,41.270697],[-0.16261,41.281306],[-0.174065,41.288814],[-0.191331,41.295063],[-0.203987,41.289741],[-0.212575,41.286886],[-0.221777,41.28764],[-0.223491,41.290431],[-0.219609,41.298152],[-0.223513,41.301931],[-0.237474,41.296938],[-0.252532,41.299441],[-0.258333,41.295069],[-0.263685,41.27922],[-0.278589,41.274451],[-0.286514,41.27676],[-0.292177,41.281978],[-0.281618,41.296742],[-0.281239,41.302473],[-0.284417,41.30609],[-0.290335,41.305087],[-0.296199,41.295291],[-0.303205,41.292729],[-0.33902,41.30024],[-0.343929,41.29717],[-0.340071,41.284677],[-0.344367,41.277342],[-0.352206,41.274787],[-0.3599,41.283201],[-0.367652,41.284302],[-0.382904,41.276238],[-0.378257,41.265414],[-0.381592,41.264679],[-0.38355,41.265236],[-0.38581,41.265442],[-0.391344,41.267654],[-0.398098,41.269516],[-0.400902,41.270759],[-0.427669,41.292917],[-0.425096,41.308577],[-0.420718,41.311737],[-0.421925,41.318333],[-0.417107,41.327798],[-0.386277,41.325821],[-0.378308,41.325511],[-0.373479,41.329418],[-0.36969,41.328594],[-0.366339,41.329292],[-0.360586,41.324742],[-0.353414,41.323388],[-0.346941,41.326219],[-0.343753,41.332673],[-0.347905,41.341625],[-0.346594,41.34638],[-0.350415,41.353018],[-0.356076,41.356041],[-0.361741,41.355769],[-0.36706,41.349651]]]}},{"type":"Feature","properties":{"country":"ES","region":"Santa María de la Vega","parent":"Zamora"},"geometry":{"type":"Polygon","coordinates":[[[-5.824834,42.096371],[-5.82418,42.098228],[-5.821461,42.098049],[-5.810023,42.098301],[-5.8039,42.099849],[-5.79914,42.101589],[-5.798114,42.099972],[-5.785727,42.102167],[-5.781638,42.096813],[-5.78367,42.083843],[-5.786707,42.080581],[-5.796666,42.076312],[-5.803532,42.06633],[-5.822538,42.058159],[-5.831543,42.050369],[-5.833031,42.052322],[-5.835461,42.053974],[-5.838018,42.056583],[-5.844503,42.061394],[-5.845875,42.062622],[-5.848738,42.063415],[-5.852469,42.065521],[-5.842314,42.082218],[-5.824834,42.096371]]]}},{"type":"Feature","properties":{"country":"ES","region":"Torre del Valle, La","parent":"Zamora"},"geometry":{"type":"Polygon","coordinates":[[[-5.679752,42.087021],[-5.684863,42.0858],[-5.689039,42.085613],[-5.697668,42.083835],[-5.69995,42.084331],[-5.70782,42.082092],[-5.712189,42.079925],[-5.715728,42.078701],[-5.729951,42.07719],[-5.738975,42.074264],[-5.741243,42.078373],[-5.744614,42.076671],[-5.748279,42.076694],[-5.748463,42.080692],[-5.75105,42.086385],[-5.738622,42.096033],[-5.725124,42.09777],[-5.689563,42.109921],[-5.666361,42.110782],[-5.664923,42.095191],[-5.679752,42.087021]]]}},{"type":"Feature","properties":{"country":"ES","region":"Gilet","parent":"Valencia"},"geometry":{"type":"Polygon","coordinates":[[[-0.362366,39.666332],[-0.360392,39.672844],[-0.357463,39.677517],[-0.350982,39.678051],[-0.335207,39.686294],[-0.330166,39.687908],[-0.325649,39.691631],[-0.324284,39.690456],[-0.319797,39.686457],[-0.319744,39.681714],[-0.31193,39.678226],[-0.317568,39.67199],[-0.318677,39.665377],[-0.325703,39.659837],[-0.325043,39.653001],[-0.329137,39.65037],[-0.35578,39.658803],[-0.362366,39.666332]]]}},{"type":"Feature","properties":{"country":"ES","region":"Godella","parent":"Valencia"},"geometry":{"type":"Polygon","coordinates":[[[-0.398882,39.521916],[-0.401124,39.511191],[-0.415627,39.518928],[-0.418716,39.517371],[-0.423921,39.520294],[-0.425476,39.523537],[-0.430265,39.525528],[-0.433198,39.527393],[-0.443507,39.538162],[-0.449696,39.545393],[-0.441506,39.553428],[-0.438834,39.559502],[-0.432819,39.561144],[-0.42951,39.554049],[-0.422508,39.539789],[-0.41624,39.5362],[-0.413203,39.529028],[-0.404859,39.522809],[-0.398882,39.521916]]]}},{"type":"Feature","properties":{"country":"ES","region":"Loriguilla","parent":"Valencia"},"geometry":{"type":"MultiPolygon","coordinates":[[[[-0.596175,39.500007],[-0.562143,39.498847],[-0.551649,39.492437],[-0.589119,39.485024],[-0.596175,39.500007]]],[[[-0.963921,39.63013],[-0.972502,39.627506],[-0.981672,39.623089],[-0.988988,39.62075],[-0.991579,39.615776],[-0.997155,39.611015],[-1.004626,39.602325],[-1.014289,39.583706],[-1.015936,39.585571],[-1.017523,39.586681],[-1.024928,39.589969],[-1.027776,39.590187],[-1.032335,39.592834],[-1.056082,39.609061],[-1.057944,39.609804],[-1.067139,39.613472],[-1.061873,39.622256],[-1.062648,39.630183],[-1.057944,39.634455],[-1.051638,39.639114],[-1.048767,39.639236],[-1.046211,39.641887],[-1.043478,39.645401],[-1.040629,39.650551],[-1.010154,39.633005],[-0.983297,39.666388],[-0.963478,39.675516],[-0.952606,39.687438],[-0.922463,39.698306],[-0.905223,39.698926],[-0.890651,39.69548],[-0.892437,39.693893],[-0.897606,39.690391],[-0.904254,39.683422],[-0.908561,39.679374],[-0.911647,39.674472],[-0.913837,39.658611],[-0.914782,39.648899],[-0.931276,39.645725],[-0.9378,39.643455],[-0.940083,39.643081],[-0.946952,39.64096],[-0.9536,39.637554],[-0.957226,39.634338],[-0.9614,39.631485],[-0.963921,39.63013]]]]}},{"type":"Feature","properties":{"country":"ES","region":"Valdescorriel","parent":"Zamora"},"geometry":{"type":"Polygon","coordinates":[[[-5.544035,42.086208],[-5.530739,42.076287],[-5.51665,42.05867],[-5.525084,42.052305],[-5.528626,42.040325],[-5.514798,42.037184],[-5.511005,42.029712],[-5.47847,42.004417],[-5.479314,41.999236],[-5.483988,41.996394],[-5.488423,41.995529],[-5.499282,41.990448],[-5.507691,41.989994],[-5.524963,42.011686],[-5.535159,42.019628],[-5.544884,42.034843],[-5.55514,42.030865],[-5.561977,42.032176],[-5.56487,42.039576],[-5.560504,42.047549],[-5.56071,42.055958],[-5.551327,42.066975],[-5.544035,42.086208]]]}},{"type":"Feature","properties":{"country":"ES","region":"Vega de Villalobos","parent":"Zamora"},"geometry":{"type":"Polygon","coordinates":[[[-5.438297,41.96738],[-5.436084,41.963783],[-5.433448,41.961128],[-5.434821,41.95943],[-5.443488,41.952427],[-5.451712,41.959303],[-5.4713,41.964627],[-5.478763,41.969851],[-5.514241,41.983123],[-5.512563,41.985889],[-5.507691,41.989994],[-5.499282,41.990448],[-5.488423,41.995529],[-5.48359,41.984467],[-5.438297,41.96738]]]}},{"type":"Feature","properties":{"country":"ES","region":"Villabrázaro","parent":"Zamora"},"geometry":{"type":"Polygon","coordinates":[[[-5.748141,42.056125],[-5.742716,42.06389],[-5.744614,42.076671],[-5.741243,42.078373],[-5.738975,42.074264],[-5.729951,42.07719],[-5.715728,42.078701],[-5.712189,42.079925],[-5.70782,42.082092],[-5.69995,42.084331],[-5.697668,42.083835],[-5.689039,42.085613],[-5.684863,42.0858],[-5.679752,42.087021],[-5.673069,42.075584],[-5.680154,42.045414],[-5.69319,42.041553],[-5.70455,42.047361],[-5.720952,42.04084],[-5.735765,42.040329],[-5.749862,42.053938],[-5.748141,42.056125]]]}},{"type":"Feature","properties":{"country":"ES","region":"Villalobos","parent":"Zamora"},"geometry":{"type":"Polygon","coordinates":[[[-5.434821,41.95943],[-5.437391,41.947109],[-5.44229,41.939911],[-5.445148,41.926658],[-5.452507,41.922539],[-5.4651,41.921053],[-5.480307,41.914569],[-5.511772,41.913387],[-5.516907,41.917473],[-5.533969,41.941815],[-5.535216,41.9654],[-5.527307,41.968421],[-5.527365,41.973943],[-5.514241,41.983123],[-5.478763,41.969851],[-5.4713,41.964627],[-5.451712,41.959303],[-5.443488,41.952427],[-5.434821,41.95943]]]}},{"type":"Feature","properties":{"country":"ES","region":"Llocnou de la Corona","parent":"Valencia"},"geometry":{"type":"Polygon","coordinates":[[[-0.383883,39.419211],[-0.382607,39.421709],[-0.380695,39.421399],[-0.381215,39.4195],[-0.383883,39.419211]]]}},{"type":"Feature","properties":{"country":"ES","region":"Manises","parent":"Valencia"},"geometry":{"type":"Polygon","coordinates":[[[-0.515151,39.524959],[-0.506601,39.521529],[-0.504364,39.514382],[-0.498799,39.510255],[-0.482608,39.51123],[-0.473743,39.508791],[-0.472468,39.506532],[-0.473531,39.504305],[-0.472211,39.501314],[-0.456109,39.497959],[-0.449595,39.491638],[-0.447826,39.490093],[-0.446355,39.488033],[-0.448204,39.486488],[-0.449114,39.484772],[-0.461944,39.483944],[-0.467869,39.484687],[-0.477666,39.484196],[-0.483392,39.482746],[-0.492693,39.483395],[-0.49813,39.483169],[-0.500812,39.482643],[-0.505694,39.482982],[-0.509738,39.482662],[-0.514061,39.482757],[-0.520792,39.483421],[-0.524435,39.484321],[-0.526948,39.484532],[-0.527693,39.489795],[-0.527889,39.495132],[-0.529193,39.500618],[-0.529346,39.504305],[-0.529463,39.507129],[-0.526656,39.510216],[-0.525032,39.513702],[-0.520971,39.517677],[-0.517517,39.520244],[-0.515013,39.522651],[-0.515151,39.524959]]]}},{"type":"Feature","properties":{"country":"ES","region":"Massalfassar","parent":"Valencia"},"geometry":{"type":"Polygon","coordinates":[[[-0.295603,39.549476],[-0.299287,39.545093],[-0.32652,39.55279],[-0.331827,39.557006],[-0.328542,39.563691],[-0.320264,39.561347],[-0.295603,39.549476]]]}},{"type":"Feature","properties":{"country":"ES","region":"Massamagrell","parent":"Valencia"},"geometry":{"type":"Polygon","coordinates":[[[-0.328542,39.563691],[-0.349116,39.575217],[-0.361518,39.596648],[-0.354133,39.592724],[-0.336759,39.584365],[-0.337422,39.581848],[-0.324956,39.57367],[-0.314958,39.572535],[-0.312028,39.568872],[-0.286256,39.559933],[-0.289378,39.556656],[-0.313354,39.565627],[-0.320264,39.561347],[-0.328542,39.563691]]]}},{"type":"Feature","properties":{"country":"ES","region":"Massanassa","parent":"Valencia"},"geometry":{"type":"Polygon","coordinates":[[[-0.40352,39.415909],[-0.367424,39.405821],[-0.343065,39.370857],[-0.341052,39.366745],[-0.344057,39.365825],[-0.34727,39.369821],[-0.349218,39.371546],[-0.35153,39.373021],[-0.354199,39.375051],[-0.357162,39.378659],[-0.363339,39.392168],[-0.365504,39.395091],[-0.367515,39.396875],[-0.371277,39.398857],[-0.378515,39.40079],[-0.387186,39.402203],[-0.390636,39.403036],[-0.394639,39.403529],[-0.396395,39.404291],[-0.400069,39.407598],[-0.401718,39.409797],[-0.403882,39.411557],[-0.405984,39.412841],[-0.40352,39.415909]]]}},{"type":"Feature","properties":{"country":"ES","region":"Meliana","parent":"Valencia"},"geometry":{"type":"Polygon","coordinates":[[[-0.313922,39.524982],[-0.318003,39.51749],[-0.318978,39.514496],[-0.338363,39.518371],[-0.351324,39.522699],[-0.354912,39.52448],[-0.353411,39.529487],[-0.350266,39.533944],[-0.340772,39.533831],[-0.313922,39.524982]]]}},{"type":"Feature","properties":{"country":"ES","region":"Mislata","parent":"Valencia"},"geometry":{"type":"Polygon","coordinates":[[[-0.421564,39.485751],[-0.411574,39.481299],[-0.412053,39.475107],[-0.418158,39.468898],[-0.422119,39.470309],[-0.433493,39.467024],[-0.421564,39.485751]]]}},{"type":"Feature","properties":{"country":"ES","region":"Moncada","parent":"Valencia"},"geometry":{"type":"Polygon","coordinates":[[[-0.426978,39.562292],[-0.418238,39.562804],[-0.395653,39.592529],[-0.379791,39.599369],[-0.378772,39.59634],[-0.383985,39.586775],[-0.383356,39.575893],[-0.383828,39.575102],[-0.384597,39.569544],[-0.374184,39.557976],[-0.38238,39.551609],[-0.388239,39.546856],[-0.384458,39.533271],[-0.396031,39.528673],[-0.402214,39.540564],[-0.426978,39.562292]]]}},{"type":"Feature","properties":{"country":"ES","region":"Villanueva de Azoague","parent":"Zamora"},"geometry":{"type":"Polygon","coordinates":[[[-5.606919,41.947708],[-5.60671,41.944381],[-5.607807,41.936016],[-5.60897,41.933765],[-5.63137,41.946657],[-5.649337,41.96194],[-5.656687,41.961148],[-5.663607,41.955898],[-5.669333,41.96475],[-5.678801,41.970649],[-5.674985,41.9784],[-5.679709,41.984218],[-5.673589,41.987746],[-5.661811,41.987457],[-5.64441,41.979739],[-5.636072,41.98183],[-5.623425,41.979772],[-5.610729,41.973505],[-5.606489,41.963809],[-5.606919,41.947708]]]}},{"type":"Feature","properties":{"country":"ES","region":"Museros","parent":"Valencia"},"geometry":{"type":"Polygon","coordinates":[[[-0.328542,39.563691],[-0.331827,39.557006],[-0.32652,39.55279],[-0.332037,39.551854],[-0.33828,39.551023],[-0.348288,39.552587],[-0.383356,39.575893],[-0.383985,39.586775],[-0.378772,39.59634],[-0.379791,39.599369],[-0.367829,39.600052],[-0.361518,39.596648],[-0.349116,39.575217],[-0.328542,39.563691]],[[-0.342687,39.552263],[-0.338052,39.551353],[-0.335928,39.555184],[-0.33993,39.556511],[-0.342687,39.552263]]]}},{"type":"Feature","properties":{"country":"ES","region":"Nàquera","parent":"Valencia"},"geometry":{"type":"Polygon","coordinates":[[[-0.392905,39.659202],[-0.392303,39.651062],[-0.390661,39.642639],[-0.379306,39.624256],[-0.374614,39.614349],[-0.369103,39.605468],[-0.367152,39.605018],[-0.367829,39.600052],[-0.379791,39.599369],[-0.395653,39.592529],[-0.410076,39.608902],[-0.424039,39.617405],[-0.44735,39.632576],[-0.453694,39.637165],[-0.463495,39.643161],[-0.458797,39.657612],[-0.437807,39.669036],[-0.398982,39.674049],[-0.395277,39.668381],[-0.393878,39.666782],[-0.393079,39.664837],[-0.392905,39.659202]]]}},{"type":"Feature","properties":{"country":"ES","region":"Paiporta","parent":"Valencia"},"geometry":{"type":"Polygon","coordinates":[[[-0.40352,39.415909],[-0.405984,39.412841],[-0.408134,39.41521],[-0.416532,39.414632],[-0.421141,39.419429],[-0.425742,39.428827],[-0.420701,39.431923],[-0.42055,39.435158],[-0.404137,39.436201],[-0.401696,39.427929],[-0.403361,39.418923],[-0.40352,39.415909]]]}},{"type":"Feature","properties":{"country":"ES","region":"Paterna","parent":"Valencia"},"geometry":{"type":"Polygon","coordinates":[[[-0.42601,39.487964],[-0.433672,39.486824],[-0.443298,39.492162],[-0.449595,39.491638],[-0.456109,39.497959],[-0.472211,39.501314],[-0.473531,39.504305],[-0.472468,39.506532],[-0.473743,39.508791],[-0.482608,39.51123],[-0.498799,39.510255],[-0.504364,39.514382],[-0.506601,39.521529],[-0.515151,39.524959],[-0.518048,39.528939],[-0.514147,39.542342],[-0.506417,39.553945],[-0.493543,39.544681],[-0.482608,39.544907],[-0.478607,39.545251],[-0.472609,39.553106],[-0.482001,39.565372],[-0.478767,39.563419],[-0.475505,39.560608],[-0.473053,39.559799],[-0.468513,39.558861],[-0.462212,39.552623],[-0.449696,39.545393],[-0.443507,39.538162],[-0.433198,39.527393],[-0.430265,39.525528],[-0.425476,39.523537],[-0.423921,39.520294],[-0.418716,39.517371],[-0.426414,39.511487],[-0.424137,39.507391],[-0.429452,39.505823],[-0.430697,39.504305],[-0.42601,39.487964]]]}},{"type":"Feature","properties":{"country":"ES","region":"Picanya","parent":"Valencia"},"geometry":{"type":"Polygon","coordinates":[[[-0.435392,39.412791],[-0.446259,39.421798],[-0.439816,39.42981],[-0.44365,39.437704],[-0.454934,39.442705],[-0.456813,39.449656],[-0.454918,39.450296],[-0.447376,39.45249],[-0.443451,39.448037],[-0.431472,39.450645],[-0.42055,39.435158],[-0.420701,39.431923],[-0.425742,39.428827],[-0.421141,39.419429],[-0.427673,39.417484],[-0.431571,39.415188],[-0.435392,39.412791]]]}},{"type":"Feature","properties":{"country":"ES","region":"Picassent","parent":"Valencia"},"geometry":{"type":"Polygon","coordinates":[[[-0.465837,39.399704],[-0.465104,39.39524],[-0.463576,39.389663],[-0.463121,39.384933],[-0.461553,39.379188],[-0.461133,39.375225],[-0.459012,39.374347],[-0.455359,39.371711],[-0.453582,39.369526],[-0.451747,39.36602],[-0.450615,39.364608],[-0.449183,39.363468],[-0.439681,39.363689],[-0.430552,39.364597],[-0.433664,39.348583],[-0.432629,39.334463],[-0.426104,39.330383],[-0.422082,39.31176],[-0.424765,39.306495],[-0.425933,39.30471],[-0.429489,39.301952],[-0.44297,39.300815],[-0.458622,39.301231],[-0.479966,39.302597],[-0.487075,39.302265],[-0.496436,39.304447],[-0.503929,39.310944],[-0.512571,39.316814],[-0.519026,39.319553],[-0.526228,39.321575],[-0.538707,39.323955],[-0.545319,39.328609],[-0.552271,39.332512],[-0.542118,39.355369],[-0.538589,39.361385],[-0.536677,39.381416],[-0.536509,39.386829],[-0.512277,39.39769],[-0.509586,39.398559],[-0.504469,39.399117],[-0.475584,39.398323],[-0.465837,39.399704]]]}},{"type":"Feature","properties":{"country":"ES","region":"Pobla de Farnals, la","parent":"Valencia"},"geometry":{"type":"Polygon","coordinates":[[[-0.286256,39.559933],[-0.312028,39.568872],[-0.314958,39.572535],[-0.324956,39.57367],[-0.337422,39.581848],[-0.336759,39.584365],[-0.327201,39.581963],[-0.323223,39.58688],[-0.312457,39.578001],[-0.311745,39.573793],[-0.280369,39.566173],[-0.286256,39.559933]]]}},{"type":"Feature","properties":{"country":"ES","region":"Pobla de Vallbona, la","parent":"Valencia"},"geometry":{"type":"Polygon","coordinates":[[[-0.521544,39.576114],[-0.531333,39.579226],[-0.55442,39.560583],[-0.57262,39.565595],[-0.571686,39.572001],[-0.576136,39.574465],[-0.578887,39.581127],[-0.573519,39.583341],[-0.569526,39.581692],[-0.568333,39.584968],[-0.571083,39.590947],[-0.569884,39.594962],[-0.576312,39.60539],[-0.571195,39.603428],[-0.560013,39.613298],[-0.552276,39.624081],[-0.549247,39.637592],[-0.543974,39.644269],[-0.5393,39.651586],[-0.535289,39.645082],[-0.522343,39.635845],[-0.518283,39.636344],[-0.516578,39.647231],[-0.510969,39.641873],[-0.518794,39.613782],[-0.5102,39.585377],[-0.516767,39.584452],[-0.521544,39.576114]]]}},{"type":"Feature","properties":{"country":"ES","region":"Puig de Santa Maria, el","parent":"Valencia"},"geometry":{"type":"Polygon","coordinates":[[[-0.353204,39.633535],[-0.336956,39.620159],[-0.33128,39.616855],[-0.313134,39.604458],[-0.310145,39.603153],[-0.306762,39.6021],[-0.304339,39.601811],[-0.301701,39.601047],[-0.294206,39.600639],[-0.267993,39.598251],[-0.280369,39.566173],[-0.311745,39.573793],[-0.312457,39.578001],[-0.323223,39.58688],[-0.374614,39.614349],[-0.379306,39.624256],[-0.353204,39.633535]]]}},{"type":"Feature","properties":{"country":"ES","region":"Puçol","parent":"Valencia"},"geometry":{"type":"Polygon","coordinates":[[[-0.267993,39.598251],[-0.294206,39.600639],[-0.301701,39.601047],[-0.304339,39.601811],[-0.306762,39.6021],[-0.310145,39.603153],[-0.313134,39.604458],[-0.33128,39.616855],[-0.336956,39.620159],[-0.353204,39.633535],[-0.340157,39.6392],[-0.296457,39.628924],[-0.26899,39.614515],[-0.258823,39.614933],[-0.267993,39.598251]]]}},{"type":"Feature","properties":{"country":"ES","region":"Rafelbunyol","parent":"Valencia"},"geometry":{"type":"Polygon","coordinates":[[[-0.367829,39.600052],[-0.367152,39.605018],[-0.369103,39.605468],[-0.374614,39.614349],[-0.323223,39.58688],[-0.327201,39.581963],[-0.336759,39.584365],[-0.354133,39.592724],[-0.361518,39.596648],[-0.367829,39.600052]]]}},{"type":"Feature","properties":{"country":"ES","region":"Riba-roja de Túria","parent":"Valencia"},"geometry":{"type":"Polygon","coordinates":[[[-0.606299,39.517295],[-0.604185,39.521793],[-0.601839,39.532123],[-0.594523,39.552955],[-0.592312,39.556324],[-0.590604,39.562286],[-0.592544,39.566859],[-0.57262,39.565595],[-0.55442,39.560583],[-0.526128,39.551698],[-0.514147,39.542342],[-0.518048,39.528939],[-0.515151,39.524959],[-0.515013,39.522651],[-0.517517,39.520244],[-0.520971,39.517677],[-0.525032,39.513702],[-0.526656,39.510216],[-0.529463,39.507129],[-0.529346,39.504305],[-0.529193,39.500618],[-0.527889,39.495132],[-0.527693,39.489795],[-0.526948,39.484532],[-0.530671,39.471159],[-0.552459,39.470346],[-0.575037,39.470054],[-0.591286,39.478295],[-0.589119,39.485024],[-0.551649,39.492437],[-0.562143,39.498847],[-0.596175,39.500007],[-0.599751,39.504305],[-0.606777,39.51356],[-0.606299,39.517295]]]}},{"type":"Feature","properties":{"country":"ES","region":"Riola","parent":"Valencia"},"geometry":{"type":"Polygon","coordinates":[[[-0.331338,39.192371],[-0.325864,39.184799],[-0.322612,39.17107],[-0.326375,39.164436],[-0.329065,39.175295],[-0.336877,39.177814],[-0.34062,39.183906],[-0.35172,39.185837],[-0.35151,39.202724],[-0.342689,39.207246],[-0.338681,39.202996],[-0.327006,39.202683],[-0.33286,39.195662],[-0.331338,39.192371]]]}},{"type":"Feature","properties":{"country":"ES","region":"Rocafort","parent":"Valencia"},"geometry":{"type":"Polygon","coordinates":[[[-0.398882,39.521916],[-0.404859,39.522809],[-0.413203,39.529028],[-0.41624,39.5362],[-0.422508,39.539789],[-0.42951,39.554049],[-0.415111,39.544711],[-0.407575,39.531653],[-0.398619,39.52587],[-0.398882,39.521916]]]}},{"type":"Feature","properties":{"country":"ES","region":"Sagunto / Sagunt","parent":"Valencia"},"geometry":{"type":"Polygon","coordinates":[[[-0.328725,39.801434],[-0.324384,39.801113],[-0.31596,39.799835],[-0.308501,39.796993],[-0.297414,39.785187],[-0.293421,39.78194],[-0.282296,39.775051],[-0.276461,39.770546],[-0.272634,39.760716],[-0.27364,39.7551],[-0.293484,39.759178],[-0.309283,39.752245],[-0.309614,39.746446],[-0.298379,39.732571],[-0.288133,39.730732],[-0.290524,39.726315],[-0.283652,39.714812],[-0.270598,39.713533],[-0.264486,39.716453],[-0.260855,39.722775],[-0.25432,39.725134],[-0.248802,39.722805],[-0.231041,39.723508],[-0.23404,39.727562],[-0.229575,39.730656],[-0.195531,39.724338],[-0.188467,39.721954],[-0.191786,39.713711],[-0.194538,39.708534],[-0.196669,39.702873],[-0.201333,39.685348],[-0.22571,39.68862],[-0.234566,39.678614],[-0.203548,39.671779],[-0.209256,39.660775],[-0.208444,39.644559],[-0.210634,39.652451],[-0.216284,39.65409],[-0.219802,39.646619],[-0.238873,39.634877],[-0.258823,39.614933],[-0.26899,39.614515],[-0.296457,39.628924],[-0.340157,39.6392],[-0.353204,39.633535],[-0.379306,39.624256],[-0.364328,39.645042],[-0.362923,39.654442],[-0.362934,39.660263],[-0.362366,39.666332],[-0.35578,39.658803],[-0.329137,39.65037],[-0.325043,39.653001],[-0.325703,39.659837],[-0.318677,39.665377],[-0.317568,39.67199],[-0.31193,39.678226],[-0.299487,39.679366],[-0.303723,39.685503],[-0.318086,39.691257],[-0.324284,39.690456],[-0.325649,39.691631],[-0.327209,39.696335],[-0.316343,39.701055],[-0.311979,39.707568],[-0.323675,39.71801],[-0.331498,39.729568],[-0.330984,39.737449],[-0.334956,39.739618],[-0.336447,39.744971],[-0.348189,39.748237],[-0.346173,39.751217],[-0.320278,39.77895],[-0.319002,39.786753],[-0.326141,39.79138],[-0.32849,39.797466],[-0.328725,39.801434]],[[-0.225296,39.723629],[-0.216168,39.7197],[-0.196807,39.714028],[-0.197809,39.716465],[-0.202386,39.720414],[-0.222642,39.72558],[-0.225296,39.723629]]]}},{"type":"Feature","properties":{"country":"ES","region":"Sedaví","parent":"Valencia"},"geometry":{"type":"Polygon","coordinates":[[[-0.357096,39.419511],[-0.354662,39.41604],[-0.356936,39.414859],[-0.371551,39.421674],[-0.375232,39.419181],[-0.379865,39.421866],[-0.386655,39.422982],[-0.387724,39.425373],[-0.391061,39.426734],[-0.386871,39.432108],[-0.364304,39.420499],[-0.357096,39.419511]]]}},{"type":"Feature","properties":{"country":"ES","region":"Serra","parent":"Valencia"},"geometry":{"type":"Polygon","coordinates":[[[-0.48998,39.702801],[-0.482608,39.710475],[-0.476139,39.716762],[-0.470664,39.726443],[-0.459431,39.715345],[-0.445031,39.718906],[-0.439069,39.717373],[-0.426891,39.71701],[-0.416958,39.717792],[-0.415028,39.718864],[-0.408285,39.718563],[-0.404771,39.71397],[-0.399427,39.702237],[-0.389165,39.690738],[-0.39242,39.684486],[-0.39624,39.679031],[-0.398982,39.674049],[-0.437807,39.669036],[-0.458797,39.657612],[-0.463495,39.643161],[-0.482608,39.648582],[-0.486899,39.649799],[-0.492763,39.650329],[-0.49694,39.648647],[-0.510969,39.641873],[-0.516578,39.647231],[-0.514715,39.65996],[-0.48998,39.702801]]]}},{"type":"Feature","properties":{"country":"ES","region":"Silla","parent":"Valencia"},"geometry":{"type":"Polygon","coordinates":[[[-0.39231,39.38444],[-0.37835,39.381906],[-0.37244,39.377661],[-0.357348,39.363873],[-0.363348,39.360364],[-0.370083,39.361332],[-0.383942,39.353723],[-0.387741,39.341751],[-0.397695,39.331895],[-0.395538,39.326259],[-0.403389,39.325443],[-0.405618,39.325683],[-0.417117,39.328731],[-0.426104,39.330383],[-0.432629,39.334463],[-0.433664,39.348583],[-0.430552,39.364597],[-0.428245,39.367248],[-0.425035,39.376259],[-0.396012,39.379728],[-0.39231,39.38444]]]}},{"type":"Feature","properties":{"country":"ES","region":"Sollana","parent":"Valencia"},"geometry":{"type":"Polygon","coordinates":[[[-0.405618,39.325683],[-0.403389,39.325443],[-0.395538,39.326259],[-0.390172,39.315979],[-0.381567,39.316027],[-0.375418,39.308148],[-0.364148,39.305762],[-0.346083,39.315323],[-0.332977,39.315666],[-0.334183,39.306287],[-0.341718,39.296343],[-0.341026,39.291049],[-0.352798,39.273498],[-0.357787,39.246873],[-0.364393,39.248378],[-0.367825,39.246464],[-0.370756,39.243999],[-0.375765,39.242484],[-0.413429,39.24307],[-0.41426,39.257297],[-0.402979,39.264808],[-0.397565,39.277402],[-0.406428,39.313084],[-0.405618,39.325683]]]}},{"type":"Feature","properties":{"country":"ES","region":"Sueca","parent":"Valencia"},"geometry":{"type":"Polygon","coordinates":[[[-0.244578,39.225429],[-0.263128,39.215514],[-0.2744,39.204028],[-0.282844,39.183276],[-0.281057,39.175071],[-0.283957,39.173169],[-0.289984,39.176079],[-0.293155,39.173799],[-0.286535,39.169437],[-0.287596,39.166042],[-0.296344,39.164482],[-0.300495,39.168155],[-0.305074,39.170704],[-0.309461,39.172984],[-0.307333,39.176124],[-0.31154,39.184067],[-0.309184,39.189724],[-0.324975,39.194745],[-0.331338,39.192371],[-0.33286,39.195662],[-0.327006,39.202683],[-0.338681,39.202996],[-0.342689,39.207246],[-0.35151,39.202724],[-0.355764,39.201065],[-0.361071,39.214349],[-0.354191,39.238285],[-0.349764,39.242675],[-0.351313,39.245676],[-0.357787,39.246873],[-0.352798,39.273498],[-0.341026,39.291049],[-0.341718,39.296343],[-0.334183,39.306287],[-0.332977,39.315666],[-0.319945,39.31241],[-0.317415,39.303956],[-0.306603,39.299809],[-0.291209,39.283369],[-0.274244,39.278938],[-0.244578,39.225429]]]}},{"type":"Feature","properties":{"country":"ES","region":"Tavernes Blanques","parent":"Valencia"},"geometry":{"type":"Polygon","coordinates":[[[-0.364126,39.5112],[-0.356377,39.507561],[-0.359693,39.503391],[-0.362077,39.502477],[-0.367427,39.504305],[-0.36976,39.509354],[-0.366613,39.512631],[-0.364126,39.5112]]]}},{"type":"Feature","properties":{"country":"ES","region":"Torrent (Valencia)","parent":"Valencia"},"geometry":{"type":"Polygon","coordinates":[[[-0.456813,39.449656],[-0.454934,39.442705],[-0.44365,39.437704],[-0.439816,39.42981],[-0.446259,39.421798],[-0.435392,39.412791],[-0.438163,39.410557],[-0.449329,39.404056],[-0.450711,39.402797],[-0.465837,39.399704],[-0.475584,39.398323],[-0.504469,39.399117],[-0.509586,39.398559],[-0.512277,39.39769],[-0.536509,39.386829],[-0.549888,39.389057],[-0.566295,39.388015],[-0.573973,39.386924],[-0.590615,39.391853],[-0.593273,39.404098],[-0.598309,39.408268],[-0.599302,39.410106],[-0.601235,39.410289],[-0.603907,39.409969],[-0.61721,39.444206],[-0.600846,39.434831],[-0.56374,39.428772],[-0.553837,39.429642],[-0.534484,39.443668],[-0.528676,39.442985],[-0.525996,39.442893],[-0.524229,39.443233],[-0.520715,39.442375],[-0.51729,39.441959],[-0.507787,39.44453],[-0.504904,39.442913],[-0.497292,39.444297],[-0.489594,39.444446],[-0.486559,39.444813],[-0.472679,39.447021],[-0.461456,39.448531],[-0.458725,39.449056],[-0.456813,39.449656]]]}},{"type":"Feature","properties":{"country":"ES","region":"València","parent":"Valencia"},"geometry":{"type":"MultiPolygon","coordinates":[[[[-0.274244,39.278938],[-0.291209,39.283369],[-0.306603,39.299809],[-0.317415,39.303956],[-0.319945,39.31241],[-0.332977,39.315666],[-0.346083,39.315323],[-0.364148,39.305762],[-0.375418,39.308148],[-0.381567,39.316027],[-0.390172,39.315979],[-0.395538,39.326259],[-0.397695,39.331895],[-0.387741,39.341751],[-0.383942,39.353723],[-0.370083,39.361332],[-0.363348,39.360364],[-0.357348,39.363873],[-0.35615,39.364913],[-0.34727,39.369821],[-0.344057,39.365825],[-0.341052,39.366745],[-0.343065,39.370857],[-0.332051,39.370833],[-0.336409,39.382945],[-0.350074,39.402135],[-0.349992,39.420713],[-0.357096,39.419511],[-0.364304,39.420499],[-0.386871,39.432108],[-0.391061,39.426734],[-0.399728,39.427799],[-0.401696,39.427929],[-0.404137,39.436201],[-0.42055,39.435158],[-0.431472,39.450645],[-0.416359,39.454637],[-0.412113,39.46564],[-0.418158,39.468898],[-0.412053,39.475107],[-0.411574,39.481299],[-0.421564,39.485751],[-0.42601,39.487964],[-0.430697,39.504305],[-0.429452,39.505823],[-0.424137,39.507391],[-0.418249,39.504305],[-0.411022,39.498454],[-0.399161,39.499848],[-0.397126,39.504305],[-0.401124,39.511191],[-0.398882,39.521916],[-0.398619,39.52587],[-0.407575,39.531653],[-0.415111,39.544711],[-0.42951,39.554049],[-0.432819,39.561144],[-0.426978,39.562292],[-0.402214,39.540564],[-0.396031,39.528673],[-0.384458,39.533271],[-0.383617,39.530762],[-0.373914,39.528023],[-0.370871,39.527388],[-0.372593,39.521794],[-0.366613,39.512631],[-0.36976,39.509354],[-0.367427,39.504305],[-0.362077,39.502477],[-0.359693,39.503391],[-0.355602,39.500259],[-0.356729,39.494025],[-0.350331,39.489155],[-0.323463,39.484627],[-0.321363,39.459587],[-0.318033,39.452536],[-0.325182,39.460869],[-0.330335,39.46028],[-0.322293,39.449317],[-0.333977,39.439514],[-0.334229,39.422467],[-0.313048,39.353257],[-0.290551,39.305731],[-0.274244,39.278938]]],[[[-0.289378,39.556656],[-0.295603,39.549476],[-0.320264,39.561347],[-0.313354,39.565627],[-0.289378,39.556656]]],[[[-0.333081,39.540314],[-0.335172,39.536456],[-0.339987,39.539041],[-0.338543,39.543287],[-0.342824,39.548159],[-0.33828,39.551023],[-0.332037,39.551854],[-0.333081,39.540314]]],[[[-0.351324,39.522699],[-0.361467,39.516435],[-0.363276,39.521682],[-0.366532,39.523668],[-0.362052,39.532323],[-0.353411,39.529487],[-0.354912,39.52448],[-0.351324,39.522699]]]]}},{"type":"Feature","properties":{"country":"ES","region":"Vilamarxant","parent":"Valencia"},"geometry":{"type":"Polygon","coordinates":[[[-0.592544,39.566859],[-0.590604,39.562286],[-0.592312,39.556324],[-0.594523,39.552955],[-0.601839,39.532123],[-0.604185,39.521793],[-0.606299,39.517295],[-0.638384,39.524349],[-0.643269,39.524403],[-0.659187,39.525844],[-0.684832,39.532051],[-0.695338,39.53487],[-0.710888,39.541562],[-0.71811,39.545285],[-0.720553,39.552835],[-0.717325,39.564937],[-0.699407,39.582735],[-0.691304,39.60588],[-0.685596,39.606697],[-0.672048,39.607129],[-0.658213,39.598407],[-0.646925,39.601048],[-0.636189,39.587627],[-0.619784,39.582757],[-0.609448,39.572591],[-0.602445,39.575049],[-0.592544,39.566859]]]}},{"type":"Feature","properties":{"country":"ES","region":"Caspe","parent":"Zaragoza"},"geometry":{"type":"Polygon","coordinates":[[[0.099015,41.284107],[0.090765,41.284676],[0.088175,41.280577],[0.091431,41.27087],[0.090448,41.2617],[0.093475,41.257124],[0.09282,41.242186],[0.087955,41.227597],[0.095078,41.217777],[0.098429,41.206784],[0.096858,41.190898],[0.091074,41.177795],[0.075361,41.182395],[0.066816,41.179442],[0.040978,41.150594],[0.018015,41.137149],[0.012739,41.131158],[0.005055,41.131029],[-0.000446,41.138232],[-0.009128,41.135818],[-0.008021,41.125688],[-0.012176,41.120247],[-0.025017,41.127486],[-0.03782,41.129403],[-0.051329,41.137722],[-0.070108,41.143668],[-0.079556,41.150538],[-0.101935,41.149564],[-0.12275,41.156916],[-0.150158,41.173774],[-0.179949,41.187565],[-0.204657,41.19175],[-0.215337,41.190719],[-0.211197,41.192207],[-0.211016,41.198452],[-0.209861,41.203441],[-0.209767,41.205951],[-0.211334,41.214527],[-0.210755,41.223095],[-0.158614,41.229882],[-0.113047,41.25622],[-0.123697,41.276426],[-0.137312,41.280624],[-0.136809,41.301954],[-0.142495,41.31018],[-0.146268,41.332881],[-0.141549,41.347839],[-0.14223,41.35657],[-0.147619,41.371437],[-0.132066,41.369518],[-0.119033,41.369247],[-0.111924,41.370453],[-0.106839,41.370571],[-0.099187,41.371376],[-0.091765,41.372944],[-0.089326,41.373737],[-0.077672,41.375507],[-0.072661,41.377151],[-0.04604,41.360485],[-0.01811,41.353545],[-0.026972,41.376881],[-0.023884,41.396873],[-0.002987,41.387254],[0.011019,41.360788],[0.036272,41.355348],[0.0792,41.354528],[0.088085,41.350477],[0.10635,41.350811],[0.116078,41.33],[0.11792,41.318923],[0.1124,41.312926],[0.09636,41.314275],[0.092973,41.311915],[0.090428,41.305522],[0.097363,41.297363],[0.099015,41.284107]]]}},{"type":"Feature","properties":{"country":"ES","region":"Vinalesa","parent":"Valencia"},"geometry":{"type":"Polygon","coordinates":[[[-0.373914,39.528023],[-0.373769,39.536041],[-0.376822,39.54224],[-0.367345,39.541493],[-0.362052,39.532323],[-0.366532,39.523668],[-0.370871,39.527388],[-0.373914,39.528023]]]}},{"type":"Feature","properties":{"country":"ES","region":"San Antonio de Benagéber","parent":"Valencia"},"geometry":{"type":"Polygon","coordinates":[[[-0.506417,39.553945],[-0.50418,39.560361],[-0.511034,39.562694],[-0.510778,39.568901],[-0.521544,39.576114],[-0.516767,39.584452],[-0.5102,39.585377],[-0.501826,39.573695],[-0.495116,39.573735],[-0.488282,39.569714],[-0.482608,39.570978],[-0.482001,39.565372],[-0.472609,39.553106],[-0.478607,39.545251],[-0.482608,39.544907],[-0.493543,39.544681],[-0.506417,39.553945]]]}},{"type":"Feature","properties":{"country":"ES","region":"Chiprana","parent":"Zaragoza"},"geometry":{"type":"Polygon","coordinates":[[[-0.137312,41.280624],[-0.123697,41.276426],[-0.113047,41.25622],[-0.158614,41.229882],[-0.210755,41.223095],[-0.212109,41.237237],[-0.201577,41.269294],[-0.203987,41.289741],[-0.191331,41.295063],[-0.174065,41.288814],[-0.16261,41.281306],[-0.15531,41.270697],[-0.1444,41.267333],[-0.139038,41.256594],[-0.130738,41.260714],[-0.139734,41.275835],[-0.137312,41.280624]]]}},{"type":"Feature","properties":{"country":"ES","region":"Escatrón","parent":"Zaragoza"},"geometry":{"type":"Polygon","coordinates":[[[-0.215337,41.190719],[-0.216487,41.190307],[-0.222426,41.188858],[-0.225241,41.190006],[-0.230822,41.194474],[-0.232134,41.195881],[-0.236099,41.201694],[-0.243116,41.209789],[-0.246367,41.211921],[-0.253979,41.213318],[-0.268573,41.214815],[-0.279712,41.22767],[-0.314527,41.255615],[-0.323593,41.254109],[-0.326229,41.245421],[-0.34569,41.241163],[-0.34887,41.24703],[-0.378257,41.265414],[-0.382904,41.276238],[-0.367652,41.284302],[-0.3599,41.283201],[-0.352206,41.274787],[-0.344367,41.277342],[-0.340071,41.284677],[-0.343929,41.29717],[-0.33902,41.30024],[-0.303205,41.292729],[-0.296199,41.295291],[-0.290335,41.305087],[-0.284417,41.30609],[-0.281239,41.302473],[-0.281618,41.296742],[-0.292177,41.281978],[-0.286514,41.27676],[-0.278589,41.274451],[-0.263685,41.27922],[-0.258333,41.295069],[-0.252532,41.299441],[-0.237474,41.296938],[-0.223513,41.301931],[-0.219609,41.298152],[-0.223491,41.290431],[-0.221777,41.28764],[-0.212575,41.286886],[-0.203987,41.289741],[-0.201577,41.269294],[-0.212109,41.237237],[-0.210755,41.223095],[-0.211334,41.214527],[-0.209767,41.205951],[-0.209861,41.203441],[-0.211016,41.198452],[-0.211197,41.192207],[-0.215337,41.190719]]]}},{"type":"Feature","properties":{"country":"ES","region":"Benavente","parent":"Zamora"},"geometry":{"type":"Polygon","coordinates":[[[-5.71654,41.962459],[-5.719325,41.963005],[-5.72345,41.96434],[-5.73259,41.980558],[-5.694282,41.996481],[-5.694838,42.005913],[-5.698754,42.008129],[-5.704191,42.023112],[-5.710013,42.02632],[-5.71789,42.025154],[-5.717336,42.028321],[-5.726862,42.029842],[-5.735765,42.040329],[-5.720952,42.04084],[-5.70455,42.047361],[-5.69319,42.041553],[-5.680154,42.045414],[-5.677757,42.030352],[-5.64779,42.018586],[-5.629475,42.020964],[-5.624699,42.016373],[-5.61166,42.012073],[-5.612306,42.009868],[-5.621495,42.001796],[-5.63066,41.999946],[-5.631406,41.993984],[-5.637707,41.988087],[-5.636072,41.98183],[-5.64441,41.979739],[-5.661811,41.987457],[-5.673589,41.987746],[-5.679709,41.984218],[-5.674985,41.9784],[-5.678801,41.970649],[-5.707776,41.963275],[-5.71167,41.963666],[-5.71654,41.962459]]]}},{"type":"Feature","properties":{"country":"ES","region":"Castrogonzalo","parent":"Zamora"},"geometry":{"type":"Polygon","coordinates":[[[-5.636072,41.98183],[-5.637707,41.988087],[-5.631406,41.993984],[-5.63066,41.999946],[-5.621495,42.001796],[-5.612306,42.009868],[-5.598962,42.006009],[-5.589612,42.008563],[-5.589923,42.003568],[-5.556768,41.967823],[-5.559274,41.965927],[-5.558475,41.961334],[-5.559059,41.95845],[-5.570317,41.956047],[-5.580342,41.952739],[-5.584797,41.95166],[-5.586739,41.952171],[-5.591463,41.952392],[-5.606919,41.947708],[-5.606489,41.963809],[-5.610729,41.973505],[-5.623425,41.979772],[-5.636072,41.98183]]]}},{"type":"Feature","properties":{"country":"ES","region":"Coomonte","parent":"Zamora"},"geometry":{"type":"Polygon","coordinates":[[[-5.844857,42.110706],[-5.840905,42.112678],[-5.8397,42.116386],[-5.837932,42.118706],[-5.832264,42.119378],[-5.82685,42.121807],[-5.812603,42.126383],[-5.806568,42.130394],[-5.804861,42.129745],[-5.806252,42.127628],[-5.805342,42.124573],[-5.794658,42.103756],[-5.798114,42.099972],[-5.79914,42.101589],[-5.8039,42.099849],[-5.810023,42.098301],[-5.821461,42.098049],[-5.82418,42.098228],[-5.824834,42.096371],[-5.831089,42.095104],[-5.845179,42.10049],[-5.844857,42.110706]]]}},{"type":"Feature","properties":{"country":"ES","region":"Maella","parent":"Zaragoza"},"geometry":{"type":"Polygon","coordinates":[[[0.21975,41.132089],[0.201651,41.126312],[0.208383,41.11638],[0.200553,41.100345],[0.201813,41.085166],[0.21813,41.083396],[0.218276,41.075245],[0.220755,41.07133],[0.197917,41.068331],[0.168427,41.070729],[0.145912,41.063041],[0.116137,41.077117],[0.077461,41.080045],[0.058538,41.075292],[0.050985,41.054697],[0.036972,41.04657],[0.024394,41.064981],[-0.001575,41.092033],[-0.007637,41.102303],[-0.012176,41.120247],[-0.008021,41.125688],[-0.009128,41.135818],[-0.000446,41.138232],[0.005055,41.131029],[0.012739,41.131158],[0.018015,41.137149],[0.040978,41.150594],[0.066816,41.179442],[0.075361,41.182395],[0.091074,41.177795],[0.132083,41.175747],[0.138566,41.171918],[0.14123,41.164486],[0.162571,41.153142],[0.182035,41.146482],[0.204472,41.133966],[0.21975,41.132089]]]}},{"type":"Feature","properties":{"country":"ES","region":"Fresno de la Polvorosa","parent":"Zamora"},"geometry":{"type":"Polygon","coordinates":[[[-5.781638,42.096813],[-5.770003,42.097023],[-5.762236,42.083377],[-5.757171,42.080826],[-5.757798,42.074166],[-5.761754,42.073035],[-5.772164,42.074171],[-5.786707,42.080581],[-5.78367,42.083843],[-5.781638,42.096813]]]}},{"type":"Feature","properties":{"country":"ES","region":"Fuentes de Ropel","parent":"Zamora"},"geometry":{"type":"Polygon","coordinates":[[[-5.61166,42.012073],[-5.613986,42.0322],[-5.609488,42.042877],[-5.602092,42.04608],[-5.605093,42.052267],[-5.586621,42.050903],[-5.577607,42.064282],[-5.56071,42.055958],[-5.560504,42.047549],[-5.56487,42.039576],[-5.561977,42.032176],[-5.55514,42.030865],[-5.544884,42.034843],[-5.535159,42.019628],[-5.524963,42.011686],[-5.507691,41.989994],[-5.512563,41.985889],[-5.514241,41.983123],[-5.527365,41.973943],[-5.527307,41.968421],[-5.535216,41.9654],[-5.550949,41.969946],[-5.556768,41.967823],[-5.589923,42.003568],[-5.589612,42.008563],[-5.598962,42.006009],[-5.612306,42.009868],[-5.61166,42.012073]]]}},{"type":"Feature","properties":{"country":"ES","region":"Maire de Castroponce","parent":"Zamora"},"geometry":{"type":"Polygon","coordinates":[[[-5.805342,42.124573],[-5.791246,42.12814],[-5.787243,42.133146],[-5.780113,42.135257],[-5.776714,42.135799],[-5.773382,42.135132],[-5.769981,42.135933],[-5.759495,42.13435],[-5.755201,42.136612],[-5.755138,42.134345],[-5.752795,42.128017],[-5.751,42.124267],[-5.752084,42.121342],[-5.747401,42.115997],[-5.752835,42.112987],[-5.751642,42.106663],[-5.754335,42.105202],[-5.759084,42.101753],[-5.765992,42.099308],[-5.770003,42.097023],[-5.781638,42.096813],[-5.785727,42.102167],[-5.798114,42.099972],[-5.794658,42.103756],[-5.805342,42.124573]]]}},{"type":"Feature","properties":{"country":"ES","region":"Matilla de Arzón","parent":"León"},"geometry":{"type":"MultiPolygon","coordinates":[[[[-5.520905,42.09713],[-5.517297,42.083863],[-5.50247,42.067285],[-5.507759,42.057495],[-5.51665,42.05867],[-5.530739,42.076287],[-5.544035,42.086208],[-5.544368,42.092441],[-5.54185,42.098091],[-5.543377,42.099373],[-5.527018,42.10429],[-5.520905,42.09713]]],[[[-5.676777,42.120323],[-5.679978,42.131678],[-5.687017,42.138248],[-5.681575,42.140919],[-5.665348,42.14114],[-5.664091,42.13655],[-5.645238,42.132152],[-5.620101,42.105209],[-5.623603,42.09426],[-5.637061,42.083759],[-5.657437,42.081841],[-5.667347,42.074926],[-5.673069,42.075584],[-5.679752,42.087021],[-5.664923,42.095191],[-5.666361,42.110782],[-5.666276,42.117668],[-5.671687,42.120685],[-5.676777,42.120323]]]]}},{"type":"Feature","properties":{"country":"ES","region":"Morales de Rey","parent":"Zamora"},"geometry":{"type":"Polygon","coordinates":[[[-5.785441,42.037269],[-5.817787,42.042351],[-5.821496,42.043987],[-5.823239,42.045414],[-5.825588,42.046356],[-5.831543,42.050369],[-5.822538,42.058159],[-5.803532,42.06633],[-5.796666,42.076312],[-5.786707,42.080581],[-5.772164,42.074171],[-5.761754,42.073035],[-5.757798,42.074166],[-5.757171,42.080826],[-5.753752,42.081123],[-5.750292,42.079353],[-5.748463,42.080692],[-5.748279,42.076694],[-5.744614,42.076671],[-5.742716,42.06389],[-5.748141,42.056125],[-5.754539,42.056154],[-5.777122,42.046876],[-5.785441,42.037269]]]}},{"type":"Feature","properties":{"country":"ES","region":"Roales de Campos","parent":"Valladolid"},"geometry":{"type":"Polygon","coordinates":[[[-5.447825,42.010723],[-5.459344,42.006935],[-5.46739,42.006141],[-5.471742,42.006282],[-5.473966,42.01448],[-5.49153,42.032923],[-5.487926,42.0395],[-5.507759,42.057495],[-5.50247,42.067285],[-5.517297,42.083863],[-5.520905,42.09713],[-5.498845,42.083651],[-5.47841,42.05671],[-5.478939,42.051487],[-5.440612,42.032556],[-5.426185,42.035294],[-5.421605,42.030666],[-5.445106,42.015214],[-5.447825,42.010723]]]}},{"type":"Feature","properties":{"country":"ES","region":"Valdealgorfa","parent":"Teruel"},"geometry":{"type":"Polygon","coordinates":[[[-0.039136,40.958801],[-0.053851,40.967468],[-0.066869,40.987983],[-0.068513,40.988708],[-0.053507,41.008842],[-0.055301,41.019272],[-0.043324,41.03099],[-0.022116,41.032345],[0.003358,41.043743],[0.026553,41.041649],[0.020548,41.038617],[0.026009,41.00795],[0.020711,41.004399],[0.017154,40.996259],[0.010195,40.991678],[0.005815,40.983495],[-0.019543,40.966624],[-0.039136,40.958801]]]}},{"type":"Feature","properties":{"country":"ES","region":"Valdeltormo","parent":"Teruel"},"geometry":{"type":"Polygon","coordinates":[[[0.075402,40.957908],[0.07378,40.967202],[0.065134,40.968716],[0.066839,40.977052],[0.054771,40.990021],[0.052306,40.996792],[0.108606,40.986185],[0.115985,40.981342],[0.120633,40.976971],[0.120531,40.972915],[0.112073,40.968905],[0.110175,40.960373],[0.104859,40.955215],[0.098468,40.954975],[0.093954,40.954231],[0.082732,40.9533],[0.081175,40.95533],[0.081652,40.957145],[0.078439,40.958809],[0.075402,40.957908]]]}},{"type":"Feature","properties":{"country":"ES","region":"Valjunquera","parent":"Teruel"},"geometry":{"type":"Polygon","coordinates":[[[0.026399,40.938537],[-5e-06,40.928876],[-0.011717,40.928994],[-0.019068,40.924782],[-0.030236,40.934463],[-0.028105,40.936973],[-0.032639,40.949241],[-0.034157,40.950886],[-0.036685,40.956768],[-0.039136,40.958801],[-0.019543,40.966624],[0.005815,40.983495],[0.010195,40.991678],[0.017154,40.996259],[0.020711,41.004399],[0.026009,41.00795],[0.029701,41.0047],[0.038661,40.998115],[0.044426,40.99527],[0.052306,40.996792],[0.054771,40.990021],[0.066839,40.977052],[0.065134,40.968716],[0.07378,40.967202],[0.075402,40.957908],[0.046333,40.96206],[0.040191,40.951879],[0.031737,40.947627],[0.026399,40.938537]]]}},{"type":"Feature","properties":{"country":"ES","region":"Peñarrubia","parent":"Cantabria"},"geometry":{"type":"Polygon","coordinates":[[[-4.547374,43.268979],[-4.539415,43.260053],[-4.527101,43.221088],[-4.51778,43.213297],[-4.523258,43.20656],[-4.524941,43.195595],[-4.548594,43.205101],[-4.557591,43.215712],[-4.559406,43.223446],[-4.589263,43.23577],[-4.590634,43.242141],[-4.604141,43.241273],[-4.61049,43.246702],[-4.625598,43.247294],[-4.638981,43.252519],[-4.641133,43.258077],[-4.633255,43.267296],[-4.635389,43.275942],[-4.62341,43.2876],[-4.604954,43.298458],[-4.579592,43.289858],[-4.568481,43.291142],[-4.552559,43.286588],[-4.553181,43.277037],[-4.547374,43.268979]]]}},{"type":"Feature","properties":{"country":"ES","region":"Pesaguero","parent":"Cantabria"},"geometry":{"type":"Polygon","coordinates":[[[-4.606438,43.035426],[-4.591404,43.052248],[-4.58993,43.068311],[-4.592471,43.08052],[-4.585057,43.081932],[-4.569012,43.094161],[-4.571034,43.108018],[-4.538689,43.10366],[-4.522314,43.091909],[-4.49506,43.095917],[-4.487946,43.093942],[-4.471085,43.100891],[-4.472255,43.090086],[-4.466268,43.080334],[-4.468193,43.064262],[-4.462069,43.060989],[-4.470855,43.051208],[-4.476822,43.038969],[-4.49642,43.038295],[-4.521314,43.046954],[-4.55895,43.020164],[-4.57365,43.026538],[-4.590099,43.025969],[-4.606438,43.035426]]]}},{"type":"Feature","properties":{"country":"ES","region":"Potes","parent":"Cantabria"},"geometry":{"type":"Polygon","coordinates":[[[-4.644034,43.142121],[-4.639905,43.145252],[-4.638114,43.147202],[-4.636618,43.149664],[-4.634236,43.15167],[-4.632677,43.154288],[-4.633717,43.16103],[-4.629841,43.170528],[-4.616769,43.170883],[-4.613088,43.166544],[-4.612587,43.158269],[-4.608328,43.13255],[-4.618276,43.13362],[-4.628796,43.14142],[-4.641831,43.135977],[-4.644034,43.142121]]]}},{"type":"Feature","properties":{"country":"ES","region":"Gelves","parent":"Sevilla"},"geometry":{"type":"MultiPolygon","coordinates":[[[[-6.0332,37.348769],[-6.022682,37.350106],[-6.018787,37.333637],[-6.00126,37.319727],[-6.002413,37.318022],[-6.012576,37.315566],[-6.01512,37.314402],[-6.017852,37.317093],[-6.021543,37.316303],[-6.023088,37.315375],[-6.024181,37.314276],[-6.026157,37.31307],[-6.027458,37.311979],[-6.036144,37.322273],[-6.035284,37.327446],[-6.0332,37.348769]]],[[[-6.120927,37.338962],[-6.115598,37.342153],[-6.106465,37.342084],[-6.105638,37.328599],[-6.117086,37.328974],[-6.120927,37.338962]]]]}},{"type":"Feature","properties":{"country":"ES","region":"Gerena","parent":"Sevilla"},"geometry":{"type":"Polygon","coordinates":[[[-6.232799,37.63639],[-6.225005,37.622283],[-6.213841,37.612514],[-6.184283,37.603074],[-6.170829,37.608487],[-6.163248,37.60822],[-6.1462,37.596707],[-6.137216,37.594595],[-6.1317,37.586724],[-6.12922,37.572984],[-6.120578,37.567269],[-6.118994,37.555434],[-6.107228,37.541972],[-6.101247,37.527193],[-6.09296,37.519227],[-6.093515,37.513972],[-6.087012,37.502935],[-6.105624,37.489832],[-6.109796,37.476283],[-6.121988,37.478092],[-6.132064,37.480376],[-6.156572,37.485136],[-6.176592,37.499924],[-6.192534,37.500566],[-6.197957,37.496658],[-6.207087,37.517399],[-6.21695,37.526696],[-6.220692,37.538639],[-6.23416,37.558122],[-6.229051,37.574845],[-6.23299,37.602546],[-6.246824,37.621837],[-6.257317,37.62855],[-6.255088,37.628902],[-6.24916,37.629867],[-6.241478,37.633503],[-6.232799,37.63639]]]}},{"type":"Feature","properties":{"country":"ES","region":"Gines","parent":"Sevilla"},"geometry":{"type":"Polygon","coordinates":[[[-6.085394,37.394028],[-6.073837,37.394915],[-6.064493,37.389785],[-6.064756,37.384729],[-6.083173,37.376237],[-6.0873,37.381607],[-6.085394,37.394028]]]}},{"type":"Feature","properties":{"country":"ES","region":"Guillena","parent":"Sevilla"},"geometry":{"type":"Polygon","coordinates":[[[-6.087012,37.502935],[-6.093515,37.513972],[-6.09296,37.519227],[-6.101247,37.527193],[-6.107228,37.541972],[-6.118994,37.555434],[-6.120578,37.567269],[-6.12922,37.572984],[-6.1317,37.586724],[-6.127913,37.609002],[-6.132064,37.617725],[-6.135794,37.626973],[-6.16068,37.652051],[-6.16812,37.667216],[-6.17897,37.670876],[-6.181181,37.69527],[-6.185697,37.701378],[-6.186369,37.708289],[-6.166377,37.710792],[-6.149573,37.719558],[-6.132064,37.717535],[-6.125126,37.714576],[-6.12333,37.716629],[-6.105944,37.713638],[-6.09753,37.721421],[-6.092022,37.719043],[-6.085157,37.721209],[-6.078898,37.711012],[-6.062965,37.709365],[-6.059882,37.701629],[-6.049041,37.695119],[-6.045898,37.689955],[-6.048001,37.676394],[-6.037752,37.675468],[-6.038222,37.663365],[-6.043168,37.656245],[-6.054929,37.649625],[-6.057773,37.643754],[-6.053232,37.637215],[-6.039157,37.631635],[-6.030674,37.618526],[-6.025057,37.599651],[-6.008355,37.571615],[-6.011331,37.556736],[-6.017673,37.545627],[-6.01654,37.525733],[-6.021417,37.519922],[-6.026105,37.506475],[-6.025615,37.499504],[-6.030095,37.496437],[-6.030281,37.492818],[-6.04162,37.490992],[-6.059181,37.498375],[-6.072738,37.491699],[-6.087012,37.502935]]]}},{"type":"Feature","properties":{"country":"ES","region":"Mairena del Alcor","parent":"Sevilla"},"geometry":{"type":"Polygon","coordinates":[[[-5.810126,37.386192],[-5.801753,37.388531],[-5.793881,37.388183],[-5.775537,37.396139],[-5.755989,37.396424],[-5.753147,37.394853],[-5.751113,37.395103],[-5.749037,37.392986],[-5.742941,37.389601],[-5.739343,37.387773],[-5.734153,37.385778],[-5.728734,37.381897],[-5.723782,37.377089],[-5.721674,37.375363],[-5.703048,37.362722],[-5.695314,37.359807],[-5.688155,37.360748],[-5.689055,37.357399],[-5.67488,37.345418],[-5.695686,37.325371],[-5.703658,37.306102],[-5.719111,37.304736],[-5.733322,37.297192],[-5.74606,37.303701],[-5.773652,37.308024],[-5.773497,37.313837],[-5.764783,37.326849],[-5.767366,37.339308],[-5.784282,37.360582],[-5.810126,37.386192]]]}},{"type":"Feature","properties":{"country":"ES","region":"Mairena del Aljarafe","parent":"Sevilla"},"geometry":{"type":"Polygon","coordinates":[[[-6.050469,37.359377],[-6.03644,37.356818],[-6.0332,37.348769],[-6.035284,37.327446],[-6.049305,37.332326],[-6.054605,37.327649],[-6.065551,37.327824],[-6.09136,37.31763],[-6.093461,37.321359],[-6.114127,37.323875],[-6.132145,37.319857],[-6.126821,37.325998],[-6.095708,37.328007],[-6.092553,37.344347],[-6.055868,37.357959],[-6.050469,37.359377]]]}},{"type":"Feature","properties":{"country":"ES","region":"Benaguasil","parent":"Valencia"},"geometry":{"type":"Polygon","coordinates":[[[-0.685596,39.606697],[-0.684888,39.618065],[-0.677613,39.62198],[-0.664015,39.613895],[-0.654554,39.615715],[-0.642045,39.612614],[-0.633233,39.607994],[-0.607513,39.603384],[-0.585264,39.603003],[-0.579031,39.606611],[-0.576312,39.60539],[-0.569884,39.594962],[-0.571083,39.590947],[-0.568333,39.584968],[-0.569526,39.581692],[-0.573519,39.583341],[-0.578887,39.581127],[-0.576136,39.574465],[-0.571686,39.572001],[-0.57262,39.565595],[-0.592544,39.566859],[-0.602445,39.575049],[-0.609448,39.572591],[-0.619784,39.582757],[-0.636189,39.587627],[-0.646925,39.601048],[-0.658213,39.598407],[-0.672048,39.607129],[-0.685596,39.606697]]]}},{"type":"Feature","properties":{"country":"ES","region":"Benetússer","parent":"Valencia"},"geometry":{"type":"Polygon","coordinates":[[[-0.403361,39.418923],[-0.401696,39.427929],[-0.399728,39.427799],[-0.393597,39.424659],[-0.392927,39.418874],[-0.403361,39.418923]]]}},{"type":"Feature","properties":{"country":"ES","region":"Benifaió","parent":"Valencia"},"geometry":{"type":"Polygon","coordinates":[[[-0.41426,39.257297],[-0.437437,39.264957],[-0.441365,39.267834],[-0.45026,39.270599],[-0.457738,39.273383],[-0.468559,39.278358],[-0.478769,39.283996],[-0.482737,39.285477],[-0.482923,39.28902],[-0.48398,39.295143],[-0.487075,39.302265],[-0.479966,39.302597],[-0.458622,39.301231],[-0.44297,39.300815],[-0.429489,39.301952],[-0.425933,39.30471],[-0.424765,39.306495],[-0.414036,39.281281],[-0.41426,39.257297]]]}},{"type":"Feature","properties":{"country":"ES","region":"Beniparrell","parent":"Valencia"},"geometry":{"type":"Polygon","coordinates":[[[-0.425035,39.376259],[-0.433965,39.384069],[-0.422859,39.389959],[-0.39231,39.38444],[-0.396012,39.379728],[-0.425035,39.376259]]]}},{"type":"Feature","properties":{"country":"ES","region":"Palomares del Río","parent":"Sevilla"},"geometry":{"type":"Polygon","coordinates":[[[-6.040433,37.297578],[-6.048949,37.303678],[-6.070529,37.307407],[-6.078436,37.296857],[-6.09136,37.31763],[-6.065551,37.327824],[-6.054605,37.327649],[-6.049305,37.332326],[-6.035284,37.327446],[-6.036144,37.322273],[-6.027458,37.311979],[-6.03168,37.308326],[-6.032761,37.300452],[-6.034719,37.299647],[-6.038664,37.298452],[-6.040433,37.297578]]]}},{"type":"Feature","properties":{"country":"ES","region":"Ajofrín","parent":"Toledo"},"geometry":{"type":"Polygon","coordinates":[[[-3.952455,39.746555],[-3.954195,39.744534],[-3.961623,39.735902],[-3.963866,39.72429],[-3.959498,39.713996],[-3.954195,39.714304],[-3.94972,39.714565],[-3.954195,39.710494],[-3.96192,39.703466],[-3.964142,39.695417],[-3.97437,39.691564],[-3.98005,39.694113],[-3.999477,39.691223],[-3.99935,39.699636],[-4.022363,39.72785],[-4.036176,39.733082],[-4.033889,39.739883],[-4.03696,39.748352],[-4.026286,39.753963],[-4.014053,39.749347],[-4.001609,39.750163],[-3.982309,39.756523],[-3.964489,39.76662],[-3.962511,39.75828],[-3.954195,39.748584],[-3.952455,39.746555]]]}},{"type":"Feature","properties":{"country":"ES","region":"Alameda de la Sagra","parent":"Toledo"},"geometry":{"type":"Polygon","coordinates":[[[-3.772004,40.057205],[-3.768189,40.038692],[-3.760446,40.03008],[-3.763281,40.025779],[-3.767697,40.02215],[-3.785779,39.990024],[-3.79753,39.986218],[-3.809554,39.976822],[-3.815606,39.963544],[-3.824656,39.953353],[-3.830653,39.956631],[-3.832847,39.968824],[-3.841251,39.982516],[-3.841688,39.995202],[-3.844692,39.999563],[-3.816779,40.009709],[-3.819547,40.018316],[-3.816953,40.021454],[-3.790507,40.026873],[-3.799725,40.036985],[-3.772004,40.057205]]]}},{"type":"Feature","properties":{"country":"ES","region":"Albarreal de Tajo","parent":"Toledo"},"geometry":{"type":"Polygon","coordinates":[[[-4.216083,39.917362],[-4.209655,39.910883],[-4.187672,39.910763],[-4.179283,39.907686],[-4.174623,39.90441],[-4.163409,39.903302],[-4.170322,39.891012],[-4.169452,39.881982],[-4.181323,39.885143],[-4.179987,39.876863],[-4.183917,39.87297],[-4.201263,39.862544],[-4.205993,39.863528],[-4.210377,39.870968],[-4.219991,39.870438],[-4.224109,39.86491],[-4.220398,39.857566],[-4.224292,39.854128],[-4.234547,39.855928],[-4.242263,39.863791],[-4.244268,39.865833],[-4.24949,39.864905],[-4.275301,39.885696],[-4.263468,39.913971],[-4.245633,39.909933],[-4.242263,39.91078],[-4.216083,39.917362]]]}},{"type":"Feature","properties":{"country":"ES","region":"Almonacid de Toledo","parent":"Toledo"},"geometry":{"type":"Polygon","coordinates":[[[-3.901884,39.747669],[-3.894954,39.758514],[-3.908163,39.774513],[-3.906418,39.789812],[-3.882006,39.789412],[-3.879861,39.789882],[-3.86151,39.793906],[-3.860114,39.801622],[-3.866735,39.815344],[-3.877219,39.823665],[-3.873105,39.827891],[-3.853249,39.835683],[-3.858954,39.847615],[-3.857706,39.858259],[-3.864884,39.864905],[-3.865573,39.874031],[-3.859248,39.879572],[-3.839304,39.882302],[-3.824929,39.88083],[-3.814893,39.885742],[-3.811881,39.885772],[-3.80429,39.884763],[-3.798515,39.880062],[-3.796351,39.878933],[-3.792408,39.87569],[-3.792958,39.871792],[-3.794379,39.865242],[-3.801816,39.850424],[-3.813338,39.838679],[-3.817111,39.82066],[-3.81312,39.811531],[-3.814063,39.777777],[-3.805778,39.772562],[-3.794137,39.774794],[-3.79088,39.769371],[-3.808947,39.767603],[-3.808987,39.748548],[-3.813301,39.743761],[-3.844069,39.736937],[-3.857902,39.725937],[-3.866864,39.725232],[-3.866733,39.731],[-3.879861,39.735291],[-3.890531,39.738779],[-3.901884,39.747669]]]}},{"type":"Feature","properties":{"country":"ES","region":"Añover de Tajo","parent":"Toledo"},"geometry":{"type":"Polygon","coordinates":[[[-3.715764,40.003468],[-3.722739,39.997371],[-3.721757,39.987379],[-3.732398,39.985385],[-3.734993,39.978561],[-3.740729,39.981039],[-3.744579,39.979387],[-3.738125,39.970009],[-3.726479,39.970243],[-3.730034,39.964366],[-3.742744,39.96214],[-3.75554,39.966358],[-3.752857,39.954377],[-3.763081,39.948631],[-3.768972,39.952071],[-3.760151,39.958393],[-3.76444,39.965404],[-3.783544,39.955351],[-3.785286,39.945696],[-3.798085,39.946569],[-3.806448,39.95329],[-3.822342,39.946801],[-3.821268,39.949672],[-3.824656,39.953353],[-3.815606,39.963544],[-3.809554,39.976822],[-3.79753,39.986218],[-3.785779,39.990024],[-3.767697,40.02215],[-3.763281,40.025779],[-3.753807,40.018759],[-3.730149,40.0131],[-3.715764,40.003468]]]}},{"type":"Feature","properties":{"country":"ES","region":"Tresviso","parent":"Cantabria"},"geometry":{"type":"Polygon","coordinates":[[[-4.641133,43.258077],[-4.652592,43.255501],[-4.666991,43.246506],[-4.690576,43.248402],[-4.707363,43.228811],[-4.715489,43.230728],[-4.716288,43.238208],[-4.722601,43.240575],[-4.730944,43.257336],[-4.71292,43.260736],[-4.706041,43.266867],[-4.69255,43.265013],[-4.676286,43.267651],[-4.659584,43.264342],[-4.648097,43.268002],[-4.633255,43.267296],[-4.641133,43.258077]]]}},{"type":"Feature","properties":{"country":"ES","region":"Vega de Liébana","parent":"Cantabria"},"geometry":{"type":"Polygon","coordinates":[[[-4.766838,43.074691],[-4.751383,43.075661],[-4.737407,43.08137],[-4.72074,43.09738],[-4.711003,43.10075],[-4.6995,43.118759],[-4.68807,43.127921],[-4.661865,43.139792],[-4.644034,43.142121],[-4.641831,43.135977],[-4.628796,43.14142],[-4.618276,43.13362],[-4.608328,43.13255],[-4.60302,43.119168],[-4.60465,43.113177],[-4.60094,43.090301],[-4.592471,43.08052],[-4.58993,43.068311],[-4.591404,43.052248],[-4.606438,43.035426],[-4.641054,43.016792],[-4.652254,43.020841],[-4.672487,43.021318],[-4.685951,43.026174],[-4.705575,43.025589],[-4.721283,43.0183],[-4.737845,43.020944],[-4.742559,43.027624],[-4.734649,43.047028],[-4.744007,43.055192],[-4.765213,43.056077],[-4.766838,43.074691]]]}},{"type":"Feature","properties":{"country":"ES","region":"Puebla del Río, La","parent":"Sevilla"},"geometry":{"type":"Polygon","coordinates":[[[-6.202344,37.038509],[-6.156726,37.037685],[-6.150078,37.048757],[-6.132064,37.061273],[-6.121569,37.072303],[-6.126727,37.081767],[-6.132064,37.086517],[-6.145829,37.098914],[-6.146458,37.104089],[-6.160625,37.124248],[-6.161755,37.129904],[-6.16006,37.134454],[-6.151569,37.138095],[-6.132064,37.155765],[-6.110234,37.176874],[-6.106312,37.188893],[-6.109668,37.198144],[-6.116881,37.199925],[-6.132064,37.181767],[-6.134129,37.179197],[-6.138711,37.174969],[-6.152525,37.17327],[-6.168583,37.179197],[-6.175364,37.180613],[-6.180459,37.187567],[-6.196346,37.190616],[-6.192807,37.226597],[-6.181433,37.255774],[-6.174169,37.254712],[-6.165494,37.258998],[-6.154404,37.25621],[-6.142219,37.258603],[-6.138989,37.275631],[-6.141706,37.291927],[-6.132064,37.303074],[-6.121049,37.302614],[-6.107935,37.289815],[-6.087305,37.286197],[-6.079109,37.279885],[-6.054286,37.271681],[-6.061133,37.252749],[-6.054081,37.228748],[-6.073075,37.214082],[-6.076414,37.206352],[-6.065747,37.205339],[-6.058139,37.215329],[-6.053713,37.216001],[-6.051839,37.210028],[-6.055386,37.195802],[-6.039735,37.194901],[-6.03395,37.18162],[-6.027496,37.174861],[-6.028532,37.169261],[-6.055616,37.162018],[-6.062311,37.156361],[-6.056079,37.150837],[-6.039703,37.150397],[-6.038963,37.142743],[-6.047925,37.13232],[-6.030738,37.126625],[-6.027324,37.121178],[-6.04191,37.106903],[-6.03622,37.090439],[-6.037842,37.078682],[-6.041443,37.064377],[-6.044146,37.057468],[-6.045403,37.055725],[-6.047404,37.054592],[-6.050121,37.054214],[-6.053459,37.054176],[-6.072231,37.059486],[-6.074813,37.07197],[-6.082529,37.075568],[-6.10667,37.045857],[-6.132064,37.033017],[-6.142173,37.030174],[-6.14739,37.027763],[-6.151009,37.025631],[-6.153068,37.024063],[-6.156768,37.019478],[-6.161825,37.00843],[-6.164956,37.000137],[-6.171885,36.983616],[-6.174228,36.977005],[-6.178032,36.968303],[-6.182904,36.954212],[-6.188533,36.939537],[-6.193637,36.929508],[-6.198278,36.921604],[-6.201764,36.91661],[-6.211576,36.908668],[-6.221528,36.902847],[-6.231059,36.898136],[-6.246468,36.894059],[-6.257075,36.895155],[-6.278354,36.910885],[-6.270326,36.9308],[-6.268575,36.94313],[-6.272368,36.950267],[-6.288944,36.963182],[-6.288058,36.986549],[-6.278078,36.993507],[-6.261625,36.991975],[-6.254732,36.994626],[-6.259048,37.015169],[-6.246865,37.031716],[-6.236154,37.033392],[-6.226758,37.023334],[-6.220736,37.021882],[-6.212985,37.025919],[-6.202344,37.038509]]]}},{"type":"Feature","properties":{"country":"ES","region":"Rinconada, La","parent":"Sevilla"},"geometry":{"type":"Polygon","coordinates":[[[-5.869393,37.527207],[-5.861111,37.521464],[-5.856102,37.511693],[-5.840171,37.497767],[-5.817873,37.425496],[-5.818405,37.39871],[-5.840829,37.396082],[-5.865514,37.402151],[-5.904234,37.442537],[-5.918602,37.447727],[-5.950281,37.45274],[-5.999695,37.447969],[-6.009594,37.442788],[-6.003551,37.458679],[-5.98928,37.462801],[-5.983627,37.467971],[-6.002453,37.48225],[-6.002608,37.491704],[-5.985748,37.504927],[-5.977555,37.501156],[-5.975246,37.489783],[-5.955077,37.487197],[-5.951563,37.492351],[-5.959619,37.494382],[-5.961985,37.498249],[-5.946248,37.500169],[-5.943333,37.50375],[-5.945373,37.512075],[-5.925413,37.519274],[-5.907015,37.536541],[-5.886315,37.542362],[-5.88308,37.536885],[-5.87583,37.534298],[-5.869393,37.527207]]]}},{"type":"Feature","properties":{"country":"ES","region":"Salteras","parent":"Sevilla"},"geometry":{"type":"Polygon","coordinates":[[[-6.121988,37.478092],[-6.109796,37.476283],[-6.105624,37.489832],[-6.087012,37.502935],[-6.072738,37.491699],[-6.059181,37.498375],[-6.04162,37.490992],[-6.030281,37.492818],[-6.026776,37.489177],[-6.028727,37.484026],[-6.025395,37.479042],[-6.034411,37.474911],[-6.040276,37.455604],[-6.033304,37.450019],[-6.026272,37.452393],[-6.02874,37.442632],[-6.023185,37.427495],[-6.028745,37.42631],[-6.041207,37.45171],[-6.05672,37.451271],[-6.063101,37.454113],[-6.067975,37.456692],[-6.092979,37.454746],[-6.095075,37.451016],[-6.092295,37.445346],[-6.091745,37.42737],[-6.099664,37.408274],[-6.106845,37.401608],[-6.120731,37.395983],[-6.126434,37.400244],[-6.12131,37.406499],[-6.121964,37.412397],[-6.132064,37.415387],[-6.137006,37.411254],[-6.144907,37.410213],[-6.144207,37.41519],[-6.13627,37.425416],[-6.14071,37.436965],[-6.132064,37.452674],[-6.123929,37.465168],[-6.121988,37.478092]]]}},{"type":"Feature","properties":{"country":"ES","region":"San Juan de Aznalfarache","parent":"Sevilla"},"geometry":{"type":"Polygon","coordinates":[[[-6.050469,37.359377],[-6.022441,37.379591],[-6.022682,37.350106],[-6.0332,37.348769],[-6.03644,37.356818],[-6.050469,37.359377]]]}},{"type":"Feature","properties":{"country":"ES","region":"Santiponce","parent":"Sevilla"},"geometry":{"type":"Polygon","coordinates":[[[-6.012592,37.413392],[-6.030245,37.423842],[-6.03564,37.428922],[-6.055097,37.433172],[-6.063101,37.454113],[-6.05672,37.451271],[-6.041207,37.45171],[-6.028745,37.42631],[-6.023185,37.427495],[-6.020213,37.421008],[-6.013143,37.42177],[-6.013691,37.439054],[-6.011528,37.441914],[-6.005211,37.4321],[-5.992299,37.424769],[-6.012592,37.413392]]]}},{"type":"Feature","properties":{"country":"ES","region":"Sevilla","parent":"Sevilla"},"geometry":{"type":"MultiPolygon","coordinates":[[[[-6.00126,37.319727],[-6.018787,37.333637],[-6.022682,37.350106],[-6.022441,37.379591],[-6.022755,37.380874],[-6.024614,37.390849],[-6.016162,37.401214],[-6.012592,37.413392],[-5.992299,37.424769],[-6.005211,37.4321],[-6.011528,37.441914],[-6.013691,37.439054],[-6.013143,37.42177],[-6.020213,37.421008],[-6.023185,37.427495],[-6.02874,37.442632],[-6.023658,37.445291],[-6.009594,37.442788],[-5.999695,37.447969],[-5.950281,37.45274],[-5.918602,37.447727],[-5.904234,37.442537],[-5.865514,37.402151],[-5.840829,37.396082],[-5.818405,37.39871],[-5.818672,37.393475],[-5.819041,37.390095],[-5.887726,37.385709],[-5.905328,37.376978],[-5.942008,37.366878],[-5.938701,37.362035],[-5.940472,37.359281],[-5.943222,37.352773],[-5.949343,37.345668],[-5.955223,37.33678],[-5.957237,37.334911],[-5.957979,37.331669],[-5.958739,37.329097],[-5.960885,37.326278],[-5.963985,37.324243],[-5.964607,37.320145],[-5.968986,37.313417],[-6.00126,37.319727]]],[[[-6.027458,37.311979],[-6.026157,37.31307],[-6.024181,37.314276],[-6.023088,37.315375],[-6.021543,37.316303],[-6.017852,37.317093],[-6.01512,37.314402],[-6.032761,37.300452],[-6.03168,37.308326],[-6.027458,37.311979]]]]}},{"type":"Feature","properties":{"country":"ES","region":"Tomares","parent":"Sevilla"},"geometry":{"type":"Polygon","coordinates":[[[-6.045462,37.381507],[-6.031197,37.377757],[-6.022755,37.380874],[-6.022441,37.379591],[-6.050469,37.359377],[-6.055868,37.357959],[-6.059562,37.360384],[-6.062779,37.376682],[-6.053032,37.381329],[-6.045462,37.381507]]]}},{"type":"Feature","properties":{"country":"ES","region":"Argés","parent":"Toledo"},"geometry":{"type":"MultiPolygon","coordinates":[[[[-4.088984,39.794117],[-4.114541,39.796309],[-4.120658,39.791824],[-4.128468,39.800484],[-4.120037,39.801957],[-4.112493,39.811338],[-4.091836,39.817869],[-4.082132,39.817707],[-4.068281,39.826252],[-4.05817,39.823537],[-4.051099,39.825294],[-4.046217,39.816864],[-4.038894,39.805919],[-4.041737,39.793949],[-4.076547,39.788986],[-4.088984,39.794117]]],[[[-4.156004,39.870777],[-4.163573,39.864905],[-4.16473,39.863366],[-4.170017,39.86156],[-4.173516,39.860737],[-4.177391,39.864905],[-4.181049,39.86781],[-4.183917,39.87297],[-4.179987,39.876863],[-4.181323,39.885143],[-4.169452,39.881982],[-4.160219,39.878],[-4.152945,39.87885],[-4.156004,39.870777]]]]}},{"type":"Feature","properties":{"country":"ES","region":"Barcience","parent":"Toledo"},"geometry":{"type":"Polygon","coordinates":[[[-4.248137,39.967193],[-4.249826,39.971988],[-4.261446,39.980622],[-4.26546,39.990997],[-4.264572,39.99744],[-4.242263,40.005295],[-4.230272,40.006],[-4.214041,39.990878],[-4.210384,39.981002],[-4.208057,39.973764],[-4.209868,39.966927],[-4.216858,39.964693],[-4.212193,39.956557],[-4.224903,39.954604],[-4.242263,39.958999],[-4.248137,39.967193]]]}},{"type":"Feature","properties":{"country":"ES","region":"Bargas","parent":"Toledo"},"geometry":{"type":"MultiPolygon","coordinates":[[[[-4.15402,39.957627],[-4.118739,39.946482],[-4.105871,39.953369],[-4.092121,39.950729],[-4.087474,39.973404],[-4.089426,39.979563],[-4.068392,39.980355],[-4.052929,39.98538],[-4.057441,39.991196],[-4.053225,40.002095],[-4.06066,40.014051],[-4.039071,40.002615],[-4.036192,40.003164],[-4.035841,40.008112],[-4.031145,40.008085],[-4.025518,40.002683],[-4.025747,39.9939],[-4.020459,39.984122],[-4.014055,39.980284],[-4.008865,39.924937],[-4.013849,39.918051],[-4.013204,39.909869],[-4.023677,39.906385],[-4.033713,39.907759],[-4.049494,39.914789],[-4.054246,39.921231],[-4.076597,39.924719],[-4.081783,39.918252],[-4.090376,39.918115],[-4.086123,39.912776],[-4.090969,39.903864],[-4.097999,39.907641],[-4.120247,39.909852],[-4.156267,39.907789],[-4.159916,39.912882],[-4.165336,39.933857],[-4.16941,39.939659],[-4.16183,39.947754],[-4.153894,39.948143],[-4.156165,39.955221],[-4.15402,39.957627]]],[[[-4.040025,40.032494],[-4.035609,40.028372],[-4.048311,40.017355],[-4.061195,40.015582],[-4.061866,40.017819],[-4.061743,40.022005],[-4.062147,40.025511],[-4.062947,40.027676],[-4.05768,40.028227],[-4.052201,40.030805],[-4.048618,40.0334],[-4.042335,40.035735],[-4.041922,40.032581],[-4.040025,40.032494]]]]}},{"type":"Feature","properties":{"country":"ES","region":"Burguillos de Toledo","parent":"Toledo"},"geometry":{"type":"Polygon","coordinates":[[[-4.004289,39.815452],[-3.999468,39.81214],[-3.976741,39.814939],[-3.960379,39.793379],[-3.964489,39.76662],[-3.982309,39.756523],[-4.001609,39.750163],[-4.014053,39.749347],[-4.026286,39.753963],[-4.025756,39.754568],[-4.022474,39.761726],[-4.016847,39.765977],[-4.021093,39.782655],[-4.005958,39.800235],[-4.008401,39.807945],[-4.004289,39.815452]]]}},{"type":"Feature","properties":{"country":"ES","region":"Burujón","parent":"Toledo"},"geometry":{"type":"Polygon","coordinates":[[[-4.263468,39.913971],[-4.275301,39.885696],[-4.24949,39.864905],[-4.250827,39.84532],[-4.26062,39.834101],[-4.267035,39.836694],[-4.264418,39.846191],[-4.272339,39.852298],[-4.277994,39.865076],[-4.286178,39.868224],[-4.289473,39.861854],[-4.295234,39.86296],[-4.298923,39.862705],[-4.307368,39.864105],[-4.315856,39.864905],[-4.325472,39.866646],[-4.327755,39.870052],[-4.331824,39.875945],[-4.317166,39.884277],[-4.313663,39.890105],[-4.326813,39.912632],[-4.315894,39.919967],[-4.290179,39.927168],[-4.263468,39.913971]]]}},{"type":"Feature","properties":{"country":"ES","region":"Cabañas de la Sagra","parent":"Toledo"},"geometry":{"type":"Polygon","coordinates":[[[-3.966559,39.985786],[-3.965381,39.990112],[-3.976808,40.000688],[-3.97588,40.012884],[-3.955707,40.020717],[-3.959669,40.032556],[-3.956573,40.034782],[-3.954195,40.032235],[-3.940722,40.017802],[-3.926757,40.008153],[-3.929167,39.998694],[-3.93161,39.982766],[-3.947189,39.978652],[-3.942993,39.971417],[-3.950922,39.972422],[-3.950663,39.976901],[-3.954195,39.978875],[-3.966559,39.985786]]]}},{"type":"Feature","properties":{"country":"ES","region":"Camarenilla","parent":"Toledo"},"geometry":{"type":"Polygon","coordinates":[[[-4.12027,40.017383],[-4.121796,40.024529],[-4.12656,40.027871],[-4.123972,40.029518],[-4.09386,40.031972],[-4.081535,40.03876],[-4.06887,40.029876],[-4.062947,40.027676],[-4.062147,40.025511],[-4.061743,40.022005],[-4.061866,40.017819],[-4.061195,40.015582],[-4.06066,40.014051],[-4.053225,40.002095],[-4.057441,39.991196],[-4.052929,39.98538],[-4.068392,39.980355],[-4.089426,39.979563],[-4.093411,39.992585],[-4.12027,40.017383]]]}},{"type":"Feature","properties":{"country":"ES","region":"Valencina de la Concepción","parent":"Sevilla"},"geometry":{"type":"Polygon","coordinates":[[[-6.063101,37.454113],[-6.055097,37.433172],[-6.03564,37.428922],[-6.030245,37.423842],[-6.043684,37.415406],[-6.0582,37.411698],[-6.062273,37.399967],[-6.060871,37.393168],[-6.064493,37.389785],[-6.073837,37.394915],[-6.085394,37.394028],[-6.090505,37.399502],[-6.106845,37.401608],[-6.099664,37.408274],[-6.091745,37.42737],[-6.092295,37.445346],[-6.095075,37.451016],[-6.092979,37.454746],[-6.067975,37.456692],[-6.063101,37.454113]]]}},{"type":"Feature","properties":{"country":"ES","region":"Viso del Alcor, El","parent":"Sevilla"},"geometry":{"type":"Polygon","coordinates":[[[-5.688155,37.360748],[-5.695314,37.359807],[-5.703048,37.362722],[-5.721674,37.375363],[-5.723782,37.377089],[-5.728734,37.381897],[-5.734153,37.385778],[-5.739343,37.387773],[-5.742941,37.389601],[-5.749037,37.392986],[-5.751113,37.395103],[-5.753147,37.394853],[-5.755989,37.396424],[-5.721148,37.410069],[-5.699999,37.400924],[-5.670178,37.376848],[-5.688155,37.360748]]]}},{"type":"Feature","properties":{"country":"ES","region":"Casasbuenas","parent":"Toledo"},"geometry":{"type":"Polygon","coordinates":[[[-4.120658,39.791824],[-4.114541,39.796309],[-4.088984,39.794117],[-4.082282,39.783243],[-4.089103,39.769193],[-4.08377,39.764763],[-4.059871,39.757356],[-4.041205,39.740867],[-4.081464,39.748777],[-4.101797,39.747382],[-4.108964,39.74152],[-4.119585,39.741016],[-4.126608,39.746333],[-4.149802,39.752357],[-4.154677,39.763641],[-4.135774,39.782127],[-4.120658,39.791824]]]}},{"type":"Feature","properties":{"country":"ES","region":"Cobeja","parent":"Toledo"},"geometry":{"type":"Polygon","coordinates":[[[-3.861069,40.03586],[-3.852296,40.027731],[-3.842269,40.02362],[-3.816953,40.021454],[-3.819547,40.018316],[-3.816779,40.009709],[-3.844692,39.999563],[-3.841688,39.995202],[-3.841251,39.982516],[-3.856322,39.979271],[-3.856082,39.994338],[-3.879861,39.996539],[-3.894395,40.001297],[-3.89123,40.007262],[-3.879861,40.011744],[-3.877821,40.012549],[-3.861069,40.03586]]]}},{"type":"Feature","properties":{"country":"ES","region":"Cobisa","parent":"Toledo"},"geometry":{"type":"Polygon","coordinates":[[[-4.041737,39.793949],[-4.038894,39.805919],[-4.046217,39.816864],[-4.038682,39.820075],[-4.03002,39.818975],[-4.019325,39.825395],[-4.015848,39.821333],[-4.006094,39.819837],[-4.004289,39.815452],[-4.008401,39.807945],[-4.005958,39.800235],[-4.021093,39.782655],[-4.016847,39.765977],[-4.022474,39.761726],[-4.025756,39.754568],[-4.033407,39.765284],[-4.038501,39.783323],[-4.044342,39.788132],[-4.041737,39.793949]]]}},{"type":"Feature","properties":{"country":"ES","region":"Chueca","parent":"Toledo"},"geometry":{"type":"Polygon","coordinates":[[[-3.94972,39.714565],[-3.954195,39.714304],[-3.959498,39.713996],[-3.963866,39.72429],[-3.961623,39.735902],[-3.954195,39.744534],[-3.952455,39.746555],[-3.936313,39.74273],[-3.91429,39.724643],[-3.907104,39.716464],[-3.924367,39.717526],[-3.938777,39.712772],[-3.94972,39.714565]]]}},{"type":"Feature","properties":{"country":"ES","region":"Gerindote","parent":"Toledo"},"geometry":{"type":"Polygon","coordinates":[[[-4.263468,39.913971],[-4.290179,39.927168],[-4.315894,39.919967],[-4.32112,39.924893],[-4.297383,39.936433],[-4.306069,39.95302],[-4.317844,39.95748],[-4.32761,39.956901],[-4.329664,39.96245],[-4.338155,39.966526],[-4.319542,39.968998],[-4.310644,39.975795],[-4.296766,39.972955],[-4.274536,39.962457],[-4.248137,39.967193],[-4.242263,39.958999],[-4.224903,39.954604],[-4.210706,39.949031],[-4.210116,39.930128],[-4.216083,39.917362],[-4.242263,39.91078],[-4.245633,39.909933],[-4.263468,39.913971]]]}},{"type":"Feature","properties":{"country":"ES","region":"Guadamur","parent":"Toledo"},"geometry":{"type":"MultiPolygon","coordinates":[[[[-4.135774,39.782127],[-4.143682,39.78423],[-4.155477,39.797138],[-4.169809,39.807452],[-4.186679,39.804161],[-4.196395,39.807325],[-4.198534,39.815687],[-4.196056,39.827231],[-4.190734,39.833454],[-4.17861,39.84004],[-4.169969,39.837665],[-4.156201,39.839701],[-4.151254,39.833681],[-4.134116,39.827662],[-4.113753,39.840449],[-4.108337,39.835748],[-4.106791,39.829386],[-4.095863,39.826202],[-4.095115,39.820478],[-4.091836,39.817869],[-4.112493,39.811338],[-4.120037,39.801957],[-4.128468,39.800484],[-4.120658,39.791824],[-4.135774,39.782127]]],[[[-4.152945,39.87885],[-4.151917,39.884964],[-4.137137,39.88651],[-4.124188,39.870516],[-4.130521,39.864905],[-4.132389,39.864139],[-4.140929,39.863006],[-4.148947,39.864905],[-4.150534,39.866618],[-4.156004,39.870777],[-4.152945,39.87885]]]]}},{"type":"Feature","properties":{"country":"ES","region":"Guardia, La","parent":"Toledo"},"geometry":{"type":"MultiPolygon","coordinates":[[[[-3.53612,39.744697],[-3.540689,39.745296],[-3.543733,39.746483],[-3.547871,39.745869],[-3.553699,39.746219],[-3.55686,39.743015],[-3.558556,39.742214],[-3.563092,39.741325],[-3.564386,39.739879],[-3.566407,39.738823],[-3.573992,39.738571],[-3.579188,39.737427],[-3.58156,39.736496],[-3.584365,39.73415],[-3.588779,39.728973],[-3.591178,39.727012],[-3.593673,39.725471],[-3.597824,39.723728],[-3.613859,39.733475],[-3.611768,39.749577],[-3.619868,39.762393],[-3.64296,39.773328],[-3.65936,39.775985],[-3.656339,39.782177],[-3.657947,39.790516],[-3.647744,39.801609],[-3.625215,39.800081],[-3.606684,39.792213],[-3.562191,39.778754],[-3.546182,39.776801],[-3.53591,39.779317],[-3.528113,39.786319],[-3.5141,39.832637],[-3.506662,39.842219],[-3.446478,39.846274],[-3.413597,39.833625],[-3.401397,39.824142],[-3.376064,39.817266],[-3.360172,39.819071],[-3.354639,39.797261],[-3.350861,39.792591],[-3.3489,39.785595],[-3.351194,39.784523],[-3.353669,39.782101],[-3.357366,39.780811],[-3.361001,39.777446],[-3.365989,39.777359],[-3.368806,39.777893],[-3.3728,39.778198],[-3.376187,39.778011],[-3.379157,39.778633],[-3.388467,39.777295],[-3.399275,39.783539],[-3.405234,39.781517],[-3.411294,39.77593],[-3.424038,39.752832],[-3.438215,39.753116],[-3.491317,39.744679],[-3.519825,39.747486],[-3.53612,39.744697]]],[[[-3.794379,39.865242],[-3.759253,39.862362],[-3.751249,39.857451],[-3.745229,39.847152],[-3.750701,39.842163],[-3.765619,39.839164],[-3.779246,39.824919],[-3.765915,39.813493],[-3.765899,39.805401],[-3.77584,39.807116],[-3.79157,39.804573],[-3.808541,39.812879],[-3.81312,39.811531],[-3.817111,39.82066],[-3.813338,39.838679],[-3.801816,39.850424],[-3.794379,39.865242]]]]}},{"type":"Feature","properties":{"country":"ES","region":"Huecas","parent":"Toledo"},"geometry":{"type":"Polygon","coordinates":[[[-4.230272,40.006],[-4.221999,40.026725],[-4.221516,40.043758],[-4.217011,40.039421],[-4.205045,40.037304],[-4.197976,40.042934],[-4.185943,40.041602],[-4.17055,40.024428],[-4.174037,40.016764],[-4.167401,40.011955],[-4.174341,40.003706],[-4.170036,39.986864],[-4.175787,39.981422],[-4.1753,39.978588],[-4.196311,39.982937],[-4.210384,39.981002],[-4.214041,39.990878],[-4.230272,40.006]]]}},{"type":"Feature","properties":{"country":"ES","region":"Layos","parent":"Toledo"},"geometry":{"type":"Polygon","coordinates":[[[-4.041737,39.793949],[-4.044342,39.788132],[-4.038501,39.783323],[-4.033407,39.765284],[-4.025756,39.754568],[-4.026286,39.753963],[-4.03696,39.748352],[-4.033889,39.739883],[-4.036176,39.733082],[-4.040067,39.737369],[-4.039375,39.739361],[-4.041205,39.740867],[-4.059871,39.757356],[-4.08377,39.764763],[-4.089103,39.769193],[-4.082282,39.783243],[-4.088984,39.794117],[-4.076547,39.788986],[-4.041737,39.793949]]]}},{"type":"Feature","properties":{"country":"ES","region":"Magán","parent":"Toledo"},"geometry":{"type":"Polygon","coordinates":[[[-3.94422,39.930308],[-3.948625,39.935074],[-3.954195,39.936965],[-3.959086,39.938626],[-3.967922,39.954561],[-3.965344,39.963351],[-3.974836,39.973366],[-3.966559,39.985786],[-3.954195,39.978875],[-3.950663,39.976901],[-3.950922,39.972422],[-3.942993,39.971417],[-3.947189,39.978652],[-3.93161,39.982766],[-3.929167,39.998694],[-3.925524,39.997991],[-3.922002,39.996798],[-3.910869,39.996507],[-3.903166,39.994809],[-3.900282,39.998142],[-3.898213,39.99541],[-3.900099,39.972357],[-3.891802,39.958043],[-3.896662,39.953508],[-3.914173,39.952362],[-3.925962,39.946841],[-3.935307,39.940631],[-3.937128,39.931526],[-3.94422,39.930308]]]}},{"type":"Feature","properties":{"country":"ES","region":"Mascaraque","parent":"Toledo"},"geometry":{"type":"Polygon","coordinates":[[[-3.81312,39.811531],[-3.808541,39.812879],[-3.79157,39.804573],[-3.77584,39.807116],[-3.765899,39.805401],[-3.769455,39.783382],[-3.758855,39.78305],[-3.748563,39.778283],[-3.738481,39.764934],[-3.756878,39.747798],[-3.78023,39.73649],[-3.790696,39.721637],[-3.785325,39.715886],[-3.786975,39.710469],[-3.818654,39.694898],[-3.827614,39.681867],[-3.83718,39.674488],[-3.854219,39.681112],[-3.858527,39.686523],[-3.85291,39.69199],[-3.853285,39.70542],[-3.848155,39.710777],[-3.850408,39.718415],[-3.857902,39.725937],[-3.844069,39.736937],[-3.813301,39.743761],[-3.808987,39.748548],[-3.808947,39.767603],[-3.79088,39.769371],[-3.794137,39.774794],[-3.805778,39.772562],[-3.814063,39.777777],[-3.81312,39.811531]]]}},{"type":"Feature","properties":{"country":"ES","region":"Alcañiz","parent":"Teruel"},"geometry":{"type":"Polygon","coordinates":[[[-0.376203,40.983566],[-0.372137,40.994078],[-0.365763,40.999567],[-0.362319,41.016221],[-0.356257,41.022484],[-0.344946,41.025447],[-0.343398,41.033287],[-0.341012,41.062994],[-0.323686,41.08935],[-0.302561,41.095165],[-0.309161,41.101322],[-0.292068,41.112191],[-0.26966,41.13479],[-0.231716,41.1481],[-0.229244,41.155524],[-0.236323,41.173121],[-0.2248,41.17995],[-0.216487,41.190307],[-0.215337,41.190719],[-0.204657,41.19175],[-0.179949,41.187565],[-0.150158,41.173774],[-0.12275,41.156916],[-0.101935,41.149564],[-0.079556,41.150538],[-0.070108,41.143668],[-0.051329,41.137722],[-0.03782,41.129403],[-0.025017,41.127486],[-0.012176,41.120247],[-0.007637,41.102303],[-0.001575,41.092033],[0.024394,41.064981],[0.036972,41.04657],[0.026553,41.041649],[0.003358,41.043743],[-0.022116,41.032345],[-0.043324,41.03099],[-0.055301,41.019272],[-0.053507,41.008842],[-0.068513,40.988708],[-0.089835,40.990079],[-0.097968,40.987425],[-0.124261,40.9901],[-0.129782,40.980334],[-0.14153,40.984824],[-0.139843,40.991974],[-0.145707,41.001576],[-0.159927,41.004471],[-0.167686,40.999891],[-0.177636,40.975513],[-0.210779,40.991737],[-0.246772,41.004803],[-0.269825,41.007979],[-0.289959,41.004745],[-0.301014,41.004555],[-0.338653,40.989883],[-0.376203,40.983566]]]}},{"type":"Feature","properties":{"country":"ES","region":"Alcorisa","parent":"Teruel"},"geometry":{"type":"Polygon","coordinates":[[[-0.447432,40.868922],[-0.456859,40.88049],[-0.457476,40.885252],[-0.445104,40.891338],[-0.43672,40.909654],[-0.427879,40.921452],[-0.448891,40.931616],[-0.470283,40.947761],[-0.462245,40.946064],[-0.453168,40.945781],[-0.449372,40.944427],[-0.438044,40.944015],[-0.42605,40.943016],[-0.419803,40.945633],[-0.412676,40.943863],[-0.393397,40.944164],[-0.387529,40.946888],[-0.383644,40.952313],[-0.384591,40.956604],[-0.382667,40.962009],[-0.382288,40.967087],[-0.377677,40.975178],[-0.376203,40.983566],[-0.338653,40.989883],[-0.301014,41.004555],[-0.289959,41.004745],[-0.312848,40.992075],[-0.32328,40.981966],[-0.322169,40.954277],[-0.313001,40.950957],[-0.307804,40.942249],[-0.318802,40.936476],[-0.319103,40.927199],[-0.31592,40.919077],[-0.3216,40.915823],[-0.321608,40.911003],[-0.308509,40.897166],[-0.303544,40.895773],[-0.296262,40.898397],[-0.292785,40.895828],[-0.292519,40.890638],[-0.305746,40.885641],[-0.304742,40.880508],[-0.30621,40.871469],[-0.315467,40.867661],[-0.317299,40.86256],[-0.326936,40.861309],[-0.33188,40.861133],[-0.341236,40.86614],[-0.355671,40.864401],[-0.366385,40.868935],[-0.383988,40.869602],[-0.392354,40.876413],[-0.420146,40.874115],[-0.42542,40.876932],[-0.447432,40.868922]]]}},{"type":"Feature","properties":{"country":"ES","region":"Andorra","parent":"Teruel"},"geometry":{"type":"Polygon","coordinates":[[[-0.517019,41.045581],[-0.499271,41.041207],[-0.482608,41.048676],[-0.477717,41.049106],[-0.47042,41.053268],[-0.466128,41.066822],[-0.461656,41.074485],[-0.458769,41.081447],[-0.451737,41.086597],[-0.449324,41.087703],[-0.420139,41.083188],[-0.390221,41.058897],[-0.381412,41.056806],[-0.361547,41.041519],[-0.343398,41.033287],[-0.344946,41.025447],[-0.356257,41.022484],[-0.362319,41.016221],[-0.365763,40.999567],[-0.372137,40.994078],[-0.376203,40.983566],[-0.377677,40.975178],[-0.382288,40.967087],[-0.382667,40.962009],[-0.384591,40.956604],[-0.383644,40.952313],[-0.387529,40.946888],[-0.393397,40.944164],[-0.412676,40.943863],[-0.419803,40.945633],[-0.42605,40.943016],[-0.438044,40.944015],[-0.449372,40.944427],[-0.453168,40.945781],[-0.462245,40.946064],[-0.470283,40.947761],[-0.480575,40.982268],[-0.47702,41.000492],[-0.482608,41.00418],[-0.487924,41.00634],[-0.495275,41.008785],[-0.501975,41.014606],[-0.507789,41.01839],[-0.527315,41.023197],[-0.521848,41.039913],[-0.517019,41.045581]]]}},{"type":"Feature","properties":{"country":"ES","region":"Mazarambroz","parent":"Toledo"},"geometry":{"type":"Polygon","coordinates":[[[-4.130828,39.716678],[-4.112041,39.72842],[-4.108964,39.74152],[-4.101797,39.747382],[-4.081464,39.748777],[-4.041205,39.740867],[-4.039375,39.739361],[-4.040067,39.737369],[-4.036176,39.733082],[-4.022363,39.72785],[-3.99935,39.699636],[-3.999477,39.691223],[-4.007277,39.673146],[-4.020484,39.660556],[-4.029605,39.656641],[-4.044931,39.656648],[-4.048062,39.651354],[-4.045523,39.64107],[-4.037463,39.628636],[-4.029052,39.622904],[-4.02365,39.598845],[-4.017787,39.59187],[-3.994844,39.592806],[-3.986735,39.601812],[-3.973179,39.60797],[-3.970866,39.583351],[-3.966976,39.576652],[-3.963233,39.57122],[-3.96743,39.567319],[-3.984748,39.571509],[-4.01999,39.570558],[-4.041801,39.575393],[-4.12376,39.563872],[-4.137716,39.566077],[-4.158755,39.576801],[-4.170038,39.585426],[-4.178388,39.606345],[-4.179601,39.618605],[-4.176257,39.627235],[-4.165692,39.631244],[-4.141824,39.649627],[-4.123076,39.669539],[-4.118923,39.682605],[-4.119295,39.694476],[-4.134565,39.70881],[-4.130828,39.716678]]]}},{"type":"Feature","properties":{"country":"ES","region":"Mocejón","parent":"Toledo"},"geometry":{"type":"Polygon","coordinates":[[[-3.875427,39.910685],[-3.879861,39.909441],[-3.887365,39.907877],[-3.900548,39.910483],[-3.905539,39.906474],[-3.913987,39.911782],[-3.918845,39.907477],[-3.918628,39.898719],[-3.928418,39.895449],[-3.937082,39.901729],[-3.940479,39.898464],[-3.940254,39.891462],[-3.944278,39.888876],[-3.948509,39.901422],[-3.945184,39.91717],[-3.944579,39.920602],[-3.944458,39.922767],[-3.943295,39.928351],[-3.94422,39.930308],[-3.937128,39.931526],[-3.935307,39.940631],[-3.925962,39.946841],[-3.914173,39.952362],[-3.896662,39.953508],[-3.894533,39.952797],[-3.889546,39.95263],[-3.884523,39.951396],[-3.879861,39.9495],[-3.877865,39.948689],[-3.872175,39.948261],[-3.871508,39.943213],[-3.869438,39.936495],[-3.866379,39.931398],[-3.874315,39.928195],[-3.868312,39.917779],[-3.875427,39.910685]]]}},{"type":"Feature","properties":{"country":"ES","region":"Nambroca","parent":"Toledo"},"geometry":{"type":"Polygon","coordinates":[[[-3.952455,39.746555],[-3.954195,39.748584],[-3.962511,39.75828],[-3.964489,39.76662],[-3.960379,39.793379],[-3.976741,39.814939],[-3.9661,39.815016],[-3.958154,39.820138],[-3.968468,39.833365],[-3.954195,39.833127],[-3.943428,39.832948],[-3.942552,39.841476],[-3.937079,39.850793],[-3.927316,39.850669],[-3.906638,39.840514],[-3.892211,39.852207],[-3.879861,39.85359],[-3.877614,39.848172],[-3.872363,39.845832],[-3.858954,39.847615],[-3.853249,39.835683],[-3.873105,39.827891],[-3.877219,39.823665],[-3.866735,39.815344],[-3.860114,39.801622],[-3.86151,39.793906],[-3.879861,39.789882],[-3.882006,39.789412],[-3.906418,39.789812],[-3.908163,39.774513],[-3.894954,39.758514],[-3.901884,39.747669],[-3.90341,39.733446],[-3.905935,39.730836],[-3.912135,39.731608],[-3.91429,39.724643],[-3.936313,39.74273],[-3.952455,39.746555]]]}},{"type":"Feature","properties":{"country":"ES","region":"Belmonte de San José","parent":"Teruel"},"geometry":{"type":"Polygon","coordinates":[[[-0.109444,40.879142],[-0.096026,40.886018],[-0.090214,40.894938],[-0.085145,40.89663],[-0.088562,40.919326],[-0.035342,40.908728],[-0.029564,40.904922],[-0.033017,40.890411],[-0.026914,40.875329],[-0.034902,40.851093],[-0.04754,40.848563],[-0.075381,40.855251],[-0.085792,40.867564],[-0.109444,40.879142]]]}},{"type":"Feature","properties":{"country":"ES","region":"Noez","parent":"Toledo"},"geometry":{"type":"Polygon","coordinates":[[[-4.154677,39.763641],[-4.149802,39.752357],[-4.126608,39.746333],[-4.119585,39.741016],[-4.108964,39.74152],[-4.112041,39.72842],[-4.130828,39.716678],[-4.177285,39.708137],[-4.185354,39.710262],[-4.194049,39.725092],[-4.205661,39.737275],[-4.208423,39.746753],[-4.213638,39.75513],[-4.206392,39.763451],[-4.172327,39.756121],[-4.154677,39.763641]]]}},{"type":"Feature","properties":{"country":"ES","region":"Olías del Rey","parent":"Toledo"},"geometry":{"type":"Polygon","coordinates":[[[-4.013204,39.909869],[-4.013849,39.918051],[-4.008865,39.924937],[-4.014055,39.980284],[-4.011209,39.98487],[-3.997989,39.987191],[-3.994163,39.993253],[-3.976808,40.000688],[-3.965381,39.990112],[-3.966559,39.985786],[-3.974836,39.973366],[-3.965344,39.963351],[-3.967922,39.954561],[-3.959086,39.938626],[-3.954195,39.936965],[-3.948625,39.935074],[-3.94422,39.930308],[-3.943295,39.928351],[-3.944458,39.922767],[-3.944579,39.920602],[-3.945184,39.91717],[-3.954195,39.915483],[-3.978743,39.910886],[-3.98445,39.905049],[-3.992124,39.908344],[-3.99397,39.91359],[-4.007296,39.908061],[-4.013204,39.909869]]]}},{"type":"Feature","properties":{"country":"ES","region":"Calanda","parent":"Teruel"},"geometry":{"type":"Polygon","coordinates":[[[-0.215717,40.892044],[-0.22585,40.898794],[-0.218574,40.905666],[-0.220375,40.921246],[-0.249639,40.923839],[-0.260953,40.927375],[-0.270168,40.937889],[-0.272776,40.949669],[-0.307804,40.942249],[-0.313001,40.950957],[-0.322169,40.954277],[-0.32328,40.981966],[-0.312848,40.992075],[-0.289959,41.004745],[-0.269825,41.007979],[-0.246772,41.004803],[-0.210779,40.991737],[-0.177636,40.975513],[-0.177374,40.963703],[-0.168078,40.952701],[-0.173378,40.939089],[-0.152961,40.919224],[-0.154091,40.905373],[-0.15086,40.901795],[-0.148757,40.88776],[-0.163667,40.885605],[-0.189354,40.890871],[-0.205598,40.888606],[-0.215717,40.892044]]]}},{"type":"Feature","properties":{"country":"ES","region":"Castelnou","parent":"Teruel"},"geometry":{"type":"Polygon","coordinates":[[[-0.378257,41.265414],[-0.34887,41.24703],[-0.34569,41.241163],[-0.326229,41.245421],[-0.323593,41.254109],[-0.314527,41.255615],[-0.279712,41.22767],[-0.268573,41.214815],[-0.281314,41.213252],[-0.296016,41.215379],[-0.310932,41.212125],[-0.335688,41.219646],[-0.345907,41.214394],[-0.354188,41.213892],[-0.368137,41.217012],[-0.374757,41.221958],[-0.371738,41.224298],[-0.373518,41.226869],[-0.393346,41.23297],[-0.397854,41.2493],[-0.398098,41.269516],[-0.391344,41.267654],[-0.38581,41.265442],[-0.38355,41.265236],[-0.381592,41.264679],[-0.378257,41.265414]]]}},{"type":"Feature","properties":{"country":"ES","region":"Castelserás","parent":"Teruel"},"geometry":{"type":"Polygon","coordinates":[[[-0.177636,40.975513],[-0.167686,40.999891],[-0.159927,41.004471],[-0.145707,41.001576],[-0.139843,40.991974],[-0.14153,40.984824],[-0.129782,40.980334],[-0.125985,40.974215],[-0.096787,40.953506],[-0.09601,40.945011],[-0.116218,40.941199],[-0.137671,40.949906],[-0.143751,40.948988],[-0.152961,40.919224],[-0.173378,40.939089],[-0.168078,40.952701],[-0.177374,40.963703],[-0.177636,40.975513]]]}},{"type":"Feature","properties":{"country":"ES","region":"Polán","parent":"Toledo"},"geometry":{"type":"Polygon","coordinates":[[[-4.289473,39.861854],[-4.286178,39.868224],[-4.277994,39.865076],[-4.272339,39.852298],[-4.264418,39.846191],[-4.267035,39.836694],[-4.26062,39.834101],[-4.250827,39.84532],[-4.24949,39.864905],[-4.244268,39.865833],[-4.242263,39.863791],[-4.234547,39.855928],[-4.224292,39.854128],[-4.220398,39.857566],[-4.224109,39.86491],[-4.219991,39.870438],[-4.210377,39.870968],[-4.205993,39.863528],[-4.201263,39.862544],[-4.183917,39.87297],[-4.181049,39.86781],[-4.177391,39.864905],[-4.173516,39.860737],[-4.17437,39.857853],[-4.177333,39.851328],[-4.17954,39.846883],[-4.179294,39.842259],[-4.17861,39.84004],[-4.190734,39.833454],[-4.196056,39.827231],[-4.198534,39.815687],[-4.196395,39.807325],[-4.186679,39.804161],[-4.169809,39.807452],[-4.155477,39.797138],[-4.143682,39.78423],[-4.135774,39.782127],[-4.154677,39.763641],[-4.172327,39.756121],[-4.206392,39.763451],[-4.213638,39.75513],[-4.208423,39.746753],[-4.240023,39.724162],[-4.242263,39.724793],[-4.25059,39.727138],[-4.263122,39.733111],[-4.263207,39.739655],[-4.277509,39.753681],[-4.303447,39.767185],[-4.302838,39.782902],[-4.326597,39.774076],[-4.331003,39.769981],[-4.339866,39.769788],[-4.347475,39.773873],[-4.362523,39.802399],[-4.362353,39.810275],[-4.337327,39.818494],[-4.32072,39.803742],[-4.313818,39.803982],[-4.311005,39.808081],[-4.31228,39.816559],[-4.309698,39.821595],[-4.288545,39.829504],[-4.299899,39.840037],[-4.289458,39.847664],[-4.289473,39.861854]]]}},{"type":"Feature","properties":{"country":"ES","region":"Recas","parent":"Toledo"},"geometry":{"type":"MultiPolygon","coordinates":[[[[-3.958753,40.047733],[-3.958161,40.04558],[-3.958023,40.041935],[-3.971229,40.046968],[-3.97756,40.042973],[-3.997545,40.039841],[-4.021891,40.044158],[-4.027798,40.035971],[-4.040025,40.032494],[-4.041922,40.032581],[-4.042335,40.035735],[-4.048618,40.0334],[-4.052201,40.030805],[-4.05768,40.028227],[-4.062947,40.027676],[-4.06887,40.029876],[-4.060213,40.035298],[-4.062577,40.039244],[-4.060714,40.04343],[-4.043714,40.050808],[-4.05169,40.057314],[-4.052486,40.064056],[-4.052862,40.065693],[-4.033788,40.068236],[-4.027642,40.084575],[-4.02738,40.076386],[-4.022981,40.071801],[-4.002242,40.07208],[-3.99467,40.075237],[-3.985643,40.066171],[-3.957779,40.066795],[-3.953904,40.057729],[-3.958264,40.05316],[-3.958753,40.047733]]],[[[-4.061195,40.015582],[-4.048311,40.017355],[-4.035609,40.028372],[-4.031513,40.025966],[-4.028911,40.016395],[-4.035266,40.01252],[-4.035841,40.008112],[-4.036192,40.003164],[-4.039071,40.002615],[-4.06066,40.014051],[-4.061195,40.015582]]]]}},{"type":"Feature","properties":{"country":"ES","region":"Rielves","parent":"Toledo"},"geometry":{"type":"Polygon","coordinates":[[[-4.210384,39.981002],[-4.196311,39.982937],[-4.1753,39.978588],[-4.173384,39.976761],[-4.16779,39.97287],[-4.157609,39.961502],[-4.15402,39.957627],[-4.156165,39.955221],[-4.153894,39.948143],[-4.16183,39.947754],[-4.16941,39.939659],[-4.165336,39.933857],[-4.159916,39.912882],[-4.175408,39.911932],[-4.179283,39.907686],[-4.187672,39.910763],[-4.209655,39.910883],[-4.216083,39.917362],[-4.210116,39.930128],[-4.210706,39.949031],[-4.224903,39.954604],[-4.212193,39.956557],[-4.216858,39.964693],[-4.209868,39.966927],[-4.208057,39.973764],[-4.210384,39.981002]]]}},{"type":"Feature","properties":{"country":"ES","region":"Codoñera, La","parent":"Teruel"},"geometry":{"type":"Polygon","coordinates":[[[-0.030236,40.934463],[-0.019068,40.924782],[-0.019684,40.915654],[-0.029564,40.904922],[-0.035342,40.908728],[-0.088562,40.919326],[-0.097351,40.928246],[-0.09601,40.945011],[-0.056119,40.948232],[-0.038341,40.935951],[-0.030236,40.934463]]]}},{"type":"Feature","properties":{"country":"ES","region":"Fórnoles","parent":"Teruel"},"geometry":{"type":"Polygon","coordinates":[[[0.023962,40.884578],[0.014444,40.874958],[0.00027,40.871805],[-0.03004,40.850737],[-0.034902,40.851093],[-0.026914,40.875329],[-0.033017,40.890411],[-0.029564,40.904922],[-0.019684,40.915654],[-0.019068,40.924782],[-0.011717,40.928994],[-5e-06,40.928876],[0.026399,40.938537],[0.03147,40.914667],[0.028346,40.897956],[0.025906,40.893642],[0.025055,40.890865],[0.023962,40.884578]]]}},{"type":"Feature","properties":{"country":"ES","region":"Foz-Calanda","parent":"Teruel"},"geometry":{"type":"Polygon","coordinates":[[[-0.292785,40.895828],[-0.296262,40.898397],[-0.303544,40.895773],[-0.308509,40.897166],[-0.321608,40.911003],[-0.3216,40.915823],[-0.31592,40.919077],[-0.319103,40.927199],[-0.318802,40.936476],[-0.307804,40.942249],[-0.272776,40.949669],[-0.270168,40.937889],[-0.260953,40.927375],[-0.249639,40.923839],[-0.220375,40.921246],[-0.218574,40.905666],[-0.22585,40.898794],[-0.215717,40.892044],[-0.224452,40.886314],[-0.255421,40.893187],[-0.282896,40.893318],[-0.292785,40.895828]]]}},{"type":"Feature","properties":{"country":"ES","region":"Fresneda, La","parent":"Teruel"},"geometry":{"type":"Polygon","coordinates":[[[0.103473,40.918525],[0.099891,40.905447],[0.10413,40.900604],[0.102951,40.89851],[0.10134,40.897563],[0.097113,40.897037],[0.092869,40.895855],[0.087112,40.895836],[0.082819,40.89516],[0.076785,40.895321],[0.072196,40.895958],[0.06975,40.896957],[0.064413,40.897586],[0.058994,40.900757],[0.052865,40.901207],[0.04492,40.903473],[0.042489,40.904796],[0.028346,40.897956],[0.03147,40.914667],[0.026399,40.938537],[0.031737,40.947627],[0.040191,40.951879],[0.046333,40.96206],[0.075402,40.957908],[0.078439,40.958809],[0.081652,40.957145],[0.081175,40.95533],[0.082732,40.9533],[0.093954,40.954231],[0.098468,40.954975],[0.104859,40.955215],[0.102255,40.953403],[0.099847,40.947605],[0.10001,40.945541],[0.103733,40.938019],[0.103689,40.932785],[0.104853,40.926731],[0.103304,40.921295],[0.103473,40.918525]]]}},{"type":"Feature","properties":{"country":"ES","region":"Ginebrosa, La","parent":"Teruel"},"geometry":{"type":"Polygon","coordinates":[[[-0.118412,40.832676],[-0.11866,40.83023],[-0.119534,40.827587],[-0.123848,40.817779],[-0.125558,40.810562],[-0.126642,40.808803],[-0.13231,40.791969],[-0.139445,40.790365],[-0.144476,40.785442],[-0.149743,40.794543],[-0.16311,40.799967],[-0.159557,40.809585],[-0.169511,40.819876],[-0.181581,40.841388],[-0.197207,40.849156],[-0.214537,40.8694],[-0.218454,40.852501],[-0.23095,40.858482],[-0.243906,40.860306],[-0.260629,40.867849],[-0.304742,40.880508],[-0.305746,40.885641],[-0.292519,40.890638],[-0.292785,40.895828],[-0.282896,40.893318],[-0.255421,40.893187],[-0.224452,40.886314],[-0.215717,40.892044],[-0.205598,40.888606],[-0.189354,40.890871],[-0.163667,40.885605],[-0.148757,40.88776],[-0.121766,40.885455],[-0.111137,40.879768],[-0.117983,40.868305],[-0.115383,40.856323],[-0.114006,40.847091],[-0.114873,40.842396],[-0.118412,40.832676]]]}},{"type":"Feature","properties":{"country":"ES","region":"Híjar","parent":"Teruel"},"geometry":{"type":"Polygon","coordinates":[[[-0.343398,41.033287],[-0.361547,41.041519],[-0.381412,41.056806],[-0.390221,41.058897],[-0.420139,41.083188],[-0.449324,41.087703],[-0.46054,41.099546],[-0.457736,41.115947],[-0.452501,41.122108],[-0.439002,41.125576],[-0.434133,41.137487],[-0.451915,41.164151],[-0.477625,41.180109],[-0.480412,41.187132],[-0.479141,41.194137],[-0.482608,41.196159],[-0.48648,41.197189],[-0.489969,41.202293],[-0.494859,41.20166],[-0.503885,41.198909],[-0.519144,41.203437],[-0.537887,41.206146],[-0.544725,41.19899],[-0.548084,41.193645],[-0.598026,41.207264],[-0.6024,41.205059],[-0.604656,41.203064],[-0.608959,41.198837],[-0.611324,41.194816],[-0.623468,41.20014],[-0.640017,41.217738],[-0.66918,41.236843],[-0.66555,41.238907],[-0.663111,41.239406],[-0.656145,41.238334],[-0.650967,41.237961],[-0.642742,41.238361],[-0.637513,41.24179],[-0.627003,41.246998],[-0.62542,41.248172],[-0.593218,41.237831],[-0.584625,41.236664],[-0.573328,41.236225],[-0.569867,41.236458],[-0.562314,41.235946],[-0.556891,41.233536],[-0.553014,41.23286],[-0.549055,41.230606],[-0.546637,41.228237],[-0.533754,41.226917],[-0.523857,41.225878],[-0.50095,41.22971],[-0.485993,41.226067],[-0.482608,41.218398],[-0.469864,41.207894],[-0.448701,41.196236],[-0.437891,41.196236],[-0.428206,41.201046],[-0.42522,41.190529],[-0.426683,41.188228],[-0.427426,41.18597],[-0.425223,41.185299],[-0.421781,41.179104],[-0.408742,41.162742],[-0.394237,41.151897],[-0.378202,41.142219],[-0.352976,41.133427],[-0.337676,41.118168],[-0.325125,41.106682],[-0.313965,41.102657],[-0.309161,41.101322],[-0.302561,41.095165],[-0.323686,41.08935],[-0.341012,41.062994],[-0.343398,41.033287]]]}},{"type":"Feature","properties":{"country":"ES","region":"Toledo","parent":"Toledo"},"geometry":{"type":"Polygon","coordinates":[[[-4.17861,39.84004],[-4.179294,39.842259],[-4.17954,39.846883],[-4.177333,39.851328],[-4.17437,39.857853],[-4.173516,39.860737],[-4.170017,39.86156],[-4.16473,39.863366],[-4.163573,39.864905],[-4.156004,39.870777],[-4.150534,39.866618],[-4.148947,39.864905],[-4.140929,39.863006],[-4.132389,39.864139],[-4.130521,39.864905],[-4.124188,39.870516],[-4.137137,39.88651],[-4.151917,39.884964],[-4.152945,39.87885],[-4.160219,39.878],[-4.169452,39.881982],[-4.170322,39.891012],[-4.163409,39.903302],[-4.174623,39.90441],[-4.179283,39.907686],[-4.175408,39.911932],[-4.159916,39.912882],[-4.156267,39.907789],[-4.120247,39.909852],[-4.097999,39.907641],[-4.090969,39.903864],[-4.086123,39.912776],[-4.090376,39.918115],[-4.081783,39.918252],[-4.076597,39.924719],[-4.054246,39.921231],[-4.049494,39.914789],[-4.033713,39.907759],[-4.023677,39.906385],[-4.013204,39.909869],[-4.007296,39.908061],[-3.99397,39.91359],[-3.992124,39.908344],[-3.98445,39.905049],[-3.978743,39.910886],[-3.954195,39.915483],[-3.945184,39.91717],[-3.948509,39.901422],[-3.944278,39.888876],[-3.940254,39.891462],[-3.940479,39.898464],[-3.937082,39.901729],[-3.928418,39.895449],[-3.918628,39.898719],[-3.918845,39.907477],[-3.913987,39.911782],[-3.905539,39.906474],[-3.900548,39.910483],[-3.887365,39.907877],[-3.879861,39.909441],[-3.875427,39.910685],[-3.862283,39.903319],[-3.834132,39.899625],[-3.814893,39.885742],[-3.824929,39.88083],[-3.839304,39.882302],[-3.859248,39.879572],[-3.865573,39.874031],[-3.864884,39.864905],[-3.857706,39.858259],[-3.858954,39.847615],[-3.872363,39.845832],[-3.877614,39.848172],[-3.879861,39.85359],[-3.892211,39.852207],[-3.906638,39.840514],[-3.927316,39.850669],[-3.937079,39.850793],[-3.942552,39.841476],[-3.943428,39.832948],[-3.954195,39.833127],[-3.968468,39.833365],[-3.958154,39.820138],[-3.9661,39.815016],[-3.976741,39.814939],[-3.999468,39.81214],[-4.004289,39.815452],[-4.006094,39.819837],[-4.015848,39.821333],[-4.019325,39.825395],[-4.03002,39.818975],[-4.038682,39.820075],[-4.046217,39.816864],[-4.051099,39.825294],[-4.05817,39.823537],[-4.068281,39.826252],[-4.082132,39.817707],[-4.091836,39.817869],[-4.095115,39.820478],[-4.095863,39.826202],[-4.106791,39.829386],[-4.108337,39.835748],[-4.113753,39.840449],[-4.134116,39.827662],[-4.151254,39.833681],[-4.156201,39.839701],[-4.169969,39.837665],[-4.17861,39.84004]]]}},{"type":"Feature","properties":{"country":"ES","region":"Mazaleón","parent":"Teruel"},"geometry":{"type":"Polygon","coordinates":[[[0.145912,41.063041],[0.147542,41.046568],[0.137643,41.025542],[0.136454,41.00972],[0.130574,41.002945],[0.144699,40.992638],[0.145906,40.979744],[0.142249,40.97743],[0.129343,40.984026],[0.115985,40.981342],[0.108606,40.986185],[0.052306,40.996792],[0.044426,40.99527],[0.038661,40.998115],[0.029701,41.0047],[0.026009,41.00795],[0.020548,41.038617],[0.026553,41.041649],[0.036972,41.04657],[0.050985,41.054697],[0.058538,41.075292],[0.077461,41.080045],[0.116137,41.077117],[0.145912,41.063041]]]}},{"type":"Feature","properties":{"country":"ES","region":"Villaluenga de la Sagra","parent":"Toledo"},"geometry":{"type":"Polygon","coordinates":[[[-3.956573,40.034782],[-3.958023,40.041935],[-3.958161,40.04558],[-3.958753,40.047733],[-3.956386,40.047248],[-3.954195,40.047032],[-3.91948,40.043603],[-3.903063,40.036575],[-3.900156,40.031546],[-3.886705,40.033129],[-3.879861,40.038877],[-3.873095,40.045528],[-3.861069,40.03586],[-3.877821,40.012549],[-3.879861,40.011744],[-3.89123,40.007262],[-3.894395,40.001297],[-3.89651,40.000671],[-3.900282,39.998142],[-3.903166,39.994809],[-3.910869,39.996507],[-3.922002,39.996798],[-3.925524,39.997991],[-3.929167,39.998694],[-3.926757,40.008153],[-3.940722,40.017802],[-3.954195,40.032235],[-3.956573,40.034782]]]}},{"type":"Feature","properties":{"country":"ES","region":"Villamiel de Toledo","parent":"Toledo"},"geometry":{"type":"Polygon","coordinates":[[[-4.12027,40.017383],[-4.093411,39.992585],[-4.089426,39.979563],[-4.087474,39.973404],[-4.092121,39.950729],[-4.105871,39.953369],[-4.118739,39.946482],[-4.15402,39.957627],[-4.157609,39.961502],[-4.16779,39.97287],[-4.173384,39.976761],[-4.1753,39.978588],[-4.175787,39.981422],[-4.170036,39.986864],[-4.174341,40.003706],[-4.167401,40.011955],[-4.159713,40.012138],[-4.14896,40.007897],[-4.129238,40.013089],[-4.125014,40.011441],[-4.12027,40.017383]]]}},{"type":"Feature","properties":{"country":"ES","region":"Villamuelas","parent":"Toledo"},"geometry":{"type":"Polygon","coordinates":[[[-3.745229,39.847152],[-3.732919,39.841601],[-3.689204,39.810401],[-3.673493,39.808872],[-3.68667,39.795975],[-3.688437,39.780952],[-3.706224,39.788967],[-3.720065,39.778831],[-3.728654,39.76489],[-3.738481,39.764934],[-3.748563,39.778283],[-3.758855,39.78305],[-3.769455,39.783382],[-3.765899,39.805401],[-3.765915,39.813493],[-3.779246,39.824919],[-3.765619,39.839164],[-3.750701,39.842163],[-3.745229,39.847152]]]}},{"type":"Feature","properties":{"country":"ES","region":"Villaseca de la Sagra","parent":"Toledo"},"geometry":{"type":"Polygon","coordinates":[[[-3.900282,39.998142],[-3.89651,40.000671],[-3.894395,40.001297],[-3.879861,39.996539],[-3.856082,39.994338],[-3.856322,39.979271],[-3.841251,39.982516],[-3.832847,39.968824],[-3.830653,39.956631],[-3.824656,39.953353],[-3.821268,39.949672],[-3.822342,39.946801],[-3.827712,39.942692],[-3.83233,39.932084],[-3.836278,39.93279],[-3.841091,39.941421],[-3.8532,39.938928],[-3.866379,39.931398],[-3.869438,39.936495],[-3.871508,39.943213],[-3.872175,39.948261],[-3.877865,39.948689],[-3.879861,39.9495],[-3.884523,39.951396],[-3.889546,39.95263],[-3.894533,39.952797],[-3.896662,39.953508],[-3.891802,39.958043],[-3.900099,39.972357],[-3.898213,39.99541],[-3.900282,39.998142]]]}},{"type":"Feature","properties":{"country":"ES","region":"Villasequilla","parent":"Toledo"},"geometry":{"type":"Polygon","coordinates":[[[-3.673493,39.808872],[-3.689204,39.810401],[-3.732919,39.841601],[-3.745229,39.847152],[-3.751249,39.857451],[-3.759253,39.862362],[-3.794379,39.865242],[-3.792958,39.871792],[-3.761705,39.893945],[-3.751814,39.894229],[-3.729133,39.908926],[-3.704961,39.894538],[-3.676001,39.893372],[-3.648517,39.884809],[-3.634666,39.876911],[-3.638777,39.870075],[-3.641442,39.86853],[-3.643935,39.864905],[-3.645397,39.862777],[-3.647265,39.858776],[-3.647962,39.855682],[-3.648951,39.853882],[-3.652402,39.84901],[-3.654436,39.846706],[-3.654811,39.844364],[-3.659325,39.833606],[-3.660161,39.829563],[-3.662248,39.824119],[-3.664834,39.820671],[-3.669626,39.812561],[-3.673493,39.808872]]]}},{"type":"Feature","properties":{"country":"ES","region":"Yepes","parent":"Toledo"},"geometry":{"type":"Polygon","coordinates":[[[-3.665957,39.963441],[-3.665899,39.941518],[-3.655856,39.932024],[-3.639479,39.925767],[-3.597141,39.925644],[-3.58657,39.914707],[-3.580773,39.899734],[-3.585454,39.895376],[-3.602048,39.893713],[-3.607872,39.887835],[-3.626583,39.884655],[-3.634666,39.876911],[-3.648517,39.884809],[-3.676001,39.893372],[-3.704961,39.894538],[-3.729133,39.908926],[-3.751814,39.894229],[-3.761705,39.893945],[-3.792958,39.871792],[-3.792408,39.87569],[-3.796351,39.878933],[-3.798515,39.880062],[-3.80429,39.884763],[-3.804598,39.888137],[-3.778122,39.910969],[-3.757229,39.920939],[-3.748294,39.929733],[-3.742436,39.940865],[-3.711446,39.953832],[-3.696594,39.947519],[-3.67743,39.960351],[-3.665957,39.963441]]]}},{"type":"Feature","properties":{"country":"ES","region":"Yunclillos","parent":"Toledo"},"geometry":{"type":"Polygon","coordinates":[[[-4.014055,39.980284],[-4.020459,39.984122],[-4.025747,39.9939],[-4.025518,40.002683],[-4.031145,40.008085],[-4.035841,40.008112],[-4.035266,40.01252],[-4.028911,40.016395],[-4.031513,40.025966],[-4.035609,40.028372],[-4.040025,40.032494],[-4.027798,40.035971],[-4.021891,40.044158],[-3.997545,40.039841],[-3.97756,40.042973],[-3.971229,40.046968],[-3.958023,40.041935],[-3.956573,40.034782],[-3.959669,40.032556],[-3.955707,40.020717],[-3.97588,40.012884],[-3.976808,40.000688],[-3.994163,39.993253],[-3.997989,39.987191],[-4.011209,39.98487],[-4.014055,39.980284]]]}},{"type":"Feature","properties":{"country":"ES","region":"Alaquàs","parent":"Valencia"},"geometry":{"type":"Polygon","coordinates":[[[-0.448816,39.459902],[-0.447376,39.45249],[-0.454918,39.450296],[-0.456813,39.449656],[-0.458725,39.449056],[-0.461456,39.448531],[-0.472679,39.447021],[-0.486559,39.444813],[-0.489594,39.444446],[-0.497292,39.444297],[-0.504904,39.442913],[-0.507787,39.44453],[-0.502591,39.445869],[-0.497141,39.446842],[-0.488209,39.450309],[-0.478769,39.453022],[-0.472917,39.455734],[-0.465743,39.457451],[-0.463008,39.457546],[-0.46307,39.459995],[-0.461129,39.459648],[-0.455062,39.459713],[-0.452647,39.459301],[-0.448816,39.459902]]]}},{"type":"Feature","properties":{"country":"ES","region":"Albal","parent":"Valencia"},"geometry":{"type":"Polygon","coordinates":[[[-0.450135,39.400684],[-0.437906,39.403267],[-0.407747,39.401211],[-0.389984,39.387234],[-0.373999,39.38094],[-0.35615,39.364913],[-0.357348,39.363873],[-0.37244,39.377661],[-0.37835,39.381906],[-0.39231,39.38444],[-0.422859,39.389959],[-0.433965,39.384069],[-0.440005,39.387447],[-0.450135,39.400684]]]}},{"type":"Feature","properties":{"country":"ES","region":"Albalat de la Ribera","parent":"Valencia"},"geometry":{"type":"Polygon","coordinates":[[[-0.357787,39.246873],[-0.351313,39.245676],[-0.349764,39.242675],[-0.354191,39.238285],[-0.361071,39.214349],[-0.355764,39.201065],[-0.363044,39.198963],[-0.378942,39.203148],[-0.386422,39.198116],[-0.394273,39.201997],[-0.403329,39.199035],[-0.404001,39.203366],[-0.400891,39.207084],[-0.398128,39.212556],[-0.395631,39.215509],[-0.39315,39.214822],[-0.391818,39.218689],[-0.388696,39.225117],[-0.385463,39.227989],[-0.382846,39.231353],[-0.377027,39.240449],[-0.375765,39.242484],[-0.370756,39.243999],[-0.367825,39.246464],[-0.364393,39.248378],[-0.357787,39.246873]]]}},{"type":"Feature","properties":{"country":"ES","region":"Albalat dels Sorells","parent":"Valencia"},"geometry":{"type":"Polygon","coordinates":[[[-0.33828,39.551023],[-0.342824,39.548159],[-0.338543,39.543287],[-0.339987,39.539041],[-0.335172,39.536456],[-0.333081,39.540314],[-0.310707,39.530475],[-0.31225,39.5279],[-0.346604,39.53851],[-0.383828,39.575102],[-0.383356,39.575893],[-0.348288,39.552587],[-0.33828,39.551023]]]}},{"type":"Feature","properties":{"country":"ES","region":"Albalat dels Tarongers","parent":"Valencia"},"geometry":{"type":"Polygon","coordinates":[[[-0.392905,39.659202],[-0.381523,39.666775],[-0.376326,39.669204],[-0.371668,39.670604],[-0.368739,39.671917],[-0.365127,39.677078],[-0.365857,39.679348],[-0.362917,39.684929],[-0.367123,39.686535],[-0.372758,39.689819],[-0.376431,39.694153],[-0.347188,39.703802],[-0.338393,39.711547],[-0.323675,39.71801],[-0.311979,39.707568],[-0.316343,39.701055],[-0.327209,39.696335],[-0.325649,39.691631],[-0.330166,39.687908],[-0.335207,39.686294],[-0.350982,39.678051],[-0.357463,39.677517],[-0.360392,39.672844],[-0.362366,39.666332],[-0.362934,39.660263],[-0.362923,39.654442],[-0.364328,39.645042],[-0.379306,39.624256],[-0.390661,39.642639],[-0.392303,39.651062],[-0.392905,39.659202]]]}},{"type":"Feature","properties":{"country":"ES","region":"Alboraia / Alboraya","parent":"Valencia"},"geometry":{"type":"Polygon","coordinates":[[[-0.356377,39.507561],[-0.348943,39.506383],[-0.338641,39.511682],[-0.338363,39.518371],[-0.318978,39.514496],[-0.32095,39.507992],[-0.321551,39.504305],[-0.322714,39.497161],[-0.323463,39.484627],[-0.350331,39.489155],[-0.356729,39.494025],[-0.355602,39.500259],[-0.359693,39.503391],[-0.356377,39.507561]]]}},{"type":"Feature","properties":{"country":"ES","region":"Albuixech","parent":"Valencia"},"geometry":{"type":"Polygon","coordinates":[[[-0.333081,39.540314],[-0.332037,39.551854],[-0.32652,39.55279],[-0.299287,39.545093],[-0.308024,39.534908],[-0.310707,39.530475],[-0.333081,39.540314]]]}},{"type":"Feature","properties":{"country":"ES","region":"Alcàsser","parent":"Valencia"},"geometry":{"type":"Polygon","coordinates":[[[-0.450711,39.402797],[-0.450135,39.400684],[-0.440005,39.387447],[-0.433965,39.384069],[-0.425035,39.376259],[-0.428245,39.367248],[-0.430552,39.364597],[-0.439681,39.363689],[-0.449183,39.363468],[-0.450615,39.364608],[-0.451747,39.36602],[-0.453582,39.369526],[-0.455359,39.371711],[-0.459012,39.374347],[-0.461133,39.375225],[-0.461553,39.379188],[-0.463121,39.384933],[-0.463576,39.389663],[-0.465104,39.39524],[-0.465837,39.399704],[-0.450711,39.402797]]]}},{"type":"Feature","properties":{"country":"ES","region":"Alcalá de Guadaíra","parent":"Sevilla"},"geometry":{"type":"Polygon","coordinates":[[[-5.733322,37.297192],[-5.713452,37.279242],[-5.670611,37.262164],[-5.650693,37.247394],[-5.658323,37.212374],[-5.649492,37.187304],[-5.692649,37.187857],[-5.714585,37.195375],[-5.726042,37.203744],[-5.726972,37.207741],[-5.721409,37.223682],[-5.731725,37.234386],[-5.7381,37.236665],[-5.754405,37.232651],[-5.760275,37.240965],[-5.761053,37.249684],[-5.781478,37.253055],[-5.795467,37.241502],[-5.814603,37.234371],[-5.832311,37.235815],[-5.843656,37.242944],[-5.847296,37.239216],[-5.846569,37.230638],[-5.850627,37.226068],[-5.876517,37.222454],[-5.902963,37.209821],[-5.907992,37.212945],[-5.922371,37.212494],[-5.919177,37.218569],[-5.902244,37.227839],[-5.893912,37.265428],[-5.884572,37.276401],[-5.907274,37.298194],[-5.918347,37.302976],[-5.919653,37.307167],[-5.905756,37.324287],[-5.905102,37.330282],[-5.92676,37.353619],[-5.938701,37.362035],[-5.942008,37.366878],[-5.905328,37.376978],[-5.887726,37.385709],[-5.819041,37.390095],[-5.819211,37.385493],[-5.810126,37.386192],[-5.784282,37.360582],[-5.767366,37.339308],[-5.764783,37.326849],[-5.773497,37.313837],[-5.773652,37.308024],[-5.74606,37.303701],[-5.733322,37.297192]]]}},{"type":"Feature","properties":{"country":"ES","region":"Alcalá del Río","parent":"Sevilla"},"geometry":{"type":"Polygon","coordinates":[[[-6.002271,37.619838],[-5.997269,37.61156],[-5.992289,37.588546],[-5.980218,37.570527],[-5.971529,37.568583],[-5.964062,37.557628],[-5.950053,37.562495],[-5.943845,37.561756],[-5.938573,37.570403],[-5.918777,37.578197],[-5.899818,37.585098],[-5.893405,37.574645],[-5.895271,37.571693],[-5.901468,37.569897],[-5.905035,37.565497],[-5.903418,37.551443],[-5.911898,37.553846],[-5.922901,37.549857],[-5.91949,37.542032],[-5.907015,37.536541],[-5.925413,37.519274],[-5.945373,37.512075],[-5.943333,37.50375],[-5.946248,37.500169],[-5.961985,37.498249],[-5.959619,37.494382],[-5.951563,37.492351],[-5.955077,37.487197],[-5.975246,37.489783],[-5.977555,37.501156],[-5.985748,37.504927],[-6.002608,37.491704],[-6.005532,37.491783],[-6.008626,37.495393],[-6.012368,37.498846],[-6.017582,37.504901],[-6.019205,37.511919],[-6.020878,37.51581],[-6.020744,37.518124],[-6.021417,37.519922],[-6.01654,37.525733],[-6.017673,37.545627],[-6.011331,37.556736],[-6.008355,37.571615],[-6.025057,37.599651],[-6.030674,37.618526],[-6.015832,37.615646],[-6.010904,37.61615],[-6.007605,37.616981],[-6.002271,37.619838]]]}},{"type":"Feature","properties":{"country":"ES","region":"Algaba, La","parent":"Sevilla"},"geometry":{"type":"Polygon","coordinates":[[[-6.021417,37.519922],[-6.020744,37.518124],[-6.020878,37.51581],[-6.019205,37.511919],[-6.017582,37.504901],[-6.012368,37.498846],[-6.008626,37.495393],[-6.005532,37.491783],[-6.002608,37.491704],[-6.002453,37.48225],[-5.983627,37.467971],[-5.98928,37.462801],[-6.003551,37.458679],[-6.009594,37.442788],[-6.023658,37.445291],[-6.02874,37.442632],[-6.026272,37.452393],[-6.033304,37.450019],[-6.040276,37.455604],[-6.034411,37.474911],[-6.025395,37.479042],[-6.028727,37.484026],[-6.026776,37.489177],[-6.030281,37.492818],[-6.030095,37.496437],[-6.025615,37.499504],[-6.026105,37.506475],[-6.021417,37.519922]]]}},{"type":"Feature","properties":{"country":"ES","region":"Almensilla","parent":"Sevilla"},"geometry":{"type":"Polygon","coordinates":[[[-6.09136,37.31763],[-6.078436,37.296857],[-6.087305,37.286197],[-6.107935,37.289815],[-6.121049,37.302614],[-6.132064,37.303074],[-6.141706,37.291927],[-6.145328,37.293974],[-6.136758,37.304172],[-6.132145,37.319857],[-6.114127,37.323875],[-6.093461,37.321359],[-6.09136,37.31763]]]}},{"type":"Feature","properties":{"country":"ES","region":"Olmos, Los","parent":"Teruel"},"geometry":{"type":"Polygon","coordinates":[[[-0.485664,40.859478],[-0.492456,40.860174],[-0.500637,40.867582],[-0.502625,40.876439],[-0.514679,40.896422],[-0.509921,40.915325],[-0.48972,40.924098],[-0.482608,40.940244],[-0.470283,40.947761],[-0.448891,40.931616],[-0.427879,40.921452],[-0.43672,40.909654],[-0.445104,40.891338],[-0.457476,40.885252],[-0.456859,40.88049],[-0.447432,40.868922],[-0.460562,40.857271],[-0.482608,40.859209],[-0.485664,40.859478]]]}},{"type":"Feature","properties":{"country":"ES","region":"Aldaia","parent":"Valencia"},"geometry":{"type":"Polygon","coordinates":[[[-0.550673,39.449253],[-0.525976,39.451452],[-0.483318,39.47442],[-0.450556,39.475936],[-0.440876,39.470621],[-0.439776,39.46428],[-0.443463,39.462622],[-0.446444,39.460877],[-0.448816,39.459902],[-0.452647,39.459301],[-0.455062,39.459713],[-0.461129,39.459648],[-0.46307,39.459995],[-0.463008,39.457546],[-0.465743,39.457451],[-0.472917,39.455734],[-0.478769,39.453022],[-0.488209,39.450309],[-0.497141,39.446842],[-0.502591,39.445869],[-0.507787,39.44453],[-0.51729,39.441959],[-0.520715,39.442375],[-0.524229,39.443233],[-0.525996,39.442893],[-0.528676,39.442985],[-0.534484,39.443668],[-0.550673,39.449253]]]}},{"type":"Feature","properties":{"country":"ES","region":"Alfafar","parent":"Valencia"},"geometry":{"type":"Polygon","coordinates":[[[-0.40352,39.415909],[-0.403361,39.418923],[-0.392927,39.418874],[-0.393597,39.424659],[-0.399728,39.427799],[-0.391061,39.426734],[-0.387724,39.425373],[-0.386655,39.422982],[-0.379865,39.421866],[-0.375232,39.419181],[-0.371551,39.421674],[-0.356936,39.414859],[-0.354662,39.41604],[-0.357096,39.419511],[-0.349992,39.420713],[-0.350074,39.402135],[-0.336409,39.382945],[-0.332051,39.370833],[-0.343065,39.370857],[-0.367424,39.405821],[-0.40352,39.415909]],[[-0.383883,39.419211],[-0.381215,39.4195],[-0.380695,39.421399],[-0.382607,39.421709],[-0.383883,39.419211]]]}},{"type":"Feature","properties":{"country":"ES","region":"Alfara del Patriarca","parent":"Valencia"},"geometry":{"type":"Polygon","coordinates":[[[-0.384458,39.533271],[-0.388239,39.546856],[-0.38238,39.551609],[-0.380844,39.546386],[-0.379201,39.544239],[-0.376822,39.54224],[-0.373769,39.536041],[-0.373914,39.528023],[-0.383617,39.530762],[-0.384458,39.533271]]]}},{"type":"Feature","properties":{"country":"ES","region":"Algemesí","parent":"Valencia"},"geometry":{"type":"Polygon","coordinates":[[[-0.41098,39.186107],[-0.425289,39.173304],[-0.460525,39.180936],[-0.461812,39.184323],[-0.466972,39.20879],[-0.464286,39.217804],[-0.462931,39.224514],[-0.463561,39.230194],[-0.467569,39.238068],[-0.460552,39.236202],[-0.453465,39.237423],[-0.447019,39.240139],[-0.437523,39.244777],[-0.431856,39.247005],[-0.426621,39.247581],[-0.41809,39.246113],[-0.415104,39.244075],[-0.413429,39.24307],[-0.375765,39.242484],[-0.377027,39.240449],[-0.382846,39.231353],[-0.385463,39.227989],[-0.388696,39.225117],[-0.391818,39.218689],[-0.39315,39.214822],[-0.395631,39.215509],[-0.398128,39.212556],[-0.400891,39.207084],[-0.404001,39.203366],[-0.403329,39.199035],[-0.408598,39.199358],[-0.41098,39.186107]]]}},{"type":"Feature","properties":{"country":"ES","region":"Alginet","parent":"Valencia"},"geometry":{"type":"Polygon","coordinates":[[[-0.482737,39.285477],[-0.478769,39.283996],[-0.468559,39.278358],[-0.457738,39.273383],[-0.45026,39.270599],[-0.441365,39.267834],[-0.437437,39.264957],[-0.41426,39.257297],[-0.413429,39.24307],[-0.415104,39.244075],[-0.41809,39.246113],[-0.426621,39.247581],[-0.431856,39.247005],[-0.437523,39.244777],[-0.447019,39.240139],[-0.453465,39.237423],[-0.460552,39.236202],[-0.467569,39.238068],[-0.472421,39.236275],[-0.5044,39.268776],[-0.503867,39.280615],[-0.482737,39.285477]]]}},{"type":"Feature","properties":{"country":"ES","region":"Almàssera","parent":"Valencia"},"geometry":{"type":"Polygon","coordinates":[[[-0.351324,39.522699],[-0.338363,39.518371],[-0.338641,39.511682],[-0.348943,39.506383],[-0.356377,39.507561],[-0.364126,39.5112],[-0.362515,39.514551],[-0.361467,39.516435],[-0.351324,39.522699]]]}},{"type":"Feature","properties":{"country":"ES","region":"Almussafes","parent":"Valencia"},"geometry":{"type":"Polygon","coordinates":[[[-0.426104,39.330383],[-0.417117,39.328731],[-0.405618,39.325683],[-0.406428,39.313084],[-0.397565,39.277402],[-0.402979,39.264808],[-0.41426,39.257297],[-0.414036,39.281281],[-0.424765,39.306495],[-0.422082,39.31176],[-0.426104,39.330383]]]}},{"type":"Feature","properties":{"country":"ES","region":"Bollullos de la Mitación","parent":"Sevilla"},"geometry":{"type":"Polygon","coordinates":[[[-6.092553,37.344347],[-6.095708,37.328007],[-6.126821,37.325998],[-6.132145,37.319857],[-6.136758,37.304172],[-6.145328,37.293974],[-6.141706,37.291927],[-6.138989,37.275631],[-6.142219,37.258603],[-6.154404,37.25621],[-6.165494,37.258998],[-6.174169,37.254712],[-6.181433,37.255774],[-6.197601,37.272982],[-6.19219,37.277427],[-6.189877,37.285752],[-6.192243,37.292087],[-6.200279,37.295787],[-6.198681,37.301224],[-6.193838,37.302826],[-6.184165,37.313935],[-6.183265,37.319679],[-6.186121,37.324271],[-6.184114,37.334259],[-6.177135,37.33861],[-6.185601,37.351571],[-6.182321,37.354382],[-6.177435,37.347455],[-6.155986,37.354952],[-6.152462,37.364664],[-6.153725,37.373],[-6.148619,37.374108],[-6.147555,37.369264],[-6.13914,37.368098],[-6.132064,37.373102],[-6.126521,37.375458],[-6.122076,37.36447],[-6.118461,37.362596],[-6.118166,37.355367],[-6.095848,37.355855],[-6.092553,37.344347]],[[-6.120927,37.338962],[-6.117086,37.328974],[-6.105638,37.328599],[-6.106465,37.342084],[-6.115598,37.342153],[-6.120927,37.338962]],[[-6.137687,37.364323],[-6.132534,37.361343],[-6.128147,37.362671],[-6.132513,37.365809],[-6.137687,37.364323]]]}},{"type":"Feature","properties":{"country":"ES","region":"Bormujos","parent":"Sevilla"},"geometry":{"type":"Polygon","coordinates":[[[-6.062779,37.376682],[-6.059562,37.360384],[-6.055868,37.357959],[-6.092553,37.344347],[-6.095848,37.355855],[-6.118166,37.355367],[-6.118461,37.362596],[-6.097761,37.367191],[-6.099522,37.374497],[-6.097015,37.376461],[-6.083173,37.376237],[-6.064756,37.384729],[-6.062779,37.376682]]]}},{"type":"Feature","properties":{"country":"ES","region":"Brenes","parent":"Sevilla"},"geometry":{"type":"Polygon","coordinates":[[[-5.86774,37.573756],[-5.856211,37.578592],[-5.834325,37.557708],[-5.848107,37.550673],[-5.850887,37.548833],[-5.853499,37.546216],[-5.855785,37.541713],[-5.858386,37.538418],[-5.869393,37.527207],[-5.87583,37.534298],[-5.88308,37.536885],[-5.886315,37.542362],[-5.907015,37.536541],[-5.91949,37.542032],[-5.922901,37.549857],[-5.911898,37.553846],[-5.903418,37.551443],[-5.905035,37.565497],[-5.901468,37.569897],[-5.895271,37.571693],[-5.890929,37.563364],[-5.887654,37.562185],[-5.871677,37.566584],[-5.86774,37.573756]]]}},{"type":"Feature","properties":{"country":"ES","region":"Camas","parent":"Sevilla"},"geometry":{"type":"Polygon","coordinates":[[[-6.012592,37.413392],[-6.016162,37.401214],[-6.024614,37.390849],[-6.022755,37.380874],[-6.031197,37.377757],[-6.045462,37.381507],[-6.045624,37.389526],[-6.060871,37.393168],[-6.062273,37.399967],[-6.049718,37.401162],[-6.043684,37.415406],[-6.030245,37.423842],[-6.012592,37.413392]]]}},{"type":"Feature","properties":{"country":"ES","region":"Carmona","parent":"Sevilla"},"geometry":{"type":"Polygon","coordinates":[[[-5.834325,37.557708],[-5.816911,37.565634],[-5.779536,37.574023],[-5.771277,37.565184],[-5.716106,37.57725],[-5.685908,37.575898],[-5.671082,37.585069],[-5.663995,37.582761],[-5.650376,37.586804],[-5.650459,37.591961],[-5.658551,37.601964],[-5.652704,37.61125],[-5.644846,37.613098],[-5.623413,37.607473],[-5.610344,37.618666],[-5.602015,37.621008],[-5.591116,37.606111],[-5.565567,37.599606],[-5.533991,37.596219],[-5.508696,37.582311],[-5.495986,37.582373],[-5.493609,37.577594],[-5.49083,37.573041],[-5.485238,37.564941],[-5.478842,37.553671],[-5.475789,37.551618],[-5.47301,37.543788],[-5.469256,37.531055],[-5.468053,37.524751],[-5.466126,37.522272],[-5.461946,37.509354],[-5.457063,37.500663],[-5.463605,37.496078],[-5.465551,37.484682],[-5.432135,37.487533],[-5.420218,37.481996],[-5.411254,37.455809],[-5.411573,37.43696],[-5.400908,37.423634],[-5.398092,37.412909],[-5.422238,37.402462],[-5.453173,37.393539],[-5.463792,37.393943],[-5.475989,37.400198],[-5.500195,37.393799],[-5.509789,37.387324],[-5.518828,37.369114],[-5.520875,37.357333],[-5.523399,37.351047],[-5.565844,37.322359],[-5.565435,37.303745],[-5.584812,37.276123],[-5.61704,37.267848],[-5.642914,37.256267],[-5.650693,37.247394],[-5.670611,37.262164],[-5.713452,37.279242],[-5.733322,37.297192],[-5.719111,37.304736],[-5.703658,37.306102],[-5.695686,37.325371],[-5.67488,37.345418],[-5.689055,37.357399],[-5.688155,37.360748],[-5.670178,37.376848],[-5.699999,37.400924],[-5.721148,37.410069],[-5.755989,37.396424],[-5.775537,37.396139],[-5.793881,37.388183],[-5.801753,37.388531],[-5.810126,37.386192],[-5.819211,37.385493],[-5.819041,37.390095],[-5.818672,37.393475],[-5.818405,37.39871],[-5.817873,37.425496],[-5.840171,37.497767],[-5.856102,37.511693],[-5.861111,37.521464],[-5.869393,37.527207],[-5.858386,37.538418],[-5.855785,37.541713],[-5.853499,37.546216],[-5.850887,37.548833],[-5.848107,37.550673],[-5.834325,37.557708]]]}},{"type":"Feature","properties":{"country":"ES","region":"Castilleja de Guzmán","parent":"Sevilla"},"geometry":{"type":"Polygon","coordinates":[[[-6.043684,37.415406],[-6.049718,37.401162],[-6.062273,37.399967],[-6.0582,37.411698],[-6.043684,37.415406]]]}},{"type":"Feature","properties":{"country":"ES","region":"Samper de Calanda","parent":"Teruel"},"geometry":{"type":"Polygon","coordinates":[[[-0.216487,41.190307],[-0.2248,41.17995],[-0.236323,41.173121],[-0.229244,41.155524],[-0.231716,41.1481],[-0.26966,41.13479],[-0.292068,41.112191],[-0.309161,41.101322],[-0.313965,41.102657],[-0.325125,41.106682],[-0.337676,41.118168],[-0.352976,41.133427],[-0.378202,41.142219],[-0.394237,41.151897],[-0.408742,41.162742],[-0.421781,41.179104],[-0.425223,41.185299],[-0.427426,41.18597],[-0.426683,41.188228],[-0.42522,41.190529],[-0.428206,41.201046],[-0.407504,41.206218],[-0.400688,41.211792],[-0.385776,41.209715],[-0.374757,41.221958],[-0.368137,41.217012],[-0.354188,41.213892],[-0.345907,41.214394],[-0.335688,41.219646],[-0.310932,41.212125],[-0.296016,41.215379],[-0.281314,41.213252],[-0.268573,41.214815],[-0.253979,41.213318],[-0.246367,41.211921],[-0.243116,41.209789],[-0.236099,41.201694],[-0.232134,41.195881],[-0.230822,41.194474],[-0.225241,41.190006],[-0.222426,41.188858],[-0.216487,41.190307]]]}},{"type":"Feature","properties":{"country":"ES","region":"Cillorigo de Liébana","parent":"Cantabria"},"geometry":{"type":"Polygon","coordinates":[[[-4.733497,43.194241],[-4.736471,43.196943],[-4.735891,43.207132],[-4.728636,43.215894],[-4.729619,43.223499],[-4.721942,43.229726],[-4.722601,43.240575],[-4.716288,43.238208],[-4.715489,43.230728],[-4.707363,43.228811],[-4.690576,43.248402],[-4.666991,43.246506],[-4.652592,43.255501],[-4.641133,43.258077],[-4.638981,43.252519],[-4.625598,43.247294],[-4.61049,43.246702],[-4.604141,43.241273],[-4.590634,43.242141],[-4.589263,43.23577],[-4.559406,43.223446],[-4.557591,43.215712],[-4.548594,43.205101],[-4.524941,43.195595],[-4.521789,43.185329],[-4.511907,43.172021],[-4.522617,43.167407],[-4.55102,43.169828],[-4.561865,43.166583],[-4.5723,43.158956],[-4.581605,43.157103],[-4.605923,43.156004],[-4.612587,43.158269],[-4.613088,43.166544],[-4.616769,43.170883],[-4.629841,43.170528],[-4.652845,43.18158],[-4.65844,43.186894],[-4.661854,43.199102],[-4.668964,43.205196],[-4.68613,43.210733],[-4.701255,43.198635],[-4.718905,43.200237],[-4.733497,43.194241]]]}},{"type":"Feature","properties":{"country":"ES","region":"Castilleja de la Cuesta","parent":"Sevilla"},"geometry":{"type":"Polygon","coordinates":[[[-6.045462,37.381507],[-6.053032,37.381329],[-6.062779,37.376682],[-6.064756,37.384729],[-6.064493,37.389785],[-6.060871,37.393168],[-6.045624,37.389526],[-6.045462,37.381507]]]}},{"type":"Feature","properties":{"country":"ES","region":"Coria del Río","parent":"Sevilla"},"geometry":{"type":"Polygon","coordinates":[[[-6.078436,37.296857],[-6.070529,37.307407],[-6.048949,37.303678],[-6.040433,37.297578],[-6.010985,37.271566],[-6.000122,37.26532],[-5.99054,37.253891],[-5.987956,37.244215],[-5.993752,37.229694],[-6.012539,37.201461],[-6.03395,37.18162],[-6.039735,37.194901],[-6.055386,37.195802],[-6.051839,37.210028],[-6.053713,37.216001],[-6.058139,37.215329],[-6.065747,37.205339],[-6.076414,37.206352],[-6.073075,37.214082],[-6.054081,37.228748],[-6.061133,37.252749],[-6.054286,37.271681],[-6.079109,37.279885],[-6.087305,37.286197],[-6.078436,37.296857]]]}},{"type":"Feature","properties":{"country":"ES","region":"Dos Hermanas","parent":"Sevilla"},"geometry":{"type":"Polygon","coordinates":[[[-6.032761,37.300452],[-6.01512,37.314402],[-6.012576,37.315566],[-6.002413,37.318022],[-6.00126,37.319727],[-5.968986,37.313417],[-5.964607,37.320145],[-5.963985,37.324243],[-5.960885,37.326278],[-5.958739,37.329097],[-5.957979,37.331669],[-5.957237,37.334911],[-5.955223,37.33678],[-5.949343,37.345668],[-5.943222,37.352773],[-5.940472,37.359281],[-5.938701,37.362035],[-5.92676,37.353619],[-5.905102,37.330282],[-5.905756,37.324287],[-5.919653,37.307167],[-5.918347,37.302976],[-5.907274,37.298194],[-5.884572,37.276401],[-5.893912,37.265428],[-5.902244,37.227839],[-5.919177,37.218569],[-5.922371,37.212494],[-5.925095,37.208721],[-5.964025,37.190033],[-5.996468,37.163864],[-5.999711,37.162635],[-6.02421,37.155544],[-6.031367,37.154072],[-6.034112,37.153766],[-6.039703,37.150397],[-6.056079,37.150837],[-6.062311,37.156361],[-6.055616,37.162018],[-6.028532,37.169261],[-6.027496,37.174861],[-6.03395,37.18162],[-6.012539,37.201461],[-5.993752,37.229694],[-5.987956,37.244215],[-5.99054,37.253891],[-6.000122,37.26532],[-6.010985,37.271566],[-6.040433,37.297578],[-6.038664,37.298452],[-6.034719,37.299647],[-6.032761,37.300452]]]}},{"type":"Feature","properties":{"country":"ES","region":"Espartinas","parent":"Sevilla"},"geometry":{"type":"MultiPolygon","coordinates":[[[[-6.144907,37.410213],[-6.137006,37.411254],[-6.132064,37.415387],[-6.121964,37.412397],[-6.12131,37.406499],[-6.126434,37.400244],[-6.120731,37.395983],[-6.106845,37.401608],[-6.090505,37.399502],[-6.085394,37.394028],[-6.0873,37.381607],[-6.083173,37.376237],[-6.097015,37.376461],[-6.099522,37.374497],[-6.097761,37.367191],[-6.118461,37.362596],[-6.122076,37.36447],[-6.126521,37.375458],[-6.132064,37.373102],[-6.13914,37.368098],[-6.147555,37.369264],[-6.148619,37.374108],[-6.153725,37.373],[-6.157316,37.378213],[-6.170496,37.381313],[-6.173372,37.384686],[-6.17058,37.393634],[-6.136368,37.393608],[-6.132806,37.398635],[-6.133949,37.404029],[-6.14549,37.409109],[-6.144907,37.410213]]],[[[-6.137687,37.364323],[-6.132513,37.365809],[-6.128147,37.362671],[-6.132534,37.361343],[-6.137687,37.364323]]]]}},{"type":"Feature","properties":{"country":"ES","region":"Torrecilla de Alcañiz","parent":"Teruel"},"geometry":{"type":"Polygon","coordinates":[[[-0.068513,40.988708],[-0.066869,40.987983],[-0.053851,40.967468],[-0.039136,40.958801],[-0.036685,40.956768],[-0.034157,40.950886],[-0.032639,40.949241],[-0.028105,40.936973],[-0.030236,40.934463],[-0.038341,40.935951],[-0.056119,40.948232],[-0.09601,40.945011],[-0.096787,40.953506],[-0.125985,40.974215],[-0.129782,40.980334],[-0.124261,40.9901],[-0.097968,40.987425],[-0.089835,40.990079],[-0.068513,40.988708]]]}},{"type":"Feature","properties":{"country":"ES","region":"Torrevelilla","parent":"Teruel"},"geometry":{"type":"Polygon","coordinates":[[[-0.109444,40.879142],[-0.111137,40.879768],[-0.121766,40.885455],[-0.148757,40.88776],[-0.15086,40.901795],[-0.154091,40.905373],[-0.152961,40.919224],[-0.143751,40.948988],[-0.137671,40.949906],[-0.116218,40.941199],[-0.09601,40.945011],[-0.097351,40.928246],[-0.088562,40.919326],[-0.085145,40.89663],[-0.090214,40.894938],[-0.096026,40.886018],[-0.109444,40.879142]]]}}]}