{"type":"FeatureCollection","features":[{"type":"Feature","properties":{"country":"ES","region":"Almendralejo","parent":"Badajoz"},"geometry":{"type":"Polygon","coordinates":[[[-6.47804,38.7569],[-6.35713,38.77813],[-6.33117,38.76103],[-6.31936,38.72302],[-6.39409,38.63197],[-6.43484,38.63547],[-6.51767,38.72695],[-6.47804,38.7569]]]}},{"type":"Feature","properties":{"country":"ES","region":"Arroyo de San Serván","parent":"Badajoz"},"geometry":{"type":"Polygon","coordinates":[[[-6.50487,38.83665],[-6.49388,38.86968],[-6.45392,38.87922],[-6.39005,38.83086],[-6.45735,38.80624],[-6.50487,38.83665]]]}},{"type":"Feature","properties":{"country":"ES","region":"Badajoz","parent":"Badajoz"},"geometry":{"type":"Polygon","coordinates":[[[-7.05103,38.90608],[-6.95139,39.02407],[-6.96553,39.04247],[-6.90246,39.05465],[-6.89111,39.10726],[-6.86426,39.06345],[-6.80258,39.06123],[-6.77112,39.10087],[-6.78547,39.12167],[-6.76481,39.12815],[-6.78429,39.18406],[-6.75073,39.1941],[-6.57433,39.15842],[-6.58015,39.11953],[-6.74608,39.13899],[-6.73962,39.06811],[-6.63731,39.04532],[-6.65625,38.9889],[-6.63668,38.95828],[-6.63535,38.91264],[-6.64549,38.9024],[-6.7287,38.90931],[-6.71972,38.9337],[-6.76793,38.95153],[-6.80821,38.92786],[-6.78833,38.87846],[-6.82215,38.84322],[-6.78581,38.84973],[-6.73091,38.8215],[-6.66694,38.83899],[-6.56284,38.77911],[-6.59484,38.75428],[-6.69614,38.74763],[-6.74966,38.70681],[-6.751,38.68255],[-6.80627,38.65797],[-6.8137,38.67438],[-6.85186,38.67127],[-6.87945,38.58462],[-6.86639,38.55657],[-6.95662,38.56796],[-7.02286,38.6315],[-6.94666,38.62724],[-6.92151,38.6519],[-6.93247,38.70114],[-6.97584,38.71516],[-7.02251,38.69065],[-7.06311,38.74165],[-7.15811,38.78463],[-7.04056,38.86481],[-7.05103,38.90608]],[[-6.70383,38.9573],[-6.70637,38.91385],[-6.68299,38.90852],[-6.64764,38.91316],[-6.63902,38.94164],[-6.6639,38.96741],[-6.70383,38.9573]],[[-6.83983,38.71407],[-6.80364,38.68775],[-6.75669,38.71748],[-6.7824,38.73493],[-6.83983,38.71407]],[[-6.76044,38.96173],[-6.75808,38.95712],[-6.75676,38.96187],[-6.76044,38.96173]],[[-6.8435,38.71897],[-6.84304,38.71427],[-6.8395,38.7163],[-6.8435,38.71897]]]}},{"type":"Feature","properties":{"country":"ES","region":"Calamonte","parent":"Badajoz"},"geometry":{"type":"Polygon","coordinates":[[[-6.39635,38.86858],[-6.39031,38.89515],[-6.36602,38.87993],[-6.37129,38.85464],[-6.39635,38.86858]]]}},{"type":"Feature","properties":{"country":"ES","region":"Carmonita","parent":"Badajoz"},"geometry":{"type":"MultiPolygon","coordinates":[[[[-6.39951,39.13579],[-6.35583,39.1771],[-6.31948,39.18395],[-6.32087,39.1187],[-6.39951,39.13579]]],[[[-6.41151,39.15189],[-6.3927,39.15759],[-6.40099,39.15015],[-6.41151,39.15189]]]]}},{"type":"Feature","properties":{"country":"ES","region":"Carrascalejo, El","parent":"Badajoz"},"geometry":{"type":"Polygon","coordinates":[[[-6.31481,39.03415],[-6.31641,39.00556],[-6.36336,39.02396],[-6.35565,39.03435],[-6.31481,39.03415]]]}},{"type":"Feature","properties":{"country":"ES","region":"Cordobilla de Lácara","parent":"Badajoz"},"geometry":{"type":"Polygon","coordinates":[[[-6.45786,39.17411],[-6.40676,39.165],[-6.39396,39.13966],[-6.43854,39.10935],[-6.47534,39.11973],[-6.45786,39.17411]]]}},{"type":"Feature","properties":{"country":"ES","region":"Corte de Peleas","parent":"Badajoz"},"geometry":{"type":"Polygon","coordinates":[[[-6.70043,38.74359],[-6.62625,38.76553],[-6.61432,38.73993],[-6.63705,38.73802],[-6.59859,38.71484],[-6.69107,38.69328],[-6.70043,38.74359]]]}},{"type":"Feature","properties":{"country":"ES","region":"Don Álvaro","parent":"Badajoz"},"geometry":{"type":"Polygon","coordinates":[[[-6.27865,38.88954],[-6.23174,38.86633],[-6.25676,38.85989],[-6.23024,38.84044],[-6.27772,38.83268],[-6.31208,38.85406],[-6.32482,38.87463],[-6.27865,38.88954]]]}},{"type":"Feature","properties":{"country":"ES","region":"Don Benito","parent":"Badajoz"},"geometry":{"type":"MultiPolygon","coordinates":[[[[-5.60018,39.0124],[-5.6729,39.01291],[-5.68908,39.06956],[-5.72721,39.06808],[-5.75246,39.04015],[-5.77726,39.05282],[-5.73015,39.11399],[-5.60018,39.0124]]],[[[-5.96983,38.7483],[-5.97556,38.78966],[-6.00974,38.8212],[-5.99147,38.91114],[-5.90597,38.87576],[-5.89369,38.92111],[-5.9253,38.9348],[-5.92725,38.97721],[-5.99965,39.01356],[-5.89651,39.09521],[-5.79223,39.03181],[-5.81638,39.02185],[-5.83095,38.80161],[-5.8965,38.72438],[-5.96983,38.7483]]],[[[-6.01488,39.12935],[-6.00972,39.054],[-5.93987,39.10873],[-5.92712,39.09269],[-6.02624,39.02394],[-6.11776,39.04732],[-6.01488,39.12935]]]]}},{"type":"Feature","properties":{"country":"ES","region":"Esparragalejo","parent":"Badajoz"},"geometry":{"type":"Polygon","coordinates":[[[-6.45607,38.9323],[-6.45291,38.96046],[-6.42312,38.98696],[-6.41835,38.93475],[-6.45607,38.9323]]]}},{"type":"Feature","properties":{"country":"ES","region":"Garrovilla, La","parent":"Badajoz"},"geometry":{"type":"Polygon","coordinates":[[[-6.45291,38.96046],[-6.44447,38.91723],[-6.51121,38.90377],[-6.52928,38.92326],[-6.50594,38.94559],[-6.51948,38.96262],[-6.45291,38.96046]]]}},{"type":"Feature","properties":{"country":"ES","region":"Guareña","parent":"Badajoz"},"geometry":{"type":"Polygon","coordinates":[[[-6.19047,38.91099],[-6.16289,38.94111],[-6.14057,39.02966],[-6.03979,39.02204],[-6.10674,38.95591],[-6.05908,38.96154],[-6.06094,38.93642],[-6.12046,38.91188],[-6.05051,38.86843],[-6.03799,38.91612],[-6.00866,38.92798],[-5.99147,38.91114],[-5.99204,38.8488],[-6.04997,38.83727],[-6.02134,38.75392],[-6.0939,38.77001],[-6.10196,38.80086],[-6.07226,38.82557],[-6.12865,38.84511],[-6.19047,38.91099]]]}},{"type":"Feature","properties":{"country":"ES","region":"Lobón","parent":"Badajoz"},"geometry":{"type":"Polygon","coordinates":[[[-6.69444,38.86937],[-6.62539,38.85564],[-6.57789,38.87208],[-6.5498,38.81972],[-6.56659,38.79398],[-6.69444,38.86937]]]}},{"type":"Feature","properties":{"country":"ES","region":"Mérida","parent":"Badajoz"},"geometry":{"type":"MultiPolygon","coordinates":[[[[-6.5689,38.86772],[-6.41835,38.93475],[-6.42312,38.98696],[-6.49474,38.95071],[-6.53064,38.97972],[-6.5258,39.01526],[-6.60158,39.03484],[-6.60168,38.96879],[-6.65204,38.97481],[-6.65331,39.02315],[-6.57308,39.1022],[-6.57433,39.15842],[-6.53853,39.15677],[-6.53543,39.1803],[-6.45786,39.17411],[-6.47534,39.11973],[-6.31198,39.13234],[-6.29542,39.09842],[-6.23091,39.08973],[-6.14057,39.02966],[-6.15183,38.99035],[-6.19322,38.98033],[-6.20802,38.94604],[-6.24809,38.93258],[-6.26265,38.93236],[-6.27865,38.88954],[-6.32482,38.87463],[-6.29615,38.84381],[-6.33666,38.79516],[-6.38637,38.81846],[-6.40873,38.78997],[-6.37091,38.7654],[-6.38026,38.75388],[-6.41618,38.76942],[-6.51767,38.72695],[-6.56659,38.79398],[-6.5498,38.81972],[-6.5689,38.86772]],[[-6.28252,38.9604],[-6.25249,38.93367],[-6.22061,38.95666],[-6.24818,38.98363],[-6.28252,38.9604]],[[-6.30863,39.07401],[-6.36048,39.06611],[-6.3392,39.03609],[-6.3602,39.01481],[-6.27954,38.98266],[-6.22647,39.00314],[-6.30863,39.07401]],[[-6.39635,38.86858],[-6.37129,38.85464],[-6.36602,38.87993],[-6.39031,38.89515],[-6.39635,38.86858]],[[-6.50487,38.83665],[-6.45735,38.80624],[-6.39005,38.83086],[-6.45392,38.87922],[-6.49388,38.86968],[-6.50487,38.83665]],[[-6.55925,39.07343],[-6.53675,39.04062],[-6.49786,39.03482],[-6.46958,39.08129],[-6.51355,39.11024],[-6.55925,39.07343]],[[-6.57982,39.03759],[-6.5793,39.03242],[-6.57566,39.03722],[-6.57982,39.03759]]],[[[-6.2307,38.86336],[-6.24214,38.84525],[-6.25676,38.85989],[-6.2307,38.86336]]],[[[-6.37638,39.16292],[-6.38202,39.14198],[-6.39597,39.14126],[-6.39823,39.16527],[-6.37638,39.16292]]],[[[-6.51779,38.95931],[-6.50594,38.94559],[-6.52257,38.93089],[-6.51917,38.94032],[-6.51779,38.95931]]]]}},{"type":"Feature","properties":{"country":"ES","region":"Mirandilla","parent":"Badajoz"},"geometry":{"type":"Polygon","coordinates":[[[-6.31481,39.03415],[-6.29698,39.08149],[-6.28024,39.0338],[-6.22647,39.00314],[-6.30495,38.98863],[-6.31481,39.03415]]]}},{"type":"Feature","properties":{"country":"ES","region":"Montijo","parent":"Badajoz"},"geometry":{"type":"MultiPolygon","coordinates":[[[[-6.5258,39.01526],[-6.52447,38.91498],[-6.58342,38.93014],[-6.57644,38.90077],[-6.53172,38.88791],[-6.54729,38.87099],[-6.60377,38.86741],[-6.61449,38.89703],[-6.64549,38.9024],[-6.6459,38.96942],[-6.60168,38.96879],[-6.60158,39.03484],[-6.5258,39.01526]]],[[[-6.5793,39.03242],[-6.57982,39.03759],[-6.57566,39.03722],[-6.5793,39.03242]]]]}},{"type":"Feature","properties":{"country":"ES","region":"Nava de Santiago, La","parent":"Badajoz"},"geometry":{"type":"Polygon","coordinates":[[[-6.55925,39.07343],[-6.51355,39.11024],[-6.46958,39.08129],[-6.49786,39.03482],[-6.53675,39.04062],[-6.55925,39.07343]]]}},{"type":"Feature","properties":{"country":"ES","region":"Oliva de Mérida","parent":"Badajoz"},"geometry":{"type":"Polygon","coordinates":[[[-5.85826,38.64212],[-5.94273,38.62825],[-6.0443,38.70531],[-6.18932,38.74444],[-6.19827,38.78065],[-6.17797,38.83184],[-6.15247,38.86839],[-6.0939,38.77001],[-5.93371,38.73968],[-5.85826,38.64212]]]}},{"type":"Feature","properties":{"country":"ES","region":"Puebla de la Calzada","parent":"Badajoz"},"geometry":{"type":"Polygon","coordinates":[[[-6.60377,38.86741],[-6.65256,38.86642],[-6.64549,38.9024],[-6.61449,38.89703],[-6.60377,38.86741]]]}},{"type":"Feature","properties":{"country":"ES","region":"Puebla de Obando","parent":"Badajoz"},"geometry":{"type":"Polygon","coordinates":[[[-6.57433,39.15842],[-6.63945,39.16603],[-6.68107,39.17721],[-6.63318,39.19648],[-6.58099,39.17943],[-6.57433,39.15842]]]}},{"type":"Feature","properties":{"country":"ES","region":"Roca de la Sierra, La","parent":"Badajoz"},"geometry":{"type":"Polygon","coordinates":[[[-6.58015,39.11953],[-6.58485,39.08645],[-6.63731,39.04532],[-6.74715,39.07561],[-6.74608,39.13899],[-6.58015,39.11953]]]}},{"type":"Feature","properties":{"country":"ES","region":"San Pedro de Mérida","parent":"Badajoz"},"geometry":{"type":"Polygon","coordinates":[[[-6.15183,38.99035],[-6.16289,38.94111],[-6.18443,38.92878],[-6.21353,38.95012],[-6.19322,38.98033],[-6.15183,38.99035]]]}},{"type":"Feature","properties":{"country":"ES","region":"Santa Amalia","parent":"Badajoz"},"geometry":{"type":"Polygon","coordinates":[[[-6.03072,38.96903],[-6.10674,38.95591],[-6.03979,39.02204],[-6.14216,39.03164],[-6.07866,39.09357],[-6.06235,39.10215],[-6.08726,39.05508],[-6.11776,39.04732],[-6.02624,39.02394],[-5.92476,39.08324],[-5.9257,39.06402],[-5.99408,39.03035],[-6.03072,38.96903]]]}},{"type":"Feature","properties":{"country":"ES","region":"Santa Marta","parent":"Badajoz"},"geometry":{"type":"Polygon","coordinates":[[[-6.59859,38.71484],[-6.58211,38.68694],[-6.58691,38.59153],[-6.70922,38.60677],[-6.7004,38.6882],[-6.66378,38.71346],[-6.59859,38.71484]]]}},{"type":"Feature","properties":{"country":"ES","region":"Solana de los Barros","parent":"Badajoz"},"geometry":{"type":"Polygon","coordinates":[[[-6.55964,38.79054],[-6.52851,38.75535],[-6.521,38.69417],[-6.57543,38.69522],[-6.63705,38.73802],[-6.61432,38.73993],[-6.62625,38.76553],[-6.59484,38.75428],[-6.55964,38.79054]]]}},{"type":"Feature","properties":{"country":"ES","region":"Torremayor","parent":"Badajoz"},"geometry":{"type":"Polygon","coordinates":[[[-6.51121,38.90377],[-6.55574,38.8876],[-6.58342,38.93014],[-6.55448,38.93195],[-6.51121,38.90377]]]}},{"type":"Feature","properties":{"country":"ES","region":"Torremejía","parent":"Badajoz"},"geometry":{"type":"Polygon","coordinates":[[[-6.33666,38.79516],[-6.37947,38.76426],[-6.40873,38.78997],[-6.38308,38.81936],[-6.33666,38.79516]]]}},{"type":"Feature","properties":{"country":"ES","region":"Trujillanos","parent":"Badajoz"},"geometry":{"type":"Polygon","coordinates":[[[-6.28252,38.9604],[-6.24818,38.98363],[-6.22061,38.95666],[-6.25249,38.93367],[-6.28252,38.9604]]]}},{"type":"Feature","properties":{"country":"ES","region":"Valdetorres","parent":"Badajoz"},"geometry":{"type":"Polygon","coordinates":[[[-6.01231,38.92659],[-6.03799,38.91612],[-6.05051,38.86843],[-6.12046,38.91188],[-6.02552,38.94644],[-6.01231,38.92659]]]}},{"type":"Feature","properties":{"country":"ES","region":"Valverde de Mérida","parent":"Badajoz"},"geometry":{"type":"Polygon","coordinates":[[[-6.19047,38.91099],[-6.22726,38.85584],[-6.27865,38.88954],[-6.26265,38.93236],[-6.20802,38.94604],[-6.19047,38.91099]]]}},{"type":"Feature","properties":{"country":"ES","region":"Villagonzalo","parent":"Badajoz"},"geometry":{"type":"MultiPolygon","coordinates":[[[[-6.18228,38.81708],[-6.22882,38.8414],[-6.19047,38.91099],[-6.15247,38.86839],[-6.18228,38.81708]]],[[[-6.33666,38.79516],[-6.27213,38.78903],[-6.27129,38.7807],[-6.33666,38.79516]]],[[[-6.29718,38.75322],[-6.31016,38.77374],[-6.29474,38.76607],[-6.29718,38.75322]]]]}},{"type":"Feature","properties":{"country":"ES","region":"Villalba de los Barros","parent":"Badajoz"},"geometry":{"type":"Polygon","coordinates":[[[-6.54228,38.6898],[-6.49301,38.6032],[-6.50588,38.5616],[-6.54169,38.55255],[-6.58691,38.59153],[-6.58211,38.68694],[-6.59859,38.71484],[-6.54228,38.6898]]]}},{"type":"Feature","properties":{"country":"ES","region":"Zarza, La (Badajoz)","parent":"Badajoz"},"geometry":{"type":"MultiPolygon","coordinates":[[[[-6.19827,38.78065],[-6.23954,38.7981],[-6.33207,38.79985],[-6.29615,38.84381],[-6.22882,38.8414],[-6.18228,38.81708],[-6.19827,38.78065]]],[[[-6.35713,38.77813],[-6.34345,38.7899],[-6.26994,38.77316],[-6.29718,38.75322],[-6.30068,38.76993],[-6.35713,38.77813]]]]}},{"type":"Feature","properties":{"country":"ES","region":"Valdelacalzada","parent":"Badajoz"},"geometry":{"type":"Polygon","coordinates":[[[-6.74599,38.90165],[-6.64549,38.9024],[-6.65256,38.86642],[-6.72309,38.8712],[-6.74599,38.90165]]]}},{"type":"Feature","properties":{"country":"ES","region":"Pueblonuevo del Guadiana","parent":"Badajoz"},"geometry":{"type":"MultiPolygon","coordinates":[[[[-6.71761,38.92948],[-6.74092,38.88549],[-6.80821,38.92786],[-6.74048,38.94781],[-6.71761,38.92948]]],[[[-6.75808,38.95712],[-6.76044,38.96173],[-6.75676,38.96187],[-6.75808,38.95712]]]]}},{"type":"Feature","properties":{"country":"ES","region":"Guadiana","parent":"Badajoz"},"geometry":{"type":"Polygon","coordinates":[[[-6.70637,38.91385],[-6.70383,38.9573],[-6.6639,38.96741],[-6.63902,38.94164],[-6.64764,38.91316],[-6.68299,38.90852],[-6.70637,38.91385]]]}},{"type":"Feature","properties":{"country":"ES","region":"Aceuchal","parent":"Badajoz"},"geometry":{"type":"Polygon","coordinates":[[[-6.50131,38.61961],[-6.54635,38.68036],[-6.521,38.69417],[-6.51767,38.72695],[-6.42967,38.64768],[-6.44523,38.62706],[-6.50131,38.61961]]]}},{"type":"Feature","properties":{"country":"ES","region":"Alange","parent":"Badajoz"},"geometry":{"type":"Polygon","coordinates":[[[-6.19827,38.78065],[-6.18892,38.69332],[-6.26058,38.66381],[-6.35672,38.6581],[-6.31936,38.72302],[-6.33117,38.76103],[-6.35745,38.77152],[-6.29718,38.75322],[-6.26994,38.77316],[-6.33876,38.79429],[-6.27129,38.7807],[-6.30754,38.80526],[-6.23954,38.7981],[-6.19827,38.78065]]]}},{"type":"Feature","properties":{"country":"ES","region":"Aljucén","parent":"Badajoz"},"geometry":{"type":"Polygon","coordinates":[[[-6.31481,39.03415],[-6.3392,39.03609],[-6.36661,39.05596],[-6.31622,39.07724],[-6.31481,39.03415]]]}},{"type":"Feature","properties":{"country":"ES","region":"Montánchez","parent":"Cáceres"},"geometry":{"type":"MultiPolygon","coordinates":[[[[-6.24166,39.23754],[-6.17732,39.24694],[-6.16598,39.27762],[-6.18624,39.2921],[-6.16853,39.29534],[-6.07537,39.22779],[-6.11282,39.18961],[-6.1921,39.19579],[-6.24166,39.23754]]],[[[-6.21206,39.13186],[-6.21426,39.1076],[-6.17164,39.07104],[-6.22015,39.09892],[-6.29542,39.09842],[-6.31948,39.18395],[-6.27914,39.13163],[-6.21206,39.13186]]]]}},{"type":"Feature","properties":{"country":"ES","region":"Alcuéscar","parent":"Cáceres"},"geometry":{"type":"MultiPolygon","coordinates":[[[[-6.20291,39.05708],[-6.22015,39.09892],[-6.16847,39.05893],[-6.20291,39.05708]]],[[[-6.31948,39.18395],[-6.23592,39.23741],[-6.20073,39.21216],[-6.17279,39.13973],[-6.27914,39.13163],[-6.31948,39.18395]]]]}},{"type":"Feature","properties":{"country":"ES","region":"Almoharín","parent":"Cáceres"},"geometry":{"type":"Polygon","coordinates":[[[-6.12524,39.05],[-6.1334,39.10501],[-6.09589,39.11971],[-6.07839,39.18647],[-5.9905,39.20077],[-6.00847,39.13348],[-6.12524,39.05]]]}},{"type":"Feature","properties":{"country":"ES","region":"Arroyomolinos (Cáceres)","parent":"Cáceres"},"geometry":{"type":"Polygon","coordinates":[[[-6.21206,39.13186],[-6.17279,39.13973],[-6.18814,39.20213],[-6.11282,39.18961],[-6.08925,39.20355],[-6.07839,39.18647],[-6.09589,39.11971],[-6.1334,39.10501],[-6.12524,39.05],[-6.14216,39.03164],[-6.21426,39.1076],[-6.21206,39.13186]]]}},{"type":"Feature","properties":{"country":"ES","region":"Cáceres","parent":"Cáceres"},"geometry":{"type":"Polygon","coordinates":[[[-6.4574,39.4498],[-6.4794,39.49146],[-6.44693,39.51286],[-6.54683,39.54917],[-6.55736,39.57649],[-6.40123,39.53884],[-6.38438,39.55148],[-6.39171,39.59108],[-6.46573,39.62739],[-6.43706,39.6488],[-6.37458,39.60193],[-6.28732,39.59512],[-6.14472,39.54068],[-6.08202,39.4529],[-6.08129,39.37702],[-6.20006,39.34796],[-6.19615,39.3783],[-6.25956,39.40396],[-6.27992,39.38539],[-6.26009,39.35753],[-6.28721,39.32609],[-6.36298,39.28749],[-6.3052,39.27681],[-6.29145,39.25011],[-6.31948,39.18395],[-6.37638,39.16292],[-6.53543,39.1803],[-6.53853,39.15677],[-6.57433,39.15842],[-6.58099,39.17943],[-6.63318,39.19648],[-6.68107,39.17721],[-6.78325,39.20034],[-6.8008,39.23783],[-6.7472,39.32175],[-6.79616,39.34453],[-6.80214,39.38956],[-6.76271,39.44438],[-6.64892,39.5092],[-6.61703,39.45112],[-6.542,39.47722],[-6.52318,39.46584],[-6.54567,39.42966],[-6.4817,39.40822],[-6.4574,39.4498]],[[-6.29904,39.44495],[-6.26778,39.41748],[-6.23125,39.43883],[-6.28006,39.45952],[-6.29904,39.44495]],[[-6.76258,39.40285],[-6.7175,39.35108],[-6.63605,39.38411],[-6.65773,39.41666],[-6.64182,39.42582],[-6.68393,39.46108],[-6.73985,39.43962],[-6.76258,39.40285]]]}},{"type":"Feature","properties":{"country":"ES","region":"Casas de Don Antonio","parent":"Cáceres"},"geometry":{"type":"Polygon","coordinates":[[[-6.31948,39.18395],[-6.25615,39.28231],[-6.24828,39.23755],[-6.31948,39.18395]]]}},{"type":"Feature","properties":{"country":"ES","region":"Cabezón de Liébana","parent":"Cantabria"},"geometry":{"type":"Polygon","coordinates":[[[-4.462,43.1459],[-4.483,43.12437],[-4.47109,43.10089],[-4.57103,43.10802],[-4.59247,43.08052],[-4.61259,43.15827],[-4.51191,43.17202],[-4.462,43.1459]]]}},{"type":"Feature","properties":{"country":"ES","region":"Camaleño","parent":"Cantabria"},"geometry":{"type":"Polygon","coordinates":[[[-4.85077,43.17334],[-4.66896,43.2052],[-4.63268,43.15429],[-4.75138,43.07566],[-4.83316,43.10252],[-4.85077,43.17334]]]}},{"type":"Feature","properties":{"country":"ES","region":"Bande","parent":"Ourense"},"geometry":{"type":"Polygon","coordinates":[[[-7.9158,42.06138],[-7.87626,42.02638],[-8.00039,41.96071],[-8.02263,41.97959],[-7.98852,42.00104],[-8.06435,42.06038],[-8.00658,42.08394],[-7.9158,42.06138]]]}},{"type":"Feature","properties":{"country":"ES","region":"Entrimo","parent":"Ourense"},"geometry":{"type":"Polygon","coordinates":[[[-8.09353,42.00087],[-8.10235,41.97427],[-8.07494,41.9239],[-8.11206,41.89693],[-8.21368,41.90064],[-8.16241,41.98251],[-8.09353,42.00087]]]}},{"type":"Feature","properties":{"country":"ES","region":"Velilla del Río Carrión","parent":"Palencia"},"geometry":{"type":"Polygon","coordinates":[[[-4.71484,42.97872],[-4.73644,42.93967],[-4.68997,42.90799],[-4.69313,42.86608],[-4.83272,42.81066],[-4.87892,42.8169],[-4.89839,42.86308],[-4.86522,42.8619],[-4.81039,42.9298],[-4.79389,42.98703],[-4.73785,43.02094],[-4.71484,42.97872]]]}},{"type":"Feature","properties":{"country":"ES","region":"Lobeira","parent":"Ourense"},"geometry":{"type":"Polygon","coordinates":[[[-8.05558,41.94223],[-8.04903,41.9597],[-8.0971,42.00232],[-8.07169,42.06472],[-7.98852,42.00104],[-8.02263,41.97959],[-8.00158,41.95643],[-8.05558,41.94223]]]}},{"type":"Feature","properties":{"country":"ES","region":"Lobios","parent":"Ourense"},"geometry":{"type":"Polygon","coordinates":[[[-8.01392,41.82983],[-8.16507,41.8183],[-8.17051,41.87765],[-8.19969,41.87565],[-8.21368,41.90064],[-8.11206,41.89693],[-8.07494,41.9239],[-8.10235,41.97427],[-8.09353,42.00087],[-8.04903,41.9597],[-8.04955,41.9239],[-8.019,41.91948],[-7.98083,41.87239],[-8.01392,41.82983]]]}},{"type":"Feature","properties":{"country":"ES","region":"Muíños","parent":"Ourense"},"geometry":{"type":"Polygon","coordinates":[[[-7.92207,41.87948],[-7.98083,41.87239],[-8.05558,41.94223],[-7.95206,41.97804],[-7.93144,42.00594],[-7.90236,42.00204],[-7.92207,41.87948]]]}},{"type":"Feature","properties":{"country":"ES","region":"Padrenda","parent":"Ourense"},"geometry":{"type":"Polygon","coordinates":[[[-8.1839,42.0694],[-8.199,42.15442],[-8.1663,42.17274],[-8.12299,42.15797],[-8.10703,42.13707],[-8.11848,42.08212],[-8.1839,42.0694]]]}},{"type":"Feature","properties":{"country":"ES","region":"Quintela de Leirado","parent":"Ourense"},"geometry":{"type":"Polygon","coordinates":[[[-8.0534,42.15361],[-8.06089,42.11932],[-8.1045,42.07461],[-8.11848,42.08212],[-8.10703,42.13707],[-8.12299,42.15797],[-8.0534,42.15361]]]}},{"type":"Feature","properties":{"country":"ES","region":"Verea","parent":"Ourense"},"geometry":{"type":"Polygon","coordinates":[[[-7.9158,42.06138],[-8.00658,42.08394],[-8.08693,42.05336],[-8.1045,42.07461],[-8.07506,42.11204],[-8.00891,42.12064],[-7.99643,42.14558],[-7.9795,42.11838],[-7.89094,42.11237],[-7.9158,42.06138]]]}},{"type":"Feature","properties":{"country":"ES","region":"Amieva","parent":"Asturias"},"geometry":{"type":"Polygon","coordinates":[[[-5.13116,43.30687],[-5.10193,43.28167],[-4.97076,43.20295],[-4.99762,43.17026],[-5.05367,43.18143],[-5.07996,43.22201],[-5.13626,43.22219],[-5.20658,43.27221],[-5.13116,43.30687]]]}},{"type":"Feature","properties":{"country":"ES","region":"Cabrales","parent":"Asturias"},"geometry":{"type":"Polygon","coordinates":[[[-4.91557,43.35796],[-4.77835,43.36204],[-4.78234,43.32524],[-4.7226,43.24057],[-4.73581,43.18849],[-4.84102,43.18078],[-4.87023,43.22696],[-4.90891,43.23786],[-4.9405,43.29629],[-4.91557,43.35796]]]}},{"type":"Feature","properties":{"country":"ES","region":"Cangas de Onís","parent":"Asturias"},"geometry":{"type":"Polygon","coordinates":[[[-5.13116,43.30687],[-5.13351,43.35618],[-5.17716,43.39608],[-5.08548,43.42453],[-5.03024,43.40674],[-4.9836,43.36548],[-5.00273,43.29787],[-4.97526,43.2867],[-4.94272,43.22477],[-4.97076,43.20295],[-5.13116,43.30687]]]}},{"type":"Feature","properties":{"country":"ES","region":"Caravia","parent":"Asturias"},"geometry":{"type":"Polygon","coordinates":[[[-5.16838,43.47628],[-5.16338,43.45943],[-5.1933,43.4392],[-5.21499,43.45293],[-5.21487,43.47371],[-5.16838,43.47628]]]}},{"type":"Feature","properties":{"country":"ES","region":"Caso","parent":"Asturias"},"geometry":{"type":"Polygon","coordinates":[[[-5.2861,43.23989],[-5.2495,43.21054],[-5.25103,43.18501],[-5.21564,43.17259],[-5.18902,43.11841],[-5.21028,43.08705],[-5.36711,43.09463],[-5.40805,43.07916],[-5.46367,43.13417],[-5.42128,43.19373],[-5.41834,43.27044],[-5.2861,43.23989]]]}},{"type":"Feature","properties":{"country":"ES","region":"Colunga","parent":"Asturias"},"geometry":{"type":"Polygon","coordinates":[[[-5.33976,43.42667],[-5.34388,43.48611],[-5.29637,43.53604],[-5.22515,43.48552],[-5.20071,43.43797],[-5.29607,43.41204],[-5.33976,43.42667]]]}},{"type":"Feature","properties":{"country":"ES","region":"Llanes","parent":"Asturias"},"geometry":{"type":"Polygon","coordinates":[[[-4.61645,43.35034],[-4.67233,43.35325],[-4.70971,43.36472],[-4.92897,43.35322],[-4.9836,43.36548],[-5.03024,43.40674],[-4.99196,43.42372],[-4.98116,43.45952],[-4.92908,43.46177],[-4.58332,43.39944],[-4.62186,43.36748],[-4.61645,43.35034]]]}},{"type":"Feature","properties":{"country":"ES","region":"Onís","parent":"Asturias"},"geometry":{"type":"Polygon","coordinates":[[[-4.90891,43.23786],[-4.94272,43.22477],[-4.97526,43.2867],[-5.00273,43.29787],[-4.9836,43.36548],[-4.91557,43.35796],[-4.9405,43.29629],[-4.90891,43.23786]]]}},{"type":"Feature","properties":{"country":"ES","region":"Parres","parent":"Asturias"},"geometry":{"type":"Polygon","coordinates":[[[-5.13116,43.30687],[-5.22113,43.28277],[-5.24158,43.32523],[-5.22851,43.38486],[-5.26945,43.42586],[-5.18449,43.44037],[-5.16012,43.41802],[-5.08548,43.42453],[-5.18412,43.38718],[-5.13351,43.35618],[-5.13116,43.30687]]]}},{"type":"Feature","properties":{"country":"ES","region":"Peñamellera Alta","parent":"Asturias"},"geometry":{"type":"Polygon","coordinates":[[[-4.64345,43.35106],[-4.66453,43.29193],[-4.73094,43.25734],[-4.78698,43.34329],[-4.77835,43.36204],[-4.64345,43.35106]]]}},{"type":"Feature","properties":{"country":"ES","region":"Peñamellera Baja","parent":"Asturias"},"geometry":{"type":"Polygon","coordinates":[[[-4.53946,43.34396],[-4.51859,43.29396],[-4.53724,43.27026],[-4.60495,43.29846],[-4.63326,43.2673],[-4.70604,43.26687],[-4.66453,43.29193],[-4.64345,43.35106],[-4.53946,43.34396]]]}},{"type":"Feature","properties":{"country":"ES","region":"Piloña","parent":"Asturias"},"geometry":{"type":"Polygon","coordinates":[[[-5.2861,43.23989],[-5.39815,43.27141],[-5.46588,43.25891],[-5.48186,43.28762],[-5.42004,43.342],[-5.42962,43.38385],[-5.38314,43.38552],[-5.34776,43.4267],[-5.25011,43.4138],[-5.22851,43.38486],[-5.24158,43.32523],[-5.22113,43.28277],[-5.27334,43.26584],[-5.2861,43.23989]]]}},{"type":"Feature","properties":{"country":"ES","region":"Ponga","parent":"Asturias"},"geometry":{"type":"Polygon","coordinates":[[[-5.2861,43.23989],[-5.27334,43.26584],[-5.22113,43.28277],[-5.13626,43.22219],[-5.07996,43.22201],[-5.05367,43.18143],[-5.07655,43.17763],[-5.09668,43.10734],[-5.14853,43.11403],[-5.20396,43.09053],[-5.18902,43.11841],[-5.21564,43.17259],[-5.25103,43.18501],[-5.2495,43.21054],[-5.2861,43.23989]]]}},{"type":"Feature","properties":{"country":"ES","region":"Ribadesella","parent":"Asturias"},"geometry":{"type":"Polygon","coordinates":[[[-5.01981,43.40929],[-5.16012,43.41802],[-5.1933,43.4392],[-5.16338,43.45943],[-5.16838,43.47628],[-5.12307,43.48422],[-4.98116,43.45952],[-5.01981,43.40929]]]}},{"type":"Feature","properties":{"country":"ES","region":"Villaviciosa","parent":"Asturias"},"geometry":{"type":"Polygon","coordinates":[[[-5.33976,43.42667],[-5.36615,43.40689],[-5.41503,43.43749],[-5.44795,43.41208],[-5.5648,43.42624],[-5.58551,43.44313],[-5.56406,43.50218],[-5.59159,43.54796],[-5.41,43.55582],[-5.38255,43.53574],[-5.31189,43.53395],[-5.34388,43.48611],[-5.33976,43.42667]]]}},{"type":"Feature","properties":{"country":"ES","region":"Cervera de Pisuerga","parent":"Palencia"},"geometry":{"type":"Polygon","coordinates":[[[-4.50908,42.83731],[-4.64874,42.86857],[-4.6819,42.90386],[-4.63509,42.92353],[-4.63508,42.96035],[-4.71484,42.97872],[-4.73785,43.02094],[-4.65225,43.02084],[-4.5892,42.98851],[-4.56222,42.92485],[-4.51372,42.92758],[-4.52004,42.9481],[-4.43853,42.97583],[-4.36542,42.97765],[-4.37646,42.93335],[-4.45728,42.90808],[-4.39243,42.84752],[-4.41798,42.81892],[-4.37273,42.79055],[-4.42511,42.75126],[-4.47794,42.79989],[-4.4583,42.83129],[-4.47074,42.85662],[-4.50908,42.83731]]]}},{"type":"Feature","properties":{"country":"ES","region":"Campazas","parent":"León"},"geometry":{"type":"Polygon","coordinates":[[[-5.5339,42.14064],[-5.49268,42.1757],[-5.45473,42.1496],[-5.48464,42.12567],[-5.5339,42.14064]]]}},{"type":"Feature","properties":{"country":"ES","region":"Cebrones del Río","parent":"León"},"geometry":{"type":"Polygon","coordinates":[[[-5.79978,42.27663],[-5.8343,42.21924],[-5.877,42.27503],[-5.87258,42.28321],[-5.79978,42.27663]]]}},{"type":"Feature","properties":{"country":"ES","region":"Cimanes de la Vega","parent":"León"},"geometry":{"type":"Polygon","coordinates":[[[-5.63706,42.08376],[-5.6201,42.10521],[-5.64406,42.13648],[-5.57759,42.12569],[-5.58876,42.07565],[-5.63706,42.08376]]]}},{"type":"Feature","properties":{"country":"ES","region":"Fuentes de Carbajal","parent":"León"},"geometry":{"type":"Polygon","coordinates":[[[-5.46615,42.21292],[-5.4558,42.19351],[-5.40567,42.16489],[-5.45473,42.1496],[-5.50332,42.17347],[-5.46615,42.21292]]]}},{"type":"Feature","properties":{"country":"ES","region":"Gordoncillo","parent":"León"},"geometry":{"type":"Polygon","coordinates":[[[-5.38162,42.09644],[-5.44198,42.13667],[-5.44768,42.1524],[-5.38117,42.15066],[-5.38162,42.09644]]]}},{"type":"Feature","properties":{"country":"ES","region":"Laguna Dalga","parent":"León"},"geometry":{"type":"Polygon","coordinates":[[[-5.79887,42.28477],[-5.80375,42.33237],[-5.77916,42.34148],[-5.7197,42.3447],[-5.70065,42.3165],[-5.79887,42.28477]]]}},{"type":"Feature","properties":{"country":"ES","region":"Laguna de Negrillos","parent":"León"},"geometry":{"type":"Polygon","coordinates":[[[-5.70141,42.21506],[-5.69063,42.28397],[-5.64135,42.28547],[-5.60632,42.25517],[-5.61751,42.18536],[-5.65845,42.20437],[-5.68076,42.1819],[-5.70141,42.21506]]]}},{"type":"Feature","properties":{"country":"ES","region":"Ajalvir","parent":"Madrid"},"geometry":{"type":"Polygon","coordinates":[[[-3.51206,40.5386],[-3.48082,40.56213],[-3.46185,40.51183],[-3.43494,40.50887],[-3.47945,40.49459],[-3.51206,40.5386]]]}},{"type":"Feature","properties":{"country":"ES","region":"Alcalá de Henares","parent":"Madrid"},"geometry":{"type":"Polygon","coordinates":[[[-3.41566,40.54537],[-3.39232,40.52452],[-3.28985,40.53175],[-3.30785,40.50046],[-3.28797,40.48767],[-3.3576,40.44956],[-3.44704,40.44628],[-3.42675,40.47279],[-3.43778,40.53713],[-3.41566,40.54537]]]}},{"type":"Feature","properties":{"country":"ES","region":"Alcobendas","parent":"Madrid"},"geometry":{"type":"Polygon","coordinates":[[[-3.55293,40.53221],[-3.5541,40.5113],[-3.59913,40.50136],[-3.6581,40.51269],[-3.69748,40.57706],[-3.67398,40.58882],[-3.62532,40.54062],[-3.55293,40.53221]]]}},{"type":"Feature","properties":{"country":"ES","region":"Alcorcón","parent":"Madrid"},"geometry":{"type":"Polygon","coordinates":[[[-3.83765,40.40293],[-3.78761,40.35866],[-3.83929,40.32443],[-3.87833,40.3707],[-3.83765,40.40293]]]}},{"type":"Feature","properties":{"country":"ES","region":"Algete","parent":"Madrid"},"geometry":{"type":"Polygon","coordinates":[[[-3.55903,40.6505],[-3.55769,40.61224],[-3.48606,40.62487],[-3.45375,40.60723],[-3.48567,40.58586],[-3.55864,40.58639],[-3.59353,40.65476],[-3.55903,40.6505]]]}},{"type":"Feature","properties":{"country":"ES","region":"Aranjuez","parent":"Madrid"},"geometry":{"type":"Polygon","coordinates":[[[-3.51953,40.02104],[-3.63667,39.98837],[-3.63035,39.9686],[-3.74244,39.94087],[-3.80429,39.88476],[-3.87543,39.91069],[-3.8532,39.93893],[-3.73003,39.96437],[-3.74458,39.97939],[-3.70963,40.0122],[-3.62094,40.05692],[-3.59951,40.12094],[-3.55743,40.1252],[-3.5924,40.06817],[-3.53875,40.06754],[-3.51953,40.02104]]]}},{"type":"Feature","properties":{"country":"ES","region":"Arganda del Rey","parent":"Madrid"},"geometry":{"type":"Polygon","coordinates":[[[-3.42607,40.34967],[-3.43008,40.31853],[-3.37948,40.29733],[-3.36959,40.2653],[-3.38832,40.2501],[-3.48252,40.25684],[-3.51964,40.29425],[-3.51202,40.31765],[-3.42607,40.34967]]]}},{"type":"Feature","properties":{"country":"ES","region":"Oseja de Sajambre","parent":"León"},"geometry":{"type":"Polygon","coordinates":[[[-4.99762,43.17026],[-4.98233,43.12704],[-5.00191,43.1076],[-5.04098,43.09062],[-5.10527,43.10215],[-5.07655,43.17763],[-4.99762,43.17026]]]}},{"type":"Feature","properties":{"country":"ES","region":"Becerril de la Sierra","parent":"Madrid"},"geometry":{"type":"MultiPolygon","coordinates":[[[[-3.86494,40.64561],[-3.87373,40.68105],[-3.82989,40.68066],[-3.86494,40.64561]]],[[[-3.90643,40.67314],[-3.91451,40.67168],[-3.91907,40.6728],[-3.90582,40.68217],[-3.90643,40.67314]],[[-3.90935,40.67859],[-3.91006,40.6741],[-3.90747,40.67669],[-3.90935,40.67859]]],[[[-3.96844,40.76707],[-3.94967,40.71692],[-3.99734,40.69038],[-4.0047,40.71048],[-3.96844,40.76707]]]]}},{"type":"Feature","properties":{"country":"ES","region":"Boadilla del Monte","parent":"Madrid"},"geometry":{"type":"Polygon","coordinates":[[[-3.86744,40.37764],[-3.94883,40.41374],[-3.9447,40.45482],[-3.86297,40.44404],[-3.83765,40.40293],[-3.86744,40.37764]]]}},{"type":"Feature","properties":{"country":"ES","region":"Boalo, El","parent":"Madrid"},"geometry":{"type":"MultiPolygon","coordinates":[[[[-3.8375,40.66706],[-3.8445,40.67209],[-3.83214,40.67676],[-3.8375,40.66706]]],[[[-3.92796,40.66339],[-3.87373,40.68105],[-3.86992,40.66161],[-3.90206,40.66958],[-3.91925,40.64858],[-3.92796,40.66339]]],[[[-3.95105,40.72191],[-3.96844,40.76707],[-3.90609,40.73694],[-3.89241,40.70498],[-3.92418,40.67746],[-3.95165,40.69259],[-3.93487,40.7249],[-3.95105,40.72191]]],[[[-3.91006,40.6741],[-3.90935,40.67859],[-3.90747,40.67669],[-3.91006,40.6741]]]]}},{"type":"Feature","properties":{"country":"ES","region":"Pobladura de Pelayo García","parent":"León"},"geometry":{"type":"Polygon","coordinates":[[[-5.69063,42.28397],[-5.70065,42.3165],[-5.63451,42.31833],[-5.64135,42.28547],[-5.69063,42.28397]]]}},{"type":"Feature","properties":{"country":"ES","region":"Posada de Valdeón","parent":"León"},"geometry":{"type":"Polygon","coordinates":[[[-4.90891,43.23786],[-4.84077,43.19002],[-4.83563,43.1091],[-4.87496,43.0911],[-4.9788,43.09336],[-5.00191,43.1076],[-4.98233,43.12704],[-4.99534,43.18583],[-4.90891,43.23786]]]}},{"type":"Feature","properties":{"country":"ES","region":"Pozuelo del Páramo","parent":"León"},"geometry":{"type":"Polygon","coordinates":[[[-5.78011,42.13526],[-5.82433,42.16127],[-5.74814,42.19577],[-5.68702,42.13825],[-5.78011,42.13526]]]}},{"type":"Feature","properties":{"country":"ES","region":"Quintana del Marco","parent":"León"},"geometry":{"type":"Polygon","coordinates":[[[-5.91099,42.20411],[-5.82102,42.22707],[-5.81754,42.21131],[-5.83908,42.17397],[-5.91099,42.20411]]]}},{"type":"Feature","properties":{"country":"ES","region":"Riaño","parent":"León"},"geometry":{"type":"Polygon","coordinates":[[[-4.95985,42.92676],[-5.03794,42.9183],[-5.0591,42.95227],[-5.10692,42.96475],[-5.10803,42.99693],[-5.05195,42.99411],[-4.96833,43.03164],[-4.93516,43.00897],[-4.94868,42.97365],[-4.9796,42.96228],[-4.95985,42.92676]]]}},{"type":"Feature","properties":{"country":"ES","region":"Cobeña","parent":"Madrid"},"geometry":{"type":"Polygon","coordinates":[[[-3.46593,40.59543],[-3.51206,40.5386],[-3.54618,40.56329],[-3.53983,40.58237],[-3.46593,40.59543]]]}},{"type":"Feature","properties":{"country":"ES","region":"Colmenar Viejo","parent":"Madrid"},"geometry":{"type":"Polygon","coordinates":[[[-3.5844,40.62732],[-3.62567,40.61671],[-3.65076,40.64196],[-3.71582,40.64429],[-3.74014,40.61115],[-3.78658,40.61975],[-3.84228,40.5925],[-3.86494,40.64561],[-3.80043,40.71113],[-3.68658,40.72974],[-3.64254,40.69116],[-3.64935,40.64495],[-3.59163,40.64912],[-3.5844,40.62732]]]}},{"type":"Feature","properties":{"country":"ES","region":"Collado Villalba","parent":"Madrid"},"geometry":{"type":"Polygon","coordinates":[[[-4.02951,40.62982],[-3.9951,40.68106],[-3.94932,40.65615],[-3.98103,40.62015],[-4.02951,40.62982]]]}},{"type":"Feature","properties":{"country":"ES","region":"Coslada","parent":"Madrid"},"geometry":{"type":"Polygon","coordinates":[[[-3.53099,40.44684],[-3.53116,40.41508],[-3.57871,40.41718],[-3.57453,40.43673],[-3.53099,40.44684]]]}},{"type":"Feature","properties":{"country":"ES","region":"Daganzo de Arriba","parent":"Madrid"},"geometry":{"type":"Polygon","coordinates":[[[-3.48082,40.56213],[-3.44197,40.61749],[-3.44157,40.59457],[-3.39537,40.57452],[-3.43778,40.53713],[-3.43494,40.50887],[-3.46185,40.51183],[-3.48082,40.56213]]]}},{"type":"Feature","properties":{"country":"ES","region":"Roperuelos del Páramo","parent":"León"},"geometry":{"type":"Polygon","coordinates":[[[-5.79978,42.27663],[-5.77394,42.27428],[-5.74067,42.2089],[-5.81619,42.1761],[-5.8298,42.23637],[-5.79978,42.27663]]]}},{"type":"Feature","properties":{"country":"ES","region":"San Adrián del Valle","parent":"León"},"geometry":{"type":"Polygon","coordinates":[[[-5.7413,42.11335],[-5.74307,42.14379],[-5.67678,42.12032],[-5.7413,42.11335]]]}},{"type":"Feature","properties":{"country":"ES","region":"San Millán de los Caballeros","parent":"León"},"geometry":{"type":"Polygon","coordinates":[[[-5.6298,42.28009],[-5.62289,42.30348],[-5.55271,42.3106],[-5.53006,42.269],[-5.6298,42.28009]]]}},{"type":"Feature","properties":{"country":"ES","region":"Fuenlabrada","parent":"Madrid"},"geometry":{"type":"Polygon","coordinates":[[[-3.84095,40.28571],[-3.84839,40.32565],[-3.818,40.32776],[-3.80837,40.30166],[-3.76158,40.29417],[-3.74101,40.25424],[-3.8008,40.25021],[-3.81035,40.27681],[-3.84095,40.28571]]]}},{"type":"Feature","properties":{"country":"ES","region":"Fuente el Saz de Jarama","parent":"Madrid"},"geometry":{"type":"Polygon","coordinates":[[[-3.49051,40.62502],[-3.55769,40.61224],[-3.55659,40.66091],[-3.48264,40.66791],[-3.49051,40.62502]]]}},{"type":"Feature","properties":{"country":"ES","region":"Galapagar","parent":"Madrid"},"geometry":{"type":"Polygon","coordinates":[[[-3.95793,40.63281],[-3.93992,40.50843],[-3.98442,40.5166],[-4.00654,40.56179],[-4.04439,40.58311],[-4.03267,40.63009],[-4.00576,40.61633],[-3.95793,40.63281]]]}},{"type":"Feature","properties":{"country":"ES","region":"Getafe","parent":"Madrid"},"geometry":{"type":"Polygon","coordinates":[[[-3.62275,40.26634],[-3.63826,40.29061],[-3.71066,40.26703],[-3.76158,40.29417],[-3.72477,40.33495],[-3.57597,40.31485],[-3.57135,40.28708],[-3.62275,40.26634]]]}},{"type":"Feature","properties":{"country":"ES","region":"Guadalix de la Sierra","parent":"Madrid"},"geometry":{"type":"Polygon","coordinates":[[[-3.65946,40.80482],[-3.6084,40.77962],[-3.67568,40.72834],[-3.70504,40.72538],[-3.74345,40.76673],[-3.72252,40.79733],[-3.65946,40.80482]]]}},{"type":"Feature","properties":{"country":"ES","region":"Hoyo de Manzanares","parent":"Madrid"},"geometry":{"type":"Polygon","coordinates":[[[-3.8796,40.65153],[-3.84228,40.5925],[-3.9529,40.59739],[-3.92143,40.63718],[-3.8796,40.65153]]]}},{"type":"Feature","properties":{"country":"ES","region":"Humanes de Madrid","parent":"Madrid"},"geometry":{"type":"Polygon","coordinates":[[[-3.80744,40.22938],[-3.85136,40.23681],[-3.8393,40.27694],[-3.81035,40.27681],[-3.80744,40.22938]]]}},{"type":"Feature","properties":{"country":"ES","region":"Leganés","parent":"Madrid"},"geometry":{"type":"Polygon","coordinates":[[[-3.76158,40.29417],[-3.80837,40.30166],[-3.818,40.32776],[-3.80028,40.35552],[-3.72201,40.36488],[-3.76158,40.29417]]]}},{"type":"Feature","properties":{"country":"ES","region":"Loeches","parent":"Madrid"},"geometry":{"type":"Polygon","coordinates":[[[-3.35255,40.36651],[-3.45332,40.34323],[-3.46566,40.38846],[-3.43465,40.42973],[-3.35255,40.36651]]]}},{"type":"Feature","properties":{"country":"ES","region":"Santa Elena de Jamuz","parent":"León"},"geometry":{"type":"Polygon","coordinates":[[[-5.8343,42.21924],[-5.91099,42.20411],[-5.96283,42.2269],[-5.96571,42.27907],[-5.877,42.27503],[-5.8343,42.21924]]]}},{"type":"Feature","properties":{"country":"ES","region":"Toral de los Guzmanes","parent":"León"},"geometry":{"type":"Polygon","coordinates":[[[-5.53177,42.24043],[-5.54703,42.21957],[-5.61028,42.24325],[-5.57114,42.25968],[-5.53177,42.24043]]]}},{"type":"Feature","properties":{"country":"ES","region":"Madrid","parent":"Madrid"},"geometry":{"type":"Polygon","coordinates":[[[-3.834,40.39602],[-3.78121,40.39469],[-3.77072,40.43961],[-3.83419,40.46438],[-3.83788,40.50536],[-3.88729,40.56766],[-3.88353,40.58523],[-3.81035,40.60943],[-3.71055,40.58339],[-3.65989,40.64043],[-3.6378,40.6369],[-3.60247,40.59194],[-3.62359,40.57473],[-3.66106,40.59148],[-3.69748,40.57706],[-3.67569,40.52658],[-3.59913,40.50136],[-3.5541,40.5113],[-3.52557,40.46806],[-3.53099,40.44684],[-3.57786,40.43309],[-3.57338,40.41223],[-3.51976,40.40989],[-3.57597,40.31485],[-3.70744,40.3231],[-3.72201,40.36488],[-3.81058,40.36501],[-3.834,40.39602]]]}},{"type":"Feature","properties":{"country":"ES","region":"Majadahonda","parent":"Madrid"},"geometry":{"type":"Polygon","coordinates":[[[-3.9447,40.45482],[-3.93327,40.49966],[-3.83419,40.46438],[-3.86297,40.44404],[-3.9447,40.45482]]]}},{"type":"Feature","properties":{"country":"ES","region":"Manzanares el Real","parent":"Madrid"},"geometry":{"type":"MultiPolygon","coordinates":[[[[-3.90582,40.68217],[-3.89241,40.70498],[-3.90609,40.73694],[-3.97952,40.78451],[-3.83799,40.81217],[-3.80043,40.71113],[-3.82989,40.68066],[-3.90582,40.68217]]],[[[-3.91687,40.65952],[-3.92752,40.65183],[-3.92869,40.65714],[-3.91687,40.65952]]],[[[-3.94056,40.71251],[-3.95105,40.72191],[-3.93487,40.7249],[-3.94056,40.71251]]]]}},{"type":"Feature","properties":{"country":"ES","region":"Mejorada del Campo","parent":"Madrid"},"geometry":{"type":"Polygon","coordinates":[[[-3.44284,40.41866],[-3.50014,40.37793],[-3.5084,40.39638],[-3.44284,40.41866]]]}},{"type":"Feature","properties":{"country":"ES","region":"Molar, El (Madrid)","parent":"Madrid"},"geometry":{"type":"Polygon","coordinates":[[[-3.59353,40.65476],[-3.60739,40.71433],[-3.59367,40.75052],[-3.52572,40.73249],[-3.55338,40.65238],[-3.59353,40.65476]]]}},{"type":"Feature","properties":{"country":"ES","region":"Moraleja de Enmedio","parent":"Madrid"},"geometry":{"type":"Polygon","coordinates":[[[-3.8393,40.27694],[-3.86813,40.22664],[-3.94322,40.26185],[-3.91067,40.25739],[-3.87684,40.28826],[-3.8393,40.27694]]]}},{"type":"Feature","properties":{"country":"ES","region":"Moralzarzal","parent":"Madrid"},"geometry":{"type":"MultiPolygon","coordinates":[[[[-3.91925,40.64858],[-3.90206,40.66958],[-3.87366,40.65721],[-3.9529,40.59739],[-3.94932,40.65615],[-3.99205,40.66689],[-3.99734,40.69038],[-3.94407,40.71614],[-3.95165,40.69259],[-3.90582,40.68217],[-3.92796,40.66339],[-3.91925,40.64858]]],[[[-3.903,40.67456],[-3.90727,40.6776],[-3.90373,40.67853],[-3.903,40.67456]]]]}},{"type":"Feature","properties":{"country":"ES","region":"Móstoles","parent":"Madrid"},"geometry":{"type":"MultiPolygon","coordinates":[[[[-3.84095,40.28571],[-3.89849,40.30437],[-3.9416,40.29714],[-3.94433,40.32292],[-3.87076,40.35308],[-3.84095,40.28571]]],[[[-3.92241,40.28899],[-3.92589,40.29656],[-3.91657,40.29047],[-3.92241,40.28899]]]]}},{"type":"Feature","properties":{"country":"ES","region":"Valdemora","parent":"León"},"geometry":{"type":"Polygon","coordinates":[[[-5.46252,42.20406],[-5.41749,42.20499],[-5.39813,42.15604],[-5.41432,42.15924],[-5.46252,42.20406]]]}},{"type":"Feature","properties":{"country":"ES","region":"Valderas","parent":"León"},"geometry":{"type":"Polygon","coordinates":[[[-5.37631,42.04146],[-5.44061,42.03256],[-5.52938,42.11362],[-5.44768,42.1524],[-5.38162,42.09644],[-5.37631,42.04146]]]}},{"type":"Feature","properties":{"country":"ES","region":"Valencia de Don Juan","parent":"León"},"geometry":{"type":"Polygon","coordinates":[[[-5.55271,42.3106],[-5.51819,42.33701],[-5.43529,42.29077],[-5.4887,42.2657],[-5.49253,42.22778],[-5.53756,42.24374],[-5.55271,42.3106]]]}},{"type":"Feature","properties":{"country":"ES","region":"Paracuellos de Jarama","parent":"Madrid"},"geometry":{"type":"Polygon","coordinates":[[[-3.56196,40.5708],[-3.47631,40.48789],[-3.51251,40.4687],[-3.55395,40.50219],[-3.56196,40.5708]]]}},{"type":"Feature","properties":{"country":"ES","region":"Parla","parent":"Madrid"},"geometry":{"type":"Polygon","coordinates":[[[-3.73328,40.21103],[-3.8032,40.21996],[-3.8008,40.25021],[-3.73662,40.25235],[-3.73328,40.21103]]]}},{"type":"Feature","properties":{"country":"ES","region":"Pedrezuela","parent":"Madrid"},"geometry":{"type":"Polygon","coordinates":[[[-3.67568,40.72834],[-3.62955,40.77031],[-3.60429,40.77633],[-3.59197,40.72841],[-3.60739,40.71433],[-3.67568,40.72834]]]}},{"type":"Feature","properties":{"country":"ES","region":"Pinto","parent":"Madrid"},"geometry":{"type":"Polygon","coordinates":[[[-3.64348,40.22963],[-3.69984,40.19889],[-3.73328,40.21103],[-3.73937,40.2709],[-3.63826,40.29061],[-3.62275,40.26634],[-3.64348,40.22963]]]}},{"type":"Feature","properties":{"country":"ES","region":"Pozuelo de Alarcón","parent":"Madrid"},"geometry":{"type":"Polygon","coordinates":[[[-3.834,40.39602],[-3.86297,40.44404],[-3.84646,40.45717],[-3.77246,40.44372],[-3.78121,40.39469],[-3.834,40.39602]]]}},{"type":"Feature","properties":{"country":"ES","region":"Villabraz","parent":"León"},"geometry":{"type":"Polygon","coordinates":[[[-5.46615,42.21292],[-5.49253,42.22778],[-5.4887,42.2657],[-5.43529,42.29077],[-5.3777,42.28522],[-5.46615,42.21292]]]}},{"type":"Feature","properties":{"country":"ES","region":"Villademor de la Vega","parent":"León"},"geometry":{"type":"Polygon","coordinates":[[[-5.53006,42.269],[-5.53337,42.25319],[-5.60632,42.25517],[-5.6298,42.28009],[-5.53006,42.269]]]}},{"type":"Feature","properties":{"country":"ES","region":"Villamandos","parent":"León"},"geometry":{"type":"Polygon","coordinates":[[[-5.60952,42.2046],[-5.55866,42.19194],[-5.57097,42.16004],[-5.61922,42.1676],[-5.60952,42.2046]]]}},{"type":"Feature","properties":{"country":"ES","region":"Rivas-Vaciamadrid","parent":"Madrid"},"geometry":{"type":"Polygon","coordinates":[[[-3.50301,40.40722],[-3.51067,40.37105],[-3.48482,40.36089],[-3.47115,40.32019],[-3.57135,40.28708],[-3.58288,40.32474],[-3.54234,40.39181],[-3.50301,40.40722]]]}},{"type":"Feature","properties":{"country":"ES","region":"Rozas de Madrid, Las","parent":"Madrid"},"geometry":{"type":"Polygon","coordinates":[[[-3.93327,40.49966],[-3.94516,40.55131],[-3.88542,40.57441],[-3.83344,40.48919],[-3.83657,40.47508],[-3.93327,40.49966]]]}},{"type":"Feature","properties":{"country":"ES","region":"San Agustín del Guadalix","parent":"Madrid"},"geometry":{"type":"Polygon","coordinates":[[[-3.60739,40.71433],[-3.59163,40.64912],[-3.64935,40.64495],[-3.64254,40.69116],[-3.67667,40.70395],[-3.6769,40.72324],[-3.60739,40.71433]]]}},{"type":"Feature","properties":{"country":"ES","region":"San Fernando de Henares","parent":"Madrid"},"geometry":{"type":"Polygon","coordinates":[[[-3.48223,40.4314],[-3.41977,40.45045],[-3.41192,40.42579],[-3.50301,40.40722],[-3.53737,40.42792],[-3.5284,40.47227],[-3.49934,40.47179],[-3.48223,40.4314]]]}},{"type":"Feature","properties":{"country":"ES","region":"San Martín de la Vega","parent":"Madrid"},"geometry":{"type":"Polygon","coordinates":[[[-3.55929,40.18983],[-3.64348,40.22963],[-3.63232,40.2594],[-3.51964,40.29425],[-3.48252,40.25684],[-3.50193,40.25247],[-3.49814,40.21693],[-3.55929,40.18983]]]}},{"type":"Feature","properties":{"country":"ES","region":"San Sebastián de los Reyes","parent":"Madrid"},"geometry":{"type":"Polygon","coordinates":[[[-3.67398,40.58882],[-3.62359,40.57473],[-3.60247,40.59194],[-3.62567,40.61671],[-3.5844,40.62732],[-3.53983,40.58237],[-3.56196,40.5708],[-3.54869,40.53558],[-3.62532,40.54062],[-3.67398,40.58882]]]}},{"type":"Feature","properties":{"country":"ES","region":"Villaquejida","parent":"León"},"geometry":{"type":"Polygon","coordinates":[[[-5.66535,42.14114],[-5.59749,42.16817],[-5.57097,42.16004],[-5.57218,42.13554],[-5.52746,42.13975],[-5.51676,42.1222],[-5.56071,42.05596],[-5.58662,42.0509],[-5.57759,42.12569],[-5.66535,42.14114]]]}},{"type":"Feature","properties":{"country":"ES","region":"Zotes del Páramo","parent":"León"},"geometry":{"type":"Polygon","coordinates":[[[-5.79978,42.27663],[-5.69995,42.30284],[-5.70141,42.21506],[-5.74067,42.2089],[-5.77394,42.27428],[-5.79978,42.27663]]]}},{"type":"Feature","properties":{"country":"ES","region":"Villaornate y Castro","parent":"León"},"geometry":{"type":"Polygon","coordinates":[[[-5.53177,42.24043],[-5.47761,42.20956],[-5.50455,42.16273],[-5.57218,42.13554],[-5.53177,42.24043]]]}},{"type":"Feature","properties":{"country":"ES","region":"Torrejón de Ardoz","parent":"Madrid"},"geometry":{"type":"Polygon","coordinates":[[[-3.43494,40.50887],[-3.43225,40.46079],[-3.48223,40.4314],[-3.49934,40.47179],[-3.43494,40.50887]]]}},{"type":"Feature","properties":{"country":"ES","region":"Torrelodones","parent":"Madrid"},"geometry":{"type":"Polygon","coordinates":[[[-3.94516,40.55131],[-3.9529,40.59739],[-3.88353,40.58523],[-3.88542,40.57441],[-3.94516,40.55131]]]}},{"type":"Feature","properties":{"country":"ES","region":"Valdetorres de Jarama","parent":"Madrid"},"geometry":{"type":"Polygon","coordinates":[[[-3.46855,40.68993],[-3.47107,40.66901],[-3.55659,40.66091],[-3.52572,40.73249],[-3.46855,40.68993]]]}},{"type":"Feature","properties":{"country":"ES","region":"Velilla de San Antonio","parent":"Madrid"},"geometry":{"type":"Polygon","coordinates":[[[-3.45332,40.34323],[-3.47144,40.33808],[-3.51067,40.37105],[-3.46566,40.38846],[-3.45332,40.34323]]]}},{"type":"Feature","properties":{"country":"ES","region":"Villanueva de la Cañada","parent":"Madrid"},"geometry":{"type":"Polygon","coordinates":[[[-4.04157,40.44866],[-4.01437,40.47044],[-3.97619,40.45477],[-3.93683,40.48445],[-3.94675,40.408],[-4.04157,40.44866]]]}},{"type":"Feature","properties":{"country":"ES","region":"Villanueva del Pardillo","parent":"Madrid"},"geometry":{"type":"Polygon","coordinates":[[[-3.98442,40.5166],[-3.93327,40.49966],[-3.97619,40.45477],[-4.00094,40.48558],[-3.98442,40.5166]]]}},{"type":"Feature","properties":{"country":"ES","region":"Villaviciosa de Odón","parent":"Madrid"},"geometry":{"type":"Polygon","coordinates":[[[-4.00512,40.35925],[-3.94776,40.36957],[-3.94883,40.41374],[-3.86744,40.37764],[-3.87076,40.35308],[-3.93284,40.33777],[-3.94135,40.30013],[-4.00173,40.33317],[-4.00512,40.35925]]]}},{"type":"Feature","properties":{"country":"ES","region":"Tres Cantos","parent":"Madrid"},"geometry":{"type":"Polygon","coordinates":[[[-3.81035,40.60943],[-3.74014,40.61115],[-3.71582,40.64429],[-3.66782,40.62956],[-3.71055,40.58339],[-3.81035,40.60943]]]}},{"type":"Feature","properties":{"country":"ES","region":"Acebedo","parent":"León"},"geometry":{"type":"Polygon","coordinates":[[[-5.17962,43.02333],[-5.14252,43.0437],[-5.1548,43.08881],[-5.12977,43.09205],[-5.10344,43.01932],[-5.06666,43.04797],[-5.06321,42.99476],[-5.1183,43.01483],[-5.17701,43.00309],[-5.17962,43.02333]]]}},{"type":"Feature","properties":{"country":"ES","region":"Algadefe","parent":"León"},"geometry":{"type":"Polygon","coordinates":[[[-5.55866,42.19194],[-5.60952,42.2046],[-5.60811,42.22595],[-5.54703,42.21957],[-5.55866,42.19194]]]}},{"type":"Feature","properties":{"country":"ES","region":"Alija del Infantado","parent":"León"},"geometry":{"type":"Polygon","coordinates":[[[-5.82487,42.1983],[-5.82433,42.16127],[-5.78011,42.13526],[-5.84486,42.11071],[-5.88483,42.13844],[-5.90377,42.1881],[-5.83908,42.17397],[-5.82487,42.1983]]]}},{"type":"Feature","properties":{"country":"ES","region":"Antigua, La","parent":"León"},"geometry":{"type":"Polygon","coordinates":[[[-5.70141,42.21506],[-5.68076,42.1819],[-5.65845,42.20437],[-5.61751,42.18536],[-5.61922,42.1676],[-5.66535,42.14114],[-5.71009,42.14735],[-5.74814,42.19577],[-5.70141,42.21506]]]}},{"type":"Feature","properties":{"country":"ES","region":"Boca de Huérgano","parent":"León"},"geometry":{"type":"Polygon","coordinates":[[[-4.89839,42.86308],[-4.91823,42.91517],[-4.95985,42.92676],[-4.9796,42.96228],[-4.94868,42.97365],[-4.93516,43.00897],[-4.95526,43.02224],[-4.90567,43.0611],[-4.9103,43.09624],[-4.87496,43.0911],[-4.84616,43.11509],[-4.73465,43.04703],[-4.73785,43.02094],[-4.79389,42.98703],[-4.81039,42.9298],[-4.86522,42.8619],[-4.89839,42.86308]]]}},{"type":"Feature","properties":{"country":"ES","region":"Burón","parent":"León"},"geometry":{"type":"Polygon","coordinates":[[[-4.9103,43.09624],[-4.9005,43.0716],[-4.92063,43.04269],[-5.05195,42.99411],[-5.06666,43.04797],[-5.10344,43.01932],[-5.12977,43.09205],[-5.17215,43.0587],[-5.2012,43.09017],[-5.14853,43.11403],[-5.04098,43.09062],[-5.00191,43.1076],[-4.9103,43.09624]]]}},{"type":"Feature","properties":{"country":"ES","region":"Bétera","parent":"Valencia"},"geometry":{"type":"Polygon","coordinates":[[[-0.4497,39.54539],[-0.5102,39.58538],[-0.51097,39.64187],[-0.46349,39.64316],[-0.39565,39.59253],[-0.4497,39.54539]]]}},{"type":"Feature","properties":{"country":"ES","region":"Bonrepòs i Mirambell","parent":"Valencia"},"geometry":{"type":"Polygon","coordinates":[[[-0.37259,39.52179],[-0.36147,39.51644],[-0.36413,39.5112],[-0.37259,39.52179]]]}},{"type":"Feature","properties":{"country":"ES","region":"Burjassot","parent":"Valencia"},"geometry":{"type":"Polygon","coordinates":[[[-0.42414,39.50739],[-0.40112,39.51119],[-0.39916,39.49985],[-0.42414,39.50739]]]}},{"type":"Feature","properties":{"country":"ES","region":"Pobladura del Valle","parent":"Zamora"},"geometry":{"type":"Polygon","coordinates":[[[-5.74846,42.08069],[-5.77,42.09702],[-5.7474,42.116],[-5.66628,42.11767],[-5.74846,42.08069]]]}},{"type":"Feature","properties":{"country":"ES","region":"Catarroja","parent":"Valencia"},"geometry":{"type":"Polygon","coordinates":[[[-0.34727,39.36982],[-0.40775,39.40121],[-0.45071,39.4028],[-0.42114,39.41943],[-0.34727,39.36982]]]}},{"type":"Feature","properties":{"country":"ES","region":"Quart de Poblet","parent":"Valencia"},"geometry":{"type":"Polygon","coordinates":[[[-0.43349,39.46702],[-0.48332,39.47442],[-0.55067,39.44925],[-0.55246,39.47035],[-0.4433,39.49216],[-0.42156,39.48575],[-0.43349,39.46702]]]}},{"type":"Feature","properties":{"country":"ES","region":"Cullera","parent":"Valencia"},"geometry":{"type":"Polygon","coordinates":[[[-0.22195,39.10578],[-0.3072,39.15502],[-0.24458,39.22543],[-0.21672,39.18548],[-0.24089,39.16563],[-0.22195,39.10578]]]}},{"type":"Feature","properties":{"country":"ES","region":"Cheste","parent":"Valencia"},"geometry":{"type":"Polygon","coordinates":[[[-0.59129,39.4783],[-0.67178,39.47212],[-0.79516,39.55479],[-0.6063,39.51729],[-0.59129,39.4783]]]}},{"type":"Feature","properties":{"country":"ES","region":"San Cristóbal de Entreviñas","parent":"Zamora"},"geometry":{"type":"Polygon","coordinates":[[[-5.68015,42.04541],[-5.65744,42.08184],[-5.585,42.0654],[-5.61166,42.01207],[-5.68015,42.04541]]]}},{"type":"Feature","properties":{"country":"ES","region":"San Esteban del Molar","parent":"Zamora"},"geometry":{"type":"Polygon","coordinates":[[[-5.60692,41.94771],[-5.53522,41.9654],[-5.51691,41.91747],[-5.55327,41.91019],[-5.60692,41.94771]]]}},{"type":"Feature","properties":{"country":"ES","region":"San Miguel del Valle","parent":"Zamora"},"geometry":{"type":"Polygon","coordinates":[[[-5.47847,42.00442],[-5.52863,42.04033],[-5.52508,42.0523],[-5.48793,42.0395],[-5.47847,42.00442]]]}},{"type":"Feature","properties":{"country":"ES","region":"Xirivella","parent":"Valencia"},"geometry":{"type":"Polygon","coordinates":[[[-0.41816,39.4689],[-0.41636,39.45464],[-0.44738,39.45249],[-0.44882,39.4599],[-0.41816,39.4689]]]}},{"type":"Feature","properties":{"country":"ES","region":"Chiva","parent":"Valencia"},"geometry":{"type":"Polygon","coordinates":[[[-0.92007,39.53863],[-0.79516,39.55479],[-0.67178,39.47212],[-0.55246,39.47035],[-0.53448,39.44367],[-0.56374,39.42877],[-0.67255,39.44726],[-0.73353,39.42355],[-0.92007,39.53863]]]}},{"type":"Feature","properties":{"country":"ES","region":"Eliana, l'","parent":"Valencia"},"geometry":{"type":"Polygon","coordinates":[[[-0.52154,39.57611],[-0.50418,39.56036],[-0.51415,39.54234],[-0.55442,39.56058],[-0.52154,39.57611]]]}},{"type":"Feature","properties":{"country":"ES","region":"Emperador","parent":"Valencia"},"geometry":{"type":"Polygon","coordinates":[[[-0.33805,39.55135],[-0.33993,39.55651],[-0.33593,39.55518],[-0.33805,39.55135]]]}},{"type":"Feature","properties":{"country":"ES","region":"Foios","parent":"Valencia"},"geometry":{"type":"Polygon","coordinates":[[[-0.38383,39.5751],[-0.3466,39.53851],[-0.31392,39.52498],[-0.37682,39.54224],[-0.38383,39.5751]]]}},{"type":"Feature","properties":{"country":"ES","region":"Sástago","parent":"Zaragoza"},"geometry":{"type":"Polygon","coordinates":[[[-0.35041,41.35302],[-0.38198,41.35802],[-0.35599,41.38713],[-0.28163,41.43123],[-0.20498,41.44686],[-0.14437,41.41169],[-0.13074,41.26071],[-0.22351,41.30193],[-0.28651,41.27676],[-0.28442,41.30609],[-0.3981,41.26952],[-0.42767,41.29292],[-0.42192,41.31833],[-0.34694,41.32622],[-0.35041,41.35302]]]}},{"type":"Feature","properties":{"country":"ES","region":"Santa María de la Vega","parent":"Zamora"},"geometry":{"type":"Polygon","coordinates":[[[-5.82483,42.09637],[-5.78164,42.09681],[-5.83154,42.05037],[-5.85247,42.06552],[-5.82483,42.09637]]]}},{"type":"Feature","properties":{"country":"ES","region":"Torre del Valle, La","parent":"Zamora"},"geometry":{"type":"Polygon","coordinates":[[[-5.67975,42.08702],[-5.73897,42.07426],[-5.75105,42.08638],[-5.66636,42.11078],[-5.67975,42.08702]]]}},{"type":"Feature","properties":{"country":"ES","region":"Gilet","parent":"Valencia"},"geometry":{"type":"Polygon","coordinates":[[[-0.36237,39.66633],[-0.32565,39.69163],[-0.31193,39.67823],[-0.32914,39.65037],[-0.36237,39.66633]]]}},{"type":"Feature","properties":{"country":"ES","region":"Godella","parent":"Valencia"},"geometry":{"type":"Polygon","coordinates":[[[-0.39888,39.52192],[-0.41872,39.51737],[-0.4497,39.54539],[-0.43282,39.56114],[-0.39888,39.52192]]]}},{"type":"Feature","properties":{"country":"ES","region":"Loriguilla","parent":"Valencia"},"geometry":{"type":"MultiPolygon","coordinates":[[[[-0.59618,39.50001],[-0.56214,39.49885],[-0.55165,39.49244],[-0.58912,39.48502],[-0.59618,39.50001]]],[[[-0.91478,39.6489],[-1.01429,39.58371],[-1.06714,39.61347],[-1.04063,39.65055],[-1.01015,39.633],[-0.95261,39.68744],[-0.89065,39.69548],[-0.91478,39.6489]]]]}},{"type":"Feature","properties":{"country":"ES","region":"Valdescorriel","parent":"Zamora"},"geometry":{"type":"Polygon","coordinates":[[[-5.54404,42.08621],[-5.51665,42.05867],[-5.52863,42.04033],[-5.47931,41.99924],[-5.50769,41.98999],[-5.56198,42.03218],[-5.54404,42.08621]]]}},{"type":"Feature","properties":{"country":"ES","region":"Vega de Villalobos","parent":"Zamora"},"geometry":{"type":"Polygon","coordinates":[[[-5.4383,41.96738],[-5.44349,41.95243],[-5.51424,41.98312],[-5.48842,41.99553],[-5.4383,41.96738]]]}},{"type":"Feature","properties":{"country":"ES","region":"Villabrázaro","parent":"Zamora"},"geometry":{"type":"Polygon","coordinates":[[[-5.74814,42.05613],[-5.74124,42.07837],[-5.67307,42.07558],[-5.69319,42.04155],[-5.74814,42.05613]]]}},{"type":"Feature","properties":{"country":"ES","region":"Villalobos","parent":"Zamora"},"geometry":{"type":"Polygon","coordinates":[[[-5.43482,41.95943],[-5.44515,41.92666],[-5.48031,41.91457],[-5.51177,41.91339],[-5.53397,41.94181],[-5.51424,41.98312],[-5.43482,41.95943]]]}},{"type":"Feature","properties":{"country":"ES","region":"Llocnou de la Corona","parent":"Valencia"},"geometry":{"type":"Polygon","coordinates":[[[-0.38122,39.4195],[-0.38261,39.42171],[-0.3807,39.4214],[-0.38122,39.4195]]]}},{"type":"Feature","properties":{"country":"ES","region":"Manises","parent":"Valencia"},"geometry":{"type":"Polygon","coordinates":[[[-0.51515,39.52496],[-0.47374,39.50879],[-0.44636,39.48803],[-0.52695,39.48453],[-0.51515,39.52496]]]}},{"type":"Feature","properties":{"country":"ES","region":"Massalfassar","parent":"Valencia"},"geometry":{"type":"Polygon","coordinates":[[[-0.32854,39.56369],[-0.29929,39.54509],[-0.33183,39.55701],[-0.32854,39.56369]]]}},{"type":"Feature","properties":{"country":"ES","region":"Massamagrell","parent":"Valencia"},"geometry":{"type":"Polygon","coordinates":[[[-0.28626,39.55993],[-0.34912,39.57522],[-0.36152,39.59665],[-0.28626,39.55993]]]}},{"type":"Feature","properties":{"country":"ES","region":"Massanassa","parent":"Valencia"},"geometry":{"type":"Polygon","coordinates":[[[-0.40352,39.41591],[-0.36742,39.40582],[-0.34105,39.36675],[-0.36751,39.39688],[-0.40352,39.41591]]]}},{"type":"Feature","properties":{"country":"ES","region":"Meliana","parent":"Valencia"},"geometry":{"type":"Polygon","coordinates":[[[-0.35027,39.53394],[-0.31898,39.5145],[-0.35491,39.52448],[-0.35027,39.53394]]]}},{"type":"Feature","properties":{"country":"ES","region":"Mislata","parent":"Valencia"},"geometry":{"type":"Polygon","coordinates":[[[-0.42156,39.48575],[-0.41205,39.47511],[-0.43349,39.46702],[-0.42156,39.48575]]]}},{"type":"Feature","properties":{"country":"ES","region":"Moncada","parent":"Valencia"},"geometry":{"type":"Polygon","coordinates":[[[-0.38446,39.53327],[-0.41824,39.5628],[-0.37979,39.59937],[-0.38446,39.53327]]]}},{"type":"Feature","properties":{"country":"ES","region":"Villanueva de Azoague","parent":"Zamora"},"geometry":{"type":"Polygon","coordinates":[[[-5.61073,41.97351],[-5.60897,41.93377],[-5.66361,41.9559],[-5.67971,41.98422],[-5.61073,41.97351]]]}},{"type":"Feature","properties":{"country":"ES","region":"Museros","parent":"Valencia"},"geometry":{"type":"Polygon","coordinates":[[[-0.37979,39.59937],[-0.32652,39.55279],[-0.33828,39.55102],[-0.34829,39.55259],[-0.38336,39.57589],[-0.37979,39.59937]],[[-0.33993,39.55651],[-0.33805,39.55135],[-0.33593,39.55518],[-0.33993,39.55651]]]}},{"type":"Feature","properties":{"country":"ES","region":"Nàquera","parent":"Valencia"},"geometry":{"type":"Polygon","coordinates":[[[-0.39291,39.6592],[-0.36715,39.60502],[-0.39565,39.59253],[-0.46349,39.64316],[-0.43781,39.66904],[-0.39291,39.6592]]]}},{"type":"Feature","properties":{"country":"ES","region":"Paiporta","parent":"Valencia"},"geometry":{"type":"Polygon","coordinates":[[[-0.40414,39.4362],[-0.41653,39.41463],[-0.42574,39.42883],[-0.40414,39.4362]]]}},{"type":"Feature","properties":{"country":"ES","region":"Paterna","parent":"Valencia"},"geometry":{"type":"Polygon","coordinates":[[[-0.42601,39.48796],[-0.50436,39.51438],[-0.50642,39.55394],[-0.47861,39.54525],[-0.482,39.56537],[-0.4497,39.54539],[-0.41872,39.51737],[-0.42601,39.48796]]]}},{"type":"Feature","properties":{"country":"ES","region":"Picanya","parent":"Valencia"},"geometry":{"type":"Polygon","coordinates":[[[-0.43539,39.41279],[-0.44365,39.4377],[-0.45681,39.44966],[-0.42055,39.43516],[-0.43539,39.41279]]]}},{"type":"Feature","properties":{"country":"ES","region":"Picassent","parent":"Valencia"},"geometry":{"type":"Polygon","coordinates":[[[-0.46584,39.3997],[-0.45061,39.36461],[-0.43055,39.3646],[-0.42593,39.30471],[-0.48707,39.30226],[-0.55227,39.33251],[-0.53651,39.38683],[-0.46584,39.3997]]]}},{"type":"Feature","properties":{"country":"ES","region":"Pobla de Farnals, la","parent":"Valencia"},"geometry":{"type":"Polygon","coordinates":[[[-0.28037,39.56617],[-0.32496,39.57367],[-0.33676,39.58436],[-0.28037,39.56617]]]}},{"type":"Feature","properties":{"country":"ES","region":"Pobla de Vallbona, la","parent":"Valencia"},"geometry":{"type":"Polygon","coordinates":[[[-0.52154,39.57611],[-0.55442,39.56058],[-0.57889,39.58113],[-0.5393,39.65159],[-0.51097,39.64187],[-0.52154,39.57611]]]}},{"type":"Feature","properties":{"country":"ES","region":"Puig de Santa Maria, el","parent":"Valencia"},"geometry":{"type":"Polygon","coordinates":[[[-0.3532,39.63354],[-0.26799,39.59825],[-0.28037,39.56617],[-0.37461,39.61435],[-0.3532,39.63354]]]}},{"type":"Feature","properties":{"country":"ES","region":"Puçol","parent":"Valencia"},"geometry":{"type":"Polygon","coordinates":[[[-0.26799,39.59825],[-0.31015,39.60315],[-0.3532,39.63354],[-0.25882,39.61493],[-0.26799,39.59825]]]}},{"type":"Feature","properties":{"country":"ES","region":"Rafelbunyol","parent":"Valencia"},"geometry":{"type":"Polygon","coordinates":[[[-0.33676,39.58436],[-0.37461,39.61435],[-0.32322,39.58688],[-0.33676,39.58436]]]}},{"type":"Feature","properties":{"country":"ES","region":"Riba-roja de Túria","parent":"Valencia"},"geometry":{"type":"Polygon","coordinates":[[[-0.6063,39.51729],[-0.59254,39.56686],[-0.51415,39.54234],[-0.53067,39.47116],[-0.59129,39.4783],[-0.55165,39.49244],[-0.6063,39.51729]]]}},{"type":"Feature","properties":{"country":"ES","region":"Riola","parent":"Valencia"},"geometry":{"type":"Polygon","coordinates":[[[-0.35151,39.20272],[-0.32261,39.17107],[-0.32638,39.16444],[-0.35151,39.20272]]]}},{"type":"Feature","properties":{"country":"ES","region":"Rocafort","parent":"Valencia"},"geometry":{"type":"Polygon","coordinates":[[[-0.39888,39.52192],[-0.4132,39.52903],[-0.42951,39.55405],[-0.41511,39.54471],[-0.39888,39.52192]]]}},{"type":"Feature","properties":{"country":"ES","region":"Sagunto / Sagunt","parent":"Valencia"},"geometry":{"type":"Polygon","coordinates":[[[-0.32872,39.80143],[-0.27646,39.77055],[-0.27364,39.7551],[-0.30928,39.75225],[-0.28365,39.71481],[-0.22958,39.73066],[-0.18847,39.72195],[-0.20133,39.68535],[-0.23457,39.67861],[-0.20355,39.67178],[-0.20844,39.64456],[-0.25882,39.61493],[-0.34016,39.6392],[-0.37931,39.62426],[-0.36237,39.66633],[-0.32914,39.65037],[-0.29949,39.67937],[-0.32565,39.69163],[-0.31198,39.70757],[-0.34819,39.74824],[-0.32028,39.77895],[-0.32872,39.80143]],[[-0.20239,39.72041],[-0.21617,39.7197],[-0.19681,39.71403],[-0.20239,39.72041]]]}},{"type":"Feature","properties":{"country":"ES","region":"Sedaví","parent":"Valencia"},"geometry":{"type":"Polygon","coordinates":[[[-0.38687,39.43211],[-0.35694,39.41486],[-0.39106,39.42673],[-0.38687,39.43211]]]}},{"type":"Feature","properties":{"country":"ES","region":"Serra","parent":"Valencia"},"geometry":{"type":"Polygon","coordinates":[[[-0.51097,39.64187],[-0.47066,39.72644],[-0.40829,39.71856],[-0.38916,39.69074],[-0.46349,39.64316],[-0.51097,39.64187]]]}},{"type":"Feature","properties":{"country":"ES","region":"Silla","parent":"Valencia"},"geometry":{"type":"Polygon","coordinates":[[[-0.39231,39.38444],[-0.35735,39.36387],[-0.39554,39.32626],[-0.43263,39.33446],[-0.42503,39.37626],[-0.39231,39.38444]]]}},{"type":"Feature","properties":{"country":"ES","region":"Sollana","parent":"Valencia"},"geometry":{"type":"Polygon","coordinates":[[[-0.40562,39.32568],[-0.36415,39.30576],[-0.33298,39.31567],[-0.35779,39.24687],[-0.41343,39.24307],[-0.40562,39.32568]]]}},{"type":"Feature","properties":{"country":"ES","region":"Sueca","parent":"Valencia"},"geometry":{"type":"Polygon","coordinates":[[[-0.24458,39.22543],[-0.2876,39.16604],[-0.32701,39.20268],[-0.35576,39.20106],[-0.33298,39.31567],[-0.27424,39.27894],[-0.24458,39.22543]]]}},{"type":"Feature","properties":{"country":"ES","region":"Tavernes Blanques","parent":"Valencia"},"geometry":{"type":"Polygon","coordinates":[[[-0.36743,39.50431],[-0.35638,39.50756],[-0.35969,39.50339],[-0.36743,39.50431]]]}},{"type":"Feature","properties":{"country":"ES","region":"Torrent (Valencia)","parent":"Valencia"},"geometry":{"type":"Polygon","coordinates":[[[-0.45681,39.44966],[-0.43816,39.41056],[-0.53651,39.38683],[-0.59062,39.39185],[-0.61721,39.44421],[-0.56374,39.42877],[-0.45681,39.44966]]]}},{"type":"Feature","properties":{"country":"ES","region":"València","parent":"Valencia"},"geometry":{"type":"MultiPolygon","coordinates":[[[[-0.27424,39.27894],[-0.31994,39.31241],[-0.39017,39.31598],[-0.38394,39.35372],[-0.33205,39.37083],[-0.34999,39.42071],[-0.43147,39.45065],[-0.41157,39.4813],[-0.4307,39.50431],[-0.39713,39.50431],[-0.43282,39.56114],[-0.32346,39.48463],[-0.33423,39.42247],[-0.27424,39.27894]]],[[[-0.31335,39.56563],[-0.2956,39.54948],[-0.32026,39.56135],[-0.31335,39.56563]]],[[[-0.33204,39.55185],[-0.33999,39.53904],[-0.34282,39.54816],[-0.33204,39.55185]]],[[[-0.36205,39.53232],[-0.36147,39.51644],[-0.36653,39.52367],[-0.36205,39.53232]]]]}},{"type":"Feature","properties":{"country":"ES","region":"Vilamarxant","parent":"Valencia"},"geometry":{"type":"Polygon","coordinates":[[[-0.59254,39.56686],[-0.6063,39.51729],[-0.72055,39.55284],[-0.6856,39.6067],[-0.59254,39.56686]]]}},{"type":"Feature","properties":{"country":"ES","region":"Caspe","parent":"Zaragoza"},"geometry":{"type":"Polygon","coordinates":[[[0.09297,41.31191],[0.09107,41.1778],[-0.01218,41.12025],[-0.21534,41.19072],[-0.21075,41.2231],[-0.11305,41.25622],[-0.13731,41.28062],[-0.14762,41.37144],[-0.07266,41.37715],[-0.01811,41.35354],[-0.02388,41.39687],[0.01102,41.36079],[0.10635,41.35081],[0.11792,41.31892],[0.09297,41.31191]]]}},{"type":"Feature","properties":{"country":"ES","region":"Vinalesa","parent":"Valencia"},"geometry":{"type":"Polygon","coordinates":[[[-0.36205,39.53232],[-0.37682,39.54224],[-0.36734,39.54149],[-0.36205,39.53232]]]}},{"type":"Feature","properties":{"country":"ES","region":"San Antonio de Benagéber","parent":"Valencia"},"geometry":{"type":"Polygon","coordinates":[[[-0.49354,39.54468],[-0.51677,39.58445],[-0.47261,39.55311],[-0.49354,39.54468]]]}},{"type":"Feature","properties":{"country":"ES","region":"Chiprana","parent":"Zaragoza"},"geometry":{"type":"Polygon","coordinates":[[[-0.13731,41.28062],[-0.11305,41.25622],[-0.21075,41.2231],[-0.20399,41.28974],[-0.13904,41.25659],[-0.13731,41.28062]]]}},{"type":"Feature","properties":{"country":"ES","region":"Escatrón","parent":"Zaragoza"},"geometry":{"type":"Polygon","coordinates":[[[-0.21534,41.19072],[-0.31453,41.25561],[-0.34569,41.24116],[-0.3829,41.27624],[-0.28442,41.30609],[-0.27859,41.27445],[-0.22351,41.30193],[-0.20158,41.26929],[-0.21534,41.19072]]]}},{"type":"Feature","properties":{"country":"ES","region":"Benavente","parent":"Zamora"},"geometry":{"type":"Polygon","coordinates":[[[-5.71654,41.96246],[-5.73259,41.98056],[-5.69484,42.00591],[-5.73576,42.04033],[-5.68015,42.04541],[-5.61166,42.01207],[-5.63607,41.98183],[-5.67359,41.98775],[-5.71654,41.96246]]]}},{"type":"Feature","properties":{"country":"ES","region":"Castrogonzalo","parent":"Zamora"},"geometry":{"type":"Polygon","coordinates":[[[-5.63607,41.98183],[-5.58961,42.00856],[-5.55677,41.96782],[-5.60692,41.94771],[-5.61073,41.97351],[-5.63607,41.98183]]]}},{"type":"Feature","properties":{"country":"ES","region":"Coomonte","parent":"Zamora"},"geometry":{"type":"Polygon","coordinates":[[[-5.84486,42.11071],[-5.80657,42.13039],[-5.79466,42.10376],[-5.83109,42.0951],[-5.84486,42.11071]]]}},{"type":"Feature","properties":{"country":"ES","region":"Maella","parent":"Zaragoza"},"geometry":{"type":"Polygon","coordinates":[[[0.21975,41.13209],[0.20055,41.10034],[0.22076,41.07133],[0.07746,41.08004],[0.03697,41.04657],[-0.01218,41.12025],[0.07536,41.18239],[0.21975,41.13209]]]}},{"type":"Feature","properties":{"country":"ES","region":"Fresno de la Polvorosa","parent":"Zamora"},"geometry":{"type":"Polygon","coordinates":[[[-5.78671,42.08058],[-5.77,42.09702],[-5.7578,42.07417],[-5.78671,42.08058]]]}},{"type":"Feature","properties":{"country":"ES","region":"Fuentes de Ropel","parent":"Zamora"},"geometry":{"type":"Polygon","coordinates":[[[-5.61166,42.01207],[-5.60509,42.05227],[-5.57761,42.06428],[-5.50769,41.98999],[-5.55677,41.96782],[-5.61166,42.01207]]]}},{"type":"Feature","properties":{"country":"ES","region":"Maire de Castroponce","parent":"Zamora"},"geometry":{"type":"Polygon","coordinates":[[[-5.80534,42.12457],[-5.7552,42.13661],[-5.7474,42.116],[-5.78164,42.09681],[-5.80534,42.12457]]]}},{"type":"Feature","properties":{"country":"ES","region":"Matilla de Arzón","parent":"León"},"geometry":{"type":"MultiPolygon","coordinates":[[[[-5.5209,42.09713],[-5.50247,42.06728],[-5.50776,42.0575],[-5.54404,42.08621],[-5.5209,42.09713]]],[[[-5.67307,42.07558],[-5.68157,42.14092],[-5.64524,42.13215],[-5.6236,42.09426],[-5.67307,42.07558]]]]}},{"type":"Feature","properties":{"country":"ES","region":"Morales de Rey","parent":"Zamora"},"geometry":{"type":"Polygon","coordinates":[[[-5.78544,42.03727],[-5.83154,42.05037],[-5.74846,42.08069],[-5.74814,42.05613],[-5.78544,42.03727]]]}},{"type":"Feature","properties":{"country":"ES","region":"Roales de Campos","parent":"Valladolid"},"geometry":{"type":"Polygon","coordinates":[[[-5.4216,42.03067],[-5.47174,42.00628],[-5.5209,42.09713],[-5.47894,42.05149],[-5.4216,42.03067]]]}},{"type":"Feature","properties":{"country":"ES","region":"Valdealgorfa","parent":"Teruel"},"geometry":{"type":"Polygon","coordinates":[[[-0.03914,40.9588],[-0.06851,40.98871],[-0.0553,41.01927],[0.02655,41.04165],[0.01715,40.99626],[-0.03914,40.9588]]]}},{"type":"Feature","properties":{"country":"ES","region":"Valdeltormo","parent":"Teruel"},"geometry":{"type":"Polygon","coordinates":[[[0.0754,40.95791],[0.05231,40.99679],[0.12063,40.97697],[0.10486,40.95522],[0.0754,40.95791]]]}},{"type":"Feature","properties":{"country":"ES","region":"Valjunquera","parent":"Teruel"},"geometry":{"type":"Polygon","coordinates":[[[0.04633,40.96206],[-0.01907,40.92478],[-0.03914,40.9588],[0.02601,41.00795],[0.0754,40.95791],[0.04633,40.96206]]]}},{"type":"Feature","properties":{"country":"ES","region":"Peñarrubia","parent":"Cantabria"},"geometry":{"type":"Polygon","coordinates":[[[-4.54737,43.26898],[-4.52494,43.19559],[-4.64113,43.25808],[-4.60495,43.29846],[-4.54737,43.26898]]]}},{"type":"Feature","properties":{"country":"ES","region":"Pesaguero","parent":"Cantabria"},"geometry":{"type":"Polygon","coordinates":[[[-4.60644,43.03543],[-4.57103,43.10802],[-4.47109,43.10089],[-4.47682,43.03897],[-4.52131,43.04695],[-4.55895,43.02016],[-4.60644,43.03543]]]}},{"type":"Feature","properties":{"country":"ES","region":"Potes","parent":"Cantabria"},"geometry":{"type":"Polygon","coordinates":[[[-4.64403,43.14212],[-4.62984,43.17053],[-4.61677,43.17088],[-4.60833,43.13255],[-4.64403,43.14212]]]}},{"type":"Feature","properties":{"country":"ES","region":"Gelves","parent":"Sevilla"},"geometry":{"type":"MultiPolygon","coordinates":[[[[-6.02746,37.31198],[-6.02268,37.35011],[-6.00241,37.31802],[-6.02746,37.31198]]],[[[-6.11709,37.32897],[-6.10647,37.34208],[-6.10564,37.3286],[-6.11709,37.32897]]]]}},{"type":"Feature","properties":{"country":"ES","region":"Gerena","parent":"Sevilla"},"geometry":{"type":"Polygon","coordinates":[[[-6.2328,37.63639],[-6.21384,37.61251],[-6.13722,37.59459],[-6.08701,37.50294],[-6.1098,37.47628],[-6.19796,37.49666],[-6.25732,37.62855],[-6.2328,37.63639]]]}},{"type":"Feature","properties":{"country":"ES","region":"Gines","parent":"Sevilla"},"geometry":{"type":"Polygon","coordinates":[[[-6.08317,37.37624],[-6.07384,37.39491],[-6.06476,37.38473],[-6.08317,37.37624]]]}},{"type":"Feature","properties":{"country":"ES","region":"Guillena","parent":"Sevilla"},"geometry":{"type":"Polygon","coordinates":[[[-6.08701,37.50294],[-6.12922,37.57298],[-6.13579,37.62697],[-6.18637,37.70829],[-6.08516,37.72121],[-6.03775,37.67547],[-6.05777,37.64375],[-6.00835,37.57162],[-6.01654,37.52573],[-6.03028,37.49282],[-6.08701,37.50294]]]}},{"type":"Feature","properties":{"country":"ES","region":"Mairena del Alcor","parent":"Sevilla"},"geometry":{"type":"Polygon","coordinates":[[[-5.81013,37.38619],[-5.75111,37.3951],[-5.67488,37.34542],[-5.70366,37.3061],[-5.77365,37.30802],[-5.76737,37.33931],[-5.81013,37.38619]]]}},{"type":"Feature","properties":{"country":"ES","region":"Mairena del Aljarafe","parent":"Sevilla"},"geometry":{"type":"Polygon","coordinates":[[[-6.05047,37.35938],[-6.03528,37.32745],[-6.13215,37.31986],[-6.09571,37.32801],[-6.05047,37.35938]]]}},{"type":"Feature","properties":{"country":"ES","region":"Benaguasil","parent":"Valencia"},"geometry":{"type":"Polygon","coordinates":[[[-0.6856,39.6067],[-0.67761,39.62198],[-0.57903,39.60661],[-0.57262,39.5656],[-0.6856,39.6067]]]}},{"type":"Feature","properties":{"country":"ES","region":"Benetússer","parent":"Valencia"},"geometry":{"type":"Polygon","coordinates":[[[-0.39293,39.41887],[-0.4017,39.42793],[-0.3936,39.42466],[-0.39293,39.41887]]]}},{"type":"Feature","properties":{"country":"ES","region":"Benifaió","parent":"Valencia"},"geometry":{"type":"Polygon","coordinates":[[[-0.41426,39.2573],[-0.48274,39.28548],[-0.48707,39.30226],[-0.42477,39.30649],[-0.41426,39.2573]]]}},{"type":"Feature","properties":{"country":"ES","region":"Beniparrell","parent":"Valencia"},"geometry":{"type":"Polygon","coordinates":[[[-0.42503,39.37626],[-0.42286,39.38996],[-0.39231,39.38444],[-0.39601,39.37973],[-0.42503,39.37626]]]}},{"type":"Feature","properties":{"country":"ES","region":"Palomares del Río","parent":"Sevilla"},"geometry":{"type":"Polygon","coordinates":[[[-6.04043,37.29758],[-6.07844,37.29686],[-6.09136,37.31763],[-6.03528,37.32745],[-6.04043,37.29758]]]}},{"type":"Feature","properties":{"country":"ES","region":"Ajofrín","parent":"Toledo"},"geometry":{"type":"Polygon","coordinates":[[[-3.96449,39.76662],[-3.94972,39.71457],[-3.97437,39.69156],[-3.99948,39.69122],[-4.03618,39.73308],[-4.02629,39.75396],[-3.96449,39.76662]]]}},{"type":"Feature","properties":{"country":"ES","region":"Alameda de la Sagra","parent":"Toledo"},"geometry":{"type":"Polygon","coordinates":[[[-3.772,40.05721],[-3.76045,40.03008],[-3.82466,39.95335],[-3.84469,39.99956],[-3.772,40.05721]]]}},{"type":"Feature","properties":{"country":"ES","region":"Albarreal de Tajo","parent":"Toledo"},"geometry":{"type":"Polygon","coordinates":[[[-4.26347,39.91397],[-4.16341,39.9033],[-4.16945,39.88198],[-4.22429,39.85413],[-4.2753,39.8857],[-4.26347,39.91397]]]}},{"type":"Feature","properties":{"country":"ES","region":"Almonacid de Toledo","parent":"Toledo"},"geometry":{"type":"Polygon","coordinates":[[[-3.90188,39.74767],[-3.90642,39.78981],[-3.86151,39.79391],[-3.87722,39.82366],[-3.85325,39.83568],[-3.86557,39.87403],[-3.79241,39.87569],[-3.81711,39.82066],[-3.81406,39.77778],[-3.79088,39.76937],[-3.8579,39.72594],[-3.90188,39.74767]]]}},{"type":"Feature","properties":{"country":"ES","region":"Añover de Tajo","parent":"Toledo"},"geometry":{"type":"Polygon","coordinates":[[[-3.71576,40.00347],[-3.74458,39.97939],[-3.73003,39.96437],[-3.82234,39.9468],[-3.76328,40.02578],[-3.71576,40.00347]]]}},{"type":"Feature","properties":{"country":"ES","region":"Tresviso","parent":"Cantabria"},"geometry":{"type":"Polygon","coordinates":[[[-4.63326,43.2673],[-4.70736,43.22881],[-4.73094,43.25734],[-4.63326,43.2673]]]}},{"type":"Feature","properties":{"country":"ES","region":"Vega de Liébana","parent":"Cantabria"},"geometry":{"type":"Polygon","coordinates":[[[-4.76684,43.07469],[-4.64403,43.14212],[-4.60833,43.13255],[-4.58993,43.06831],[-4.64105,43.01679],[-4.72128,43.0183],[-4.76684,43.07469]]]}},{"type":"Feature","properties":{"country":"ES","region":"Puebla del Río, La","parent":"Sevilla"},"geometry":{"type":"Polygon","coordinates":[[[-6.22074,37.02188],[-6.15673,37.03769],[-6.12157,37.0723],[-6.16176,37.1299],[-6.10967,37.19814],[-6.15252,37.17327],[-6.19635,37.19062],[-6.18143,37.25577],[-6.14222,37.2586],[-6.14171,37.29193],[-6.12105,37.30261],[-6.05429,37.27168],[-6.05408,37.22875],[-6.07641,37.20635],[-6.05371,37.216],[-6.0275,37.17486],[-6.06231,37.15636],[-6.02732,37.12118],[-6.04144,37.06438],[-6.08253,37.07557],[-6.15307,37.02406],[-6.20176,36.91661],[-6.25708,36.89516],[-6.27835,36.91089],[-6.26858,36.94313],[-6.28806,36.98655],[-6.25473,36.99463],[-6.24686,37.03172],[-6.22074,37.02188]]]}},{"type":"Feature","properties":{"country":"ES","region":"Rinconada, La","parent":"Sevilla"},"geometry":{"type":"Polygon","coordinates":[[[-5.90702,37.53654],[-5.84017,37.49777],[-5.81841,37.39871],[-5.86551,37.40215],[-5.9186,37.44773],[-6.00959,37.44279],[-5.98363,37.46797],[-6.00245,37.48225],[-5.98575,37.50493],[-5.95508,37.4872],[-5.90702,37.53654]]]}},{"type":"Feature","properties":{"country":"ES","region":"Salteras","parent":"Sevilla"},"geometry":{"type":"Polygon","coordinates":[[[-6.12199,37.47809],[-6.08701,37.50294],[-6.03028,37.49282],[-6.04028,37.4556],[-6.02318,37.4275],[-6.04121,37.45171],[-6.09298,37.45475],[-6.09966,37.40827],[-6.12073,37.39598],[-6.12196,37.4124],[-6.14491,37.41021],[-6.12199,37.47809]]]}},{"type":"Feature","properties":{"country":"ES","region":"San Juan de Aznalfarache","parent":"Sevilla"},"geometry":{"type":"Polygon","coordinates":[[[-6.05047,37.35938],[-6.02244,37.37959],[-6.02268,37.35011],[-6.05047,37.35938]]]}},{"type":"Feature","properties":{"country":"ES","region":"Santiponce","parent":"Sevilla"},"geometry":{"type":"Polygon","coordinates":[[[-6.01259,37.41339],[-6.0551,37.43317],[-6.0631,37.45411],[-6.02021,37.42101],[-6.01153,37.44191],[-5.9923,37.42477],[-6.01259,37.41339]]]}},{"type":"Feature","properties":{"country":"ES","region":"Sevilla","parent":"Sevilla"},"geometry":{"type":"MultiPolygon","coordinates":[[[[-6.00126,37.31973],[-6.02461,37.39085],[-5.9923,37.42477],[-6.01153,37.44191],[-6.02021,37.42101],[-6.02366,37.44529],[-5.9186,37.44773],[-5.86551,37.40215],[-5.81841,37.39871],[-5.94201,37.36688],[-5.96899,37.31342],[-6.00126,37.31973]]],[[[-6.03168,37.30833],[-6.01512,37.3144],[-6.03276,37.30045],[-6.03168,37.30833]]]]}},{"type":"Feature","properties":{"country":"ES","region":"Tomares","parent":"Sevilla"},"geometry":{"type":"Polygon","coordinates":[[[-6.06278,37.37668],[-6.02244,37.37959],[-6.05587,37.35796],[-6.06278,37.37668]]]}},{"type":"Feature","properties":{"country":"ES","region":"Argés","parent":"Toledo"},"geometry":{"type":"MultiPolygon","coordinates":[[[[-4.03889,39.80592],[-4.12847,39.80048],[-4.06828,39.82625],[-4.03889,39.80592]]],[[[-4.15294,39.87885],[-4.17352,39.86074],[-4.18132,39.88514],[-4.15294,39.87885]]]]}},{"type":"Feature","properties":{"country":"ES","region":"Barcience","parent":"Toledo"},"geometry":{"type":"Polygon","coordinates":[[[-4.24814,39.96719],[-4.26457,39.99744],[-4.23027,40.006],[-4.21219,39.95656],[-4.24814,39.96719]]]}},{"type":"Feature","properties":{"country":"ES","region":"Bargas","parent":"Toledo"},"geometry":{"type":"MultiPolygon","coordinates":[[[[-4.15402,39.95763],[-4.09212,39.95073],[-4.08943,39.97956],[-4.05293,39.98538],[-4.06066,40.01405],[-4.03115,40.00809],[-4.00887,39.92494],[-4.02368,39.90639],[-4.0766,39.92472],[-4.09097,39.90386],[-4.15627,39.90779],[-4.16941,39.93966],[-4.15402,39.95763]]],[[[-4.04002,40.03249],[-4.04831,40.01736],[-4.06119,40.01558],[-4.06295,40.02768],[-4.04002,40.03249]]]]}},{"type":"Feature","properties":{"country":"ES","region":"Burguillos de Toledo","parent":"Toledo"},"geometry":{"type":"Polygon","coordinates":[[[-4.00429,39.81545],[-3.96038,39.79338],[-3.96449,39.76662],[-4.01405,39.74935],[-4.00429,39.81545]]]}},{"type":"Feature","properties":{"country":"ES","region":"Burujón","parent":"Toledo"},"geometry":{"type":"Polygon","coordinates":[[[-4.26347,39.91397],[-4.2753,39.8857],[-4.24949,39.86491],[-4.26062,39.8341],[-4.27799,39.86508],[-4.33182,39.87595],[-4.31589,39.91997],[-4.26347,39.91397]]]}},{"type":"Feature","properties":{"country":"ES","region":"Cabañas de la Sagra","parent":"Toledo"},"geometry":{"type":"Polygon","coordinates":[[[-3.96656,39.98579],[-3.97588,40.01288],[-3.95657,40.03478],[-3.92676,40.00815],[-3.93161,39.98277],[-3.96656,39.98579]]]}},{"type":"Feature","properties":{"country":"ES","region":"Camarenilla","parent":"Toledo"},"geometry":{"type":"Polygon","coordinates":[[[-4.12027,40.01738],[-4.08153,40.03876],[-4.05293,39.98538],[-4.08943,39.97956],[-4.12027,40.01738]]]}},{"type":"Feature","properties":{"country":"ES","region":"Valencina de la Concepción","parent":"Sevilla"},"geometry":{"type":"Polygon","coordinates":[[[-6.09298,37.45475],[-6.03024,37.42384],[-6.06449,37.38979],[-6.10684,37.40161],[-6.09298,37.45475]]]}},{"type":"Feature","properties":{"country":"ES","region":"Viso del Alcor, El","parent":"Sevilla"},"geometry":{"type":"Polygon","coordinates":[[[-5.67018,37.37685],[-5.70305,37.36272],[-5.75599,37.39642],[-5.7,37.40092],[-5.67018,37.37685]]]}},{"type":"Feature","properties":{"country":"ES","region":"Casasbuenas","parent":"Toledo"},"geometry":{"type":"Polygon","coordinates":[[[-4.12066,39.79182],[-4.08898,39.79412],[-4.0891,39.76919],[-4.0412,39.74087],[-4.1498,39.75236],[-4.12066,39.79182]]]}},{"type":"Feature","properties":{"country":"ES","region":"Cobeja","parent":"Toledo"},"geometry":{"type":"Polygon","coordinates":[[[-3.86107,40.03586],[-3.81695,40.02145],[-3.84125,39.98252],[-3.89439,40.0013],[-3.86107,40.03586]]]}},{"type":"Feature","properties":{"country":"ES","region":"Cobisa","parent":"Toledo"},"geometry":{"type":"Polygon","coordinates":[[[-4.02576,39.75457],[-4.04622,39.81686],[-4.00609,39.81984],[-4.02576,39.75457]]]}},{"type":"Feature","properties":{"country":"ES","region":"Chueca","parent":"Toledo"},"geometry":{"type":"Polygon","coordinates":[[[-3.93878,39.71277],[-3.95246,39.74656],[-3.9071,39.71646],[-3.93878,39.71277]]]}},{"type":"Feature","properties":{"country":"ES","region":"Gerindote","parent":"Toledo"},"geometry":{"type":"Polygon","coordinates":[[[-4.21608,39.91736],[-4.31589,39.91997],[-4.29738,39.93643],[-4.33816,39.96653],[-4.21071,39.94903],[-4.21608,39.91736]]]}},{"type":"Feature","properties":{"country":"ES","region":"Guadamur","parent":"Toledo"},"geometry":{"type":"MultiPolygon","coordinates":[[[[-4.13577,39.78213],[-4.19639,39.80732],[-4.19606,39.82723],[-4.11375,39.84045],[-4.09184,39.81787],[-4.13577,39.78213]]],[[[-4.14895,39.86491],[-4.13714,39.88651],[-4.12419,39.87052],[-4.14895,39.86491]]]]}},{"type":"Feature","properties":{"country":"ES","region":"Guardia, La","parent":"Toledo"},"geometry":{"type":"MultiPolygon","coordinates":[[[[-3.42404,39.75283],[-3.59782,39.72373],[-3.65795,39.79052],[-3.53591,39.77932],[-3.50666,39.84222],[-3.44648,39.84627],[-3.36017,39.81907],[-3.3489,39.7856],[-3.40523,39.78152],[-3.42404,39.75283]]],[[[-3.79438,39.86524],[-3.74523,39.84715],[-3.77925,39.82492],[-3.7659,39.8054],[-3.81312,39.81153],[-3.79438,39.86524]]]]}},{"type":"Feature","properties":{"country":"ES","region":"Huecas","parent":"Toledo"},"geometry":{"type":"Polygon","coordinates":[[[-4.23027,40.006],[-4.22152,40.04376],[-4.18594,40.0416],[-4.17004,39.98686],[-4.21038,39.981],[-4.23027,40.006]]]}},{"type":"Feature","properties":{"country":"ES","region":"Layos","parent":"Toledo"},"geometry":{"type":"Polygon","coordinates":[[[-4.04174,39.79395],[-4.02576,39.75457],[-4.03618,39.73308],[-4.0891,39.76919],[-4.08898,39.79412],[-4.04174,39.79395]]]}},{"type":"Feature","properties":{"country":"ES","region":"Magán","parent":"Toledo"},"geometry":{"type":"Polygon","coordinates":[[[-3.94422,39.93031],[-3.97484,39.97337],[-3.90028,39.99814],[-3.8918,39.95804],[-3.94422,39.93031]]]}},{"type":"Feature","properties":{"country":"ES","region":"Mascaraque","parent":"Toledo"},"geometry":{"type":"Polygon","coordinates":[[[-3.81312,39.81153],[-3.7659,39.8054],[-3.76945,39.78338],[-3.73848,39.76493],[-3.83718,39.67449],[-3.85853,39.68652],[-3.8579,39.72594],[-3.79088,39.76937],[-3.81406,39.77778],[-3.81312,39.81153]]]}},{"type":"Feature","properties":{"country":"ES","region":"Alcañiz","parent":"Teruel"},"geometry":{"type":"Polygon","coordinates":[[[-0.3762,40.98357],[-0.32369,41.08935],[-0.23172,41.1481],[-0.21534,41.19072],[-0.01218,41.12025],[0.03697,41.04657],[-0.04332,41.03099],[-0.06851,40.98871],[-0.12978,40.98033],[-0.15993,41.00447],[-0.17764,40.97551],[-0.26982,41.00798],[-0.3762,40.98357]]]}},{"type":"Feature","properties":{"country":"ES","region":"Alcorisa","parent":"Teruel"},"geometry":{"type":"Polygon","coordinates":[[[-0.44743,40.86892],[-0.45748,40.88525],[-0.42788,40.92145],[-0.47028,40.94776],[-0.3934,40.94416],[-0.3762,40.98357],[-0.28996,41.00474],[-0.32328,40.98197],[-0.3078,40.94225],[-0.32161,40.911],[-0.29279,40.89583],[-0.30621,40.87147],[-0.44743,40.86892]]]}},{"type":"Feature","properties":{"country":"ES","region":"Andorra","parent":"Teruel"},"geometry":{"type":"Polygon","coordinates":[[[-0.51702,41.04558],[-0.47042,41.05327],[-0.44932,41.0877],[-0.3434,41.03329],[-0.38753,40.94689],[-0.44937,40.94443],[-0.47028,40.94776],[-0.47702,41.00049],[-0.52731,41.0232],[-0.51702,41.04558]]]}},{"type":"Feature","properties":{"country":"ES","region":"Mazarambroz","parent":"Toledo"},"geometry":{"type":"Polygon","coordinates":[[[-4.13083,39.71668],[-4.1018,39.74738],[-4.02236,39.72785],[-3.99948,39.69122],[-4.04552,39.64107],[-4.01779,39.59187],[-3.97318,39.60797],[-3.96323,39.57122],[-4.12376,39.56387],[-4.17004,39.58543],[-4.17626,39.62723],[-4.11892,39.68261],[-4.13083,39.71668]]]}},{"type":"Feature","properties":{"country":"ES","region":"Mocejón","parent":"Toledo"},"geometry":{"type":"Polygon","coordinates":[[[-3.87543,39.91069],[-3.94428,39.88888],[-3.94851,39.90142],[-3.91417,39.95236],[-3.87217,39.94826],[-3.87543,39.91069]]]}},{"type":"Feature","properties":{"country":"ES","region":"Nambroca","parent":"Toledo"},"geometry":{"type":"Polygon","coordinates":[[[-3.95246,39.74656],[-3.96847,39.83337],[-3.85895,39.84761],[-3.87722,39.82366],[-3.86151,39.79391],[-3.90642,39.78981],[-3.90341,39.73345],[-3.95246,39.74656]]]}},{"type":"Feature","properties":{"country":"ES","region":"Belmonte de San José","parent":"Teruel"},"geometry":{"type":"Polygon","coordinates":[[[-0.10944,40.87914],[-0.08856,40.91933],[-0.02956,40.90492],[-0.0349,40.85109],[-0.10944,40.87914]]]}},{"type":"Feature","properties":{"country":"ES","region":"Noez","parent":"Toledo"},"geometry":{"type":"Polygon","coordinates":[[[-4.15468,39.76364],[-4.11204,39.72842],[-4.18535,39.71026],[-4.21364,39.75513],[-4.15468,39.76364]]]}},{"type":"Feature","properties":{"country":"ES","region":"Olías del Rey","parent":"Toledo"},"geometry":{"type":"Polygon","coordinates":[[[-4.0132,39.90987],[-4.01405,39.98028],[-3.97681,40.00069],[-3.94518,39.91717],[-4.0132,39.90987]]]}},{"type":"Feature","properties":{"country":"ES","region":"Calanda","parent":"Teruel"},"geometry":{"type":"Polygon","coordinates":[[[-0.21572,40.89204],[-0.22037,40.92125],[-0.26095,40.92737],[-0.27278,40.94967],[-0.3078,40.94225],[-0.32328,40.98197],[-0.26982,41.00798],[-0.17764,40.97551],[-0.14876,40.88776],[-0.21572,40.89204]]]}},{"type":"Feature","properties":{"country":"ES","region":"Castelnou","parent":"Teruel"},"geometry":{"type":"Polygon","coordinates":[[[-0.3981,41.26952],[-0.34569,41.24116],[-0.31453,41.25561],[-0.26857,41.21482],[-0.36814,41.21701],[-0.39785,41.2493],[-0.3981,41.26952]]]}},{"type":"Feature","properties":{"country":"ES","region":"Castelserás","parent":"Teruel"},"geometry":{"type":"Polygon","coordinates":[[[-0.17764,40.97551],[-0.14571,41.00158],[-0.09601,40.94501],[-0.14375,40.94899],[-0.15296,40.91922],[-0.17764,40.97551]]]}},{"type":"Feature","properties":{"country":"ES","region":"Polán","parent":"Toledo"},"geometry":{"type":"Polygon","coordinates":[[[-4.28947,39.86185],[-4.26062,39.8341],[-4.24949,39.86491],[-4.22429,39.85413],[-4.18392,39.87297],[-4.19639,39.80732],[-4.13577,39.78213],[-4.17233,39.75612],[-4.20639,39.76345],[-4.24002,39.72416],[-4.30284,39.7829],[-4.34748,39.77387],[-4.36235,39.81027],[-4.31382,39.80398],[-4.28947,39.86185]]]}},{"type":"Feature","properties":{"country":"ES","region":"Recas","parent":"Toledo"},"geometry":{"type":"MultiPolygon","coordinates":[[[[-3.95875,40.04773],[-4.02189,40.04416],[-4.06887,40.02988],[-4.02764,40.08458],[-3.95778,40.06679],[-3.95875,40.04773]]],[[[-4.06119,40.01558],[-4.03561,40.02837],[-4.02891,40.0164],[-4.03907,40.00261],[-4.06119,40.01558]]]]}},{"type":"Feature","properties":{"country":"ES","region":"Rielves","parent":"Toledo"},"geometry":{"type":"Polygon","coordinates":[[[-4.21038,39.981],[-4.15402,39.95763],[-4.15992,39.91288],[-4.21608,39.91736],[-4.21038,39.981]]]}},{"type":"Feature","properties":{"country":"ES","region":"Codoñera, La","parent":"Teruel"},"geometry":{"type":"Polygon","coordinates":[[[-0.03024,40.93446],[-0.02956,40.90492],[-0.09735,40.92825],[-0.09601,40.94501],[-0.03024,40.93446]]]}},{"type":"Feature","properties":{"country":"ES","region":"Fórnoles","parent":"Teruel"},"geometry":{"type":"Polygon","coordinates":[[[0.0264,40.93854],[0.01444,40.87496],[-0.0349,40.85109],[-0.01172,40.92899],[0.0264,40.93854]]]}},{"type":"Feature","properties":{"country":"ES","region":"Foz-Calanda","parent":"Teruel"},"geometry":{"type":"Polygon","coordinates":[[[-0.21572,40.89204],[-0.32161,40.911],[-0.3188,40.93648],[-0.27278,40.94967],[-0.26095,40.92737],[-0.22037,40.92125],[-0.21572,40.89204]]]}},{"type":"Feature","properties":{"country":"ES","region":"Fresneda, La","parent":"Teruel"},"geometry":{"type":"Polygon","coordinates":[[[0.10486,40.95522],[0.10134,40.89756],[0.02835,40.89796],[0.0264,40.93854],[0.04633,40.96206],[0.10486,40.95522]]]}},{"type":"Feature","properties":{"country":"ES","region":"Ginebrosa, La","parent":"Teruel"},"geometry":{"type":"Polygon","coordinates":[[[-0.11841,40.83268],[-0.14448,40.78544],[-0.21454,40.8694],[-0.21845,40.8525],[-0.30575,40.88564],[-0.12177,40.88546],[-0.11841,40.83268]]]}},{"type":"Feature","properties":{"country":"ES","region":"Híjar","parent":"Teruel"},"geometry":{"type":"Polygon","coordinates":[[[-0.3434,41.03329],[-0.46054,41.09955],[-0.43413,41.13749],[-0.48997,41.20229],[-0.61132,41.19482],[-0.66918,41.23684],[-0.50095,41.22971],[-0.42821,41.20105],[-0.40874,41.16274],[-0.30256,41.09517],[-0.32369,41.08935],[-0.3434,41.03329]]]}},{"type":"Feature","properties":{"country":"ES","region":"Toledo","parent":"Toledo"},"geometry":{"type":"Polygon","coordinates":[[[-4.17861,39.84004],[-4.156,39.87078],[-4.12419,39.87052],[-4.16945,39.88198],[-4.17541,39.91193],[-4.09097,39.90386],[-4.0766,39.92472],[-4.02368,39.90639],[-3.94518,39.91717],[-3.94428,39.88888],[-3.91399,39.91178],[-3.81489,39.88574],[-3.85925,39.87957],[-3.85895,39.84761],[-3.93708,39.85079],[-3.9661,39.81502],[-4.17861,39.84004]]]}},{"type":"Feature","properties":{"country":"ES","region":"Mazaleón","parent":"Teruel"},"geometry":{"type":"Polygon","coordinates":[[[0.14591,41.06304],[0.14225,40.97743],[0.02601,41.00795],[0.02055,41.03862],[0.05854,41.07529],[0.14591,41.06304]]]}},{"type":"Feature","properties":{"country":"ES","region":"Villaluenga de la Sagra","parent":"Toledo"},"geometry":{"type":"Polygon","coordinates":[[[-3.90317,39.99481],[-3.95875,40.04773],[-3.86107,40.03586],[-3.90317,39.99481]]]}},{"type":"Feature","properties":{"country":"ES","region":"Villamiel de Toledo","parent":"Toledo"},"geometry":{"type":"Polygon","coordinates":[[[-4.12027,40.01738],[-4.09341,39.99258],[-4.09212,39.95073],[-4.1753,39.97859],[-4.1674,40.01196],[-4.12027,40.01738]]]}},{"type":"Feature","properties":{"country":"ES","region":"Villamuelas","parent":"Toledo"},"geometry":{"type":"Polygon","coordinates":[[[-3.74523,39.84715],[-3.67349,39.80887],[-3.68844,39.78095],[-3.73848,39.76493],[-3.76945,39.78338],[-3.77925,39.82492],[-3.74523,39.84715]]]}},{"type":"Feature","properties":{"country":"ES","region":"Villaseca de la Sagra","parent":"Toledo"},"geometry":{"type":"Polygon","coordinates":[[[-3.90028,39.99814],[-3.84125,39.98252],[-3.82127,39.94967],[-3.83233,39.93208],[-3.89666,39.95351],[-3.90028,39.99814]]]}},{"type":"Feature","properties":{"country":"ES","region":"Villasequilla","parent":"Toledo"},"geometry":{"type":"Polygon","coordinates":[[[-3.67349,39.80887],[-3.75925,39.86236],[-3.79296,39.87179],[-3.72913,39.90893],[-3.64852,39.88481],[-3.63467,39.87691],[-3.67349,39.80887]]]}},{"type":"Feature","properties":{"country":"ES","region":"Yepes","parent":"Toledo"},"geometry":{"type":"Polygon","coordinates":[[[-3.66596,39.96344],[-3.65586,39.93202],[-3.59714,39.92564],[-3.58077,39.89973],[-3.63467,39.87691],[-3.72913,39.90893],[-3.79296,39.87179],[-3.80429,39.88476],[-3.74244,39.94087],[-3.66596,39.96344]]]}},{"type":"Feature","properties":{"country":"ES","region":"Yunclillos","parent":"Toledo"},"geometry":{"type":"Polygon","coordinates":[[[-4.01405,39.98028],[-4.04002,40.03249],[-3.95802,40.04194],[-3.95571,40.02072],[-4.01405,39.98028]]]}},{"type":"Feature","properties":{"country":"ES","region":"Alaquàs","parent":"Valencia"},"geometry":{"type":"Polygon","coordinates":[[[-0.46307,39.45999],[-0.45872,39.44906],[-0.50779,39.44453],[-0.46307,39.45999]]]}},{"type":"Feature","properties":{"country":"ES","region":"Albal","parent":"Valencia"},"geometry":{"type":"Polygon","coordinates":[[[-0.45014,39.40068],[-0.40775,39.40121],[-0.374,39.38094],[-0.35615,39.36491],[-0.45014,39.40068]]]}},{"type":"Feature","properties":{"country":"ES","region":"Albalat de la Ribera","parent":"Valencia"},"geometry":{"type":"Polygon","coordinates":[[[-0.35779,39.24687],[-0.35576,39.20106],[-0.40333,39.19904],[-0.37577,39.24248],[-0.35779,39.24687]]]}},{"type":"Feature","properties":{"country":"ES","region":"Albalat dels Sorells","parent":"Valencia"},"geometry":{"type":"Polygon","coordinates":[[[-0.34829,39.55259],[-0.31225,39.5279],[-0.38383,39.5751],[-0.34829,39.55259]]]}},{"type":"Feature","properties":{"country":"ES","region":"Albalat dels Tarongers","parent":"Valencia"},"geometry":{"type":"Polygon","coordinates":[[[-0.39291,39.6592],[-0.36513,39.67708],[-0.37643,39.69415],[-0.31198,39.70757],[-0.35746,39.67752],[-0.37931,39.62426],[-0.39291,39.6592]]]}},{"type":"Feature","properties":{"country":"ES","region":"Alboraia / Alboraya","parent":"Valencia"},"geometry":{"type":"Polygon","coordinates":[[[-0.35638,39.50756],[-0.31898,39.5145],[-0.32346,39.48463],[-0.35033,39.48915],[-0.35638,39.50756]]]}},{"type":"Feature","properties":{"country":"ES","region":"Albuixech","parent":"Valencia"},"geometry":{"type":"Polygon","coordinates":[[[-0.31071,39.53048],[-0.32652,39.55279],[-0.29929,39.54509],[-0.31071,39.53048]]]}},{"type":"Feature","properties":{"country":"ES","region":"Alcàsser","parent":"Valencia"},"geometry":{"type":"Polygon","coordinates":[[[-0.45071,39.4028],[-0.42503,39.37626],[-0.43055,39.3646],[-0.46113,39.37523],[-0.45071,39.4028]]]}},{"type":"Feature","properties":{"country":"ES","region":"Alcalá de Guadaíra","parent":"Sevilla"},"geometry":{"type":"Polygon","coordinates":[[[-5.77365,37.30802],[-5.65069,37.24739],[-5.64949,37.1873],[-5.71458,37.19537],[-5.73172,37.23439],[-5.78148,37.25306],[-5.92237,37.21249],[-5.88457,37.2764],[-5.91835,37.30298],[-5.9051,37.33028],[-5.94201,37.36688],[-5.81904,37.3901],[-5.76737,37.33931],[-5.77365,37.30802]]]}},{"type":"Feature","properties":{"country":"ES","region":"Alcalá del Río","parent":"Sevilla"},"geometry":{"type":"Polygon","coordinates":[[[-6.00227,37.61984],[-5.96406,37.55763],[-5.8934,37.57464],[-5.95508,37.4872],[-6.01758,37.5049],[-6.00835,37.57162],[-6.03067,37.61853],[-6.00227,37.61984]]]}},{"type":"Feature","properties":{"country":"ES","region":"Algaba, La","parent":"Sevilla"},"geometry":{"type":"Polygon","coordinates":[[[-6.02142,37.51992],[-5.98363,37.46797],[-6.00959,37.44279],[-6.04028,37.4556],[-6.02142,37.51992]]]}},{"type":"Feature","properties":{"country":"ES","region":"Almensilla","parent":"Sevilla"},"geometry":{"type":"Polygon","coordinates":[[[-6.09136,37.31763],[-6.0873,37.2862],[-6.14533,37.29397],[-6.13215,37.31986],[-6.09136,37.31763]]]}},{"type":"Feature","properties":{"country":"ES","region":"Olmos, Los","parent":"Teruel"},"geometry":{"type":"Polygon","coordinates":[[[-0.48566,40.85948],[-0.51468,40.89642],[-0.47028,40.94776],[-0.42788,40.92145],[-0.45748,40.88525],[-0.44743,40.86892],[-0.48566,40.85948]]]}},{"type":"Feature","properties":{"country":"ES","region":"Aldaia","parent":"Valencia"},"geometry":{"type":"Polygon","coordinates":[[[-0.55067,39.44925],[-0.48332,39.47442],[-0.43978,39.46428],[-0.51729,39.44196],[-0.55067,39.44925]]]}},{"type":"Feature","properties":{"country":"ES","region":"Alfafar","parent":"Valencia"},"geometry":{"type":"Polygon","coordinates":[[[-0.33205,39.37083],[-0.39973,39.4278],[-0.34999,39.42071],[-0.33205,39.37083]],[[-0.38261,39.42171],[-0.38122,39.4195],[-0.3807,39.4214],[-0.38261,39.42171]]]}},{"type":"Feature","properties":{"country":"ES","region":"Alfara del Patriarca","parent":"Valencia"},"geometry":{"type":"Polygon","coordinates":[[[-0.37391,39.52802],[-0.38824,39.54686],[-0.38238,39.55161],[-0.37391,39.52802]]]}},{"type":"Feature","properties":{"country":"ES","region":"Algemesí","parent":"Valencia"},"geometry":{"type":"Polygon","coordinates":[[[-0.41098,39.18611],[-0.46053,39.18094],[-0.46757,39.23807],[-0.37577,39.24248],[-0.41098,39.18611]]]}},{"type":"Feature","properties":{"country":"ES","region":"Alginet","parent":"Valencia"},"geometry":{"type":"Polygon","coordinates":[[[-0.48274,39.28548],[-0.41426,39.2573],[-0.41343,39.24307],[-0.47242,39.23627],[-0.5044,39.26878],[-0.48274,39.28548]]]}},{"type":"Feature","properties":{"country":"ES","region":"Almàssera","parent":"Valencia"},"geometry":{"type":"Polygon","coordinates":[[[-0.36147,39.51644],[-0.33864,39.51168],[-0.36413,39.5112],[-0.36147,39.51644]]]}},{"type":"Feature","properties":{"country":"ES","region":"Almussafes","parent":"Valencia"},"geometry":{"type":"Polygon","coordinates":[[[-0.4261,39.33038],[-0.40562,39.32568],[-0.39757,39.2774],[-0.41426,39.2573],[-0.4261,39.33038]]]}},{"type":"Feature","properties":{"country":"ES","region":"Bollullos de la Mitación","parent":"Sevilla"},"geometry":{"type":"Polygon","coordinates":[[[-6.12652,37.37546],[-6.09571,37.32801],[-6.13215,37.31986],[-6.14222,37.2586],[-6.1976,37.27298],[-6.18232,37.35438],[-6.12652,37.37546]],[[-6.10647,37.34208],[-6.11709,37.32897],[-6.10564,37.3286],[-6.10647,37.34208]],[[-6.13251,37.36581],[-6.13253,37.36134],[-6.12815,37.36267],[-6.13251,37.36581]]]}},{"type":"Feature","properties":{"country":"ES","region":"Bormujos","parent":"Sevilla"},"geometry":{"type":"Polygon","coordinates":[[[-6.06278,37.37668],[-6.05587,37.35796],[-6.11817,37.35537],[-6.09701,37.37646],[-6.06278,37.37668]]]}},{"type":"Feature","properties":{"country":"ES","region":"Brenes","parent":"Sevilla"},"geometry":{"type":"Polygon","coordinates":[[[-5.90147,37.5699],[-5.83432,37.55771],[-5.86939,37.52721],[-5.91949,37.54203],[-5.90147,37.5699]]]}},{"type":"Feature","properties":{"country":"ES","region":"Camas","parent":"Sevilla"},"geometry":{"type":"Polygon","coordinates":[[[-6.01259,37.41339],[-6.02276,37.38087],[-6.06087,37.39317],[-6.03024,37.42384],[-6.01259,37.41339]]]}},{"type":"Feature","properties":{"country":"ES","region":"Carmona","parent":"Sevilla"},"geometry":{"type":"Polygon","coordinates":[[[-5.83432,37.55771],[-5.68591,37.5759],[-5.65038,37.5868],[-5.6527,37.61125],[-5.60201,37.62101],[-5.49599,37.58237],[-5.46555,37.48468],[-5.42022,37.482],[-5.39809,37.41291],[-5.50019,37.3938],[-5.58481,37.27612],[-5.65069,37.24739],[-5.73332,37.29719],[-5.70366,37.3061],[-5.67018,37.37685],[-5.72115,37.41007],[-5.81921,37.38549],[-5.84017,37.49777],[-5.86939,37.52721],[-5.83432,37.55771]]]}},{"type":"Feature","properties":{"country":"ES","region":"Castilleja de Guzmán","parent":"Sevilla"},"geometry":{"type":"Polygon","coordinates":[[[-6.04368,37.41541],[-6.04972,37.40116],[-6.06227,37.39997],[-6.0582,37.4117],[-6.04368,37.41541]]]}},{"type":"Feature","properties":{"country":"ES","region":"Samper de Calanda","parent":"Teruel"},"geometry":{"type":"Polygon","coordinates":[[[-0.21649,41.19031],[-0.23172,41.1481],[-0.30916,41.10132],[-0.40874,41.16274],[-0.42821,41.20105],[-0.37476,41.22196],[-0.24637,41.21192],[-0.21649,41.19031]]]}},{"type":"Feature","properties":{"country":"ES","region":"Cillorigo de Liébana","parent":"Cantabria"},"geometry":{"type":"Polygon","coordinates":[[[-4.7335,43.19424],[-4.7226,43.24057],[-4.70736,43.22881],[-4.64113,43.25808],[-4.55941,43.22345],[-4.51191,43.17202],[-4.60592,43.156],[-4.68613,43.21073],[-4.7335,43.19424]]]}},{"type":"Feature","properties":{"country":"ES","region":"Castilleja de la Cuesta","parent":"Sevilla"},"geometry":{"type":"Polygon","coordinates":[[[-6.04562,37.38953],[-6.06278,37.37668],[-6.06449,37.38979],[-6.04562,37.38953]]]}},{"type":"Feature","properties":{"country":"ES","region":"Coria del Río","parent":"Sevilla"},"geometry":{"type":"Polygon","coordinates":[[[-6.0873,37.2862],[-6.04895,37.30368],[-5.99054,37.25389],[-6.03395,37.18162],[-6.05371,37.216],[-6.07641,37.20635],[-6.05408,37.22875],[-6.05429,37.27168],[-6.0873,37.2862]]]}},{"type":"Feature","properties":{"country":"ES","region":"Dos Hermanas","parent":"Sevilla"},"geometry":{"type":"Polygon","coordinates":[[[-6.03276,37.30045],[-5.96899,37.31342],[-5.9387,37.36203],[-5.9051,37.33028],[-5.91835,37.30298],[-5.88457,37.2764],[-5.92509,37.20872],[-6.05608,37.15084],[-5.98796,37.24421],[-6.03276,37.30045]]]}},{"type":"Feature","properties":{"country":"ES","region":"Espartinas","parent":"Sevilla"},"geometry":{"type":"MultiPolygon","coordinates":[[[[-6.14491,37.41021],[-6.09051,37.3995],[-6.08317,37.37624],[-6.11846,37.3626],[-6.1705,37.38131],[-6.13637,37.39361],[-6.14491,37.41021]]],[[[-6.13253,37.36134],[-6.13251,37.36581],[-6.12815,37.36267],[-6.13253,37.36134]]]]}},{"type":"Feature","properties":{"country":"ES","region":"Torrecilla de Alcañiz","parent":"Teruel"},"geometry":{"type":"Polygon","coordinates":[[[-0.06851,40.98871],[-0.03669,40.95677],[-0.03024,40.93446],[-0.09601,40.94501],[-0.12978,40.98033],[-0.06851,40.98871]]]}},{"type":"Feature","properties":{"country":"ES","region":"Torrevelilla","parent":"Teruel"},"geometry":{"type":"Polygon","coordinates":[[[-0.10944,40.87914],[-0.14876,40.88776],[-0.14375,40.94899],[-0.09601,40.94501],[-0.08514,40.89663],[-0.10944,40.87914]]]}}]}