{"type":"FeatureCollection","features":[{"type":"Feature","properties":{"country":"MA","region":"Tanger-Tétouan-Al Hoceïma"},"geometry":{"type":"Polygon","coordinates":[[[-6.24311,35.00205],[-6.22341,35.05102],[-6.21416,35.08745],[-6.19518,35.12703],[-6.19531,35.13138],[-6.19216,35.13291],[-6.18984,35.14322],[-6.18329,35.15463],[-6.18527,35.15802],[-6.18122,35.15992],[-6.16987,35.19319],[-6.15584,35.1967],[-6.15244,35.20038],[-6.15472,35.20153],[-6.14662,35.20004],[-6.14465,35.197],[-6.1418,35.19885],[-6.14262,35.20125],[-6.14553,35.20041],[-6.14385,35.2014],[-6.14504,35.2038],[-6.14725,35.20228],[-6.15655,35.20353],[-6.15145,35.20369],[-6.14184,35.22454],[-6.08939,35.36366],[-6.08596,35.37928],[-6.08133,35.3895],[-6.08129,35.39591],[-6.07841,35.39686],[-6.06789,35.41193],[-6.06074,35.42684],[-6.05992,35.43655],[-6.05704,35.43906],[-6.05804,35.44058],[-6.04956,35.45628],[-6.04511,35.45915],[-6.04011,35.46869],[-6.03528,35.47477],[-6.03586,35.47161],[-6.03962,35.46866],[-6.03143,35.47143],[-6.03399,35.47362],[-6.02961,35.4753],[-6.01614,35.50634],[-6.00904,35.52639],[-6.00012,35.56458],[-5.9944,35.56941],[-5.99645,35.57733],[-5.96997,35.66808],[-5.93776,35.7571],[-5.93981,35.76013],[-5.93408,35.77505],[-5.9304,35.7792],[-5.93214,35.78223],[-5.92937,35.7886],[-5.9075,35.80116],[-5.8897,35.80114],[-5.88217,35.79801],[-5.8699,35.79831],[-5.86295,35.79589],[-5.85966,35.79783],[-5.85081,35.79744],[-5.84788,35.80108],[-5.84461,35.79796],[-5.83346,35.79408],[-5.82557,35.79523],[-5.8132,35.79081],[-5.81155,35.79314],[-5.80357,35.79351],[-5.81127,35.79271],[-5.81155,35.79118],[-5.80506,35.79209],[-5.79317,35.79129],[-5.80289,35.79104],[-5.80419,35.79032],[-5.80192,35.78975],[-5.8036,35.78916],[-5.80227,35.78721],[-5.80786,35.78765],[-5.80743,35.78448],[-5.79782,35.78837],[-5.79528,35.78519],[-5.79478,35.78349],[-5.79703,35.78655],[-5.80434,35.78124],[-5.79673,35.78426],[-5.79909,35.78176],[-5.79674,35.77886],[-5.78223,35.77683],[-5.76967,35.78168],[-5.75276,35.79765],[-5.7483,35.80524],[-5.75016,35.81784],[-5.73961,35.81832],[-5.7238,35.82407],[-5.71925,35.83073],[-5.71651,35.82899],[-5.70766,35.82958],[-5.68739,35.83887],[-5.68403,35.83692],[-5.67895,35.83755],[-5.67566,35.83319],[-5.65389,35.82721],[-5.62828,35.83542],[-5.60431,35.83011],[-5.58833,35.83343],[-5.57703,35.83926],[-5.57741,35.84264],[-5.57041,35.84652],[-5.57647,35.84246],[-5.57431,35.84172],[-5.5752,35.83943],[-5.57088,35.84076],[-5.57297,35.84065],[-5.57089,35.84307],[-5.56955,35.84157],[-5.56627,35.84292],[-5.56172,35.8485],[-5.55816,35.8445],[-5.55014,35.84733],[-5.54084,35.85469],[-5.54767,35.86062],[-5.54042,35.87367],[-5.5337,35.88141],[-5.54636,35.86126],[-5.54113,35.85637],[-5.54321,35.85926],[-5.52276,35.87913],[-5.5246,35.8811],[-5.5308,35.87728],[-5.52216,35.88422],[-5.52121,35.87638],[-5.51558,35.87835],[-5.5146,35.88217],[-5.51908,35.88206],[-5.50823,35.88393],[-5.50535,35.89275],[-5.50155,35.89609],[-5.49608,35.89978],[-5.49431,35.90038],[-5.50124,35.89595],[-5.50459,35.89073],[-5.5009,35.89082],[-5.50245,35.88929],[-5.50021,35.88749],[-5.48747,35.89829],[-5.49213,35.8973],[-5.48693,35.89915],[-5.48256,35.90855],[-5.47993,35.90595],[-5.47454,35.90612],[-5.46512,35.91439],[-5.45732,35.91461],[-5.45093,35.91215],[-5.44958,35.90588],[-5.44107,35.90415],[-5.43931,35.90871],[-5.43655,35.91],[-5.43156,35.90711],[-5.42373,35.9098],[-5.4161,35.90939],[-5.40132,35.92245],[-5.39692,35.91685],[-5.39964,35.91332],[-5.39478,35.90988],[-5.39018,35.909],[-5.38203,35.91248],[-5.37985,35.91067],[-5.37683,35.90488],[-5.37768,35.89566],[-5.3749,35.89381],[-5.37526,35.88857],[-5.37136,35.88168],[-5.36015,35.8777],[-5.35609,35.87317],[-5.35169,35.87318],[-5.35,35.87569],[-5.34804,35.87231],[-5.3434,35.87097],[-5.34646,35.85503],[-5.35226,35.84977],[-5.35153,35.84114],[-5.35364,35.8416],[-5.3478,35.77775],[-5.34477,35.77424],[-5.34643,35.77227],[-5.34395,35.75775],[-5.33948,35.75617],[-5.33799,35.75073],[-5.3398,35.75552],[-5.34288,35.75595],[-5.34234,35.7528],[-5.3398,35.7523],[-5.34206,35.74799],[-5.33483,35.72063],[-5.33758,35.71959],[-5.33476,35.71887],[-5.33381,35.72129],[-5.33354,35.71945],[-5.3354,35.71757],[-5.33013,35.70164],[-5.31907,35.68309],[-5.31382,35.68449],[-5.3159,35.68323],[-5.31109,35.68165],[-5.3134,35.68543],[-5.30831,35.68215],[-5.28859,35.68754],[-5.27336,35.6857],[-5.2735,35.68243],[-5.27978,35.67597],[-5.28413,35.66522],[-5.26841,35.61313],[-5.26605,35.612],[-5.26786,35.61057],[-5.26434,35.60421],[-5.26534,35.60206],[-5.2567,35.58238],[-5.25304,35.57907],[-5.24876,35.56359],[-5.24148,35.55133],[-5.23401,35.54678],[-5.22602,35.5504],[-5.21292,35.53781],[-5.20054,35.54145],[-5.19316,35.53531],[-5.18524,35.53641],[-5.17318,35.53136],[-5.16912,35.52316],[-5.16147,35.51732],[-5.15278,35.50455],[-5.14188,35.49649],[-5.13072,35.49268],[-5.11087,35.47667],[-5.10625,35.47692],[-5.07121,35.41954],[-5.06054,35.40653],[-5.0297,35.39933],[-5.01641,35.40303],[-4.9924,35.37753],[-4.9725,35.36535],[-4.94463,35.33904],[-4.93434,35.32712],[-4.93643,35.3283],[-4.9363,35.32682],[-4.92696,35.31808],[-4.896,35.30444],[-4.87803,35.29984],[-4.86862,35.3021],[-4.83087,35.26698],[-4.81679,35.25781],[-4.79497,35.25025],[-4.78178,35.23757],[-4.76661,35.23438],[-4.74987,35.22438],[-4.73728,35.22487],[-4.72455,35.21782],[-4.67866,35.20455],[-4.66524,35.20828],[-4.66794,35.20857],[-4.66266,35.21278],[-4.65921,35.21264],[-4.66043,35.21092],[-4.65769,35.20998],[-4.65534,35.21086],[-4.65576,35.21364],[-4.65308,35.212],[-4.64888,35.21411],[-4.64897,35.21114],[-4.63255,35.19632],[-4.61332,35.1894],[-4.60219,35.18776],[-4.5914,35.19195],[-4.52101,35.17542],[-4.50304,35.17728],[-4.49198,35.17615],[-4.46774,35.16517],[-4.428,35.15448],[-4.40483,35.15831],[-4.386,35.15263],[-4.37696,35.15389],[-4.3764,35.14972],[-4.37362,35.14824],[-4.36816,35.15072],[-4.36579,35.14845],[-4.35559,35.14736],[-4.33658,35.15814],[-4.3338,35.15653],[-4.32447,35.15822],[-4.32024,35.1637],[-4.31492,35.16485],[-4.31507,35.16699],[-4.31103,35.16626],[-4.30691,35.16911],[-4.30283,35.16645],[-4.30028,35.1672],[-4.29817,35.1711],[-4.29024,35.17242],[-4.28741,35.18136],[-4.28267,35.17779],[-4.24954,35.18846],[-4.23966,35.18454],[-4.22647,35.18552],[-4.21887,35.18377],[-4.21165,35.18907],[-4.20836,35.18786],[-4.20699,35.19026],[-4.20372,35.19022],[-4.18954,35.19816],[-4.1769,35.19761],[-4.1631,35.20172],[-4.15357,35.19708],[-4.14917,35.19967],[-4.13621,35.19971],[-4.13274,35.20281],[-4.12893,35.20155],[-4.12239,35.20552],[-4.11261,35.20572],[-4.09007,35.22033],[-4.08309,35.21981],[-4.07915,35.22303],[-4.06968,35.22394],[-4.06163,35.22947],[-4.05163,35.22899],[-4.04406,35.23332],[-4.0454,35.23677],[-4.03337,35.23353],[-4.03016,35.23707],[-4.01619,35.2403],[-4.01792,35.23739],[-4.01677,35.23537],[-4.007,35.23204],[-3.9941,35.2369],[-3.99155,35.23434],[-3.97914,35.23658],[-3.94973,35.25169],[-3.94203,35.25824],[-3.92942,35.26197],[-3.91974,35.25892],[-3.91442,35.25427],[-3.92032,35.2505],[-3.91778,35.24647],[-3.92046,35.24977],[-3.92454,35.24921],[-3.92388,35.24712],[-3.92115,35.24809],[-3.92337,35.24574],[-3.91982,35.24635],[-3.92542,35.24534],[-3.92621,35.24294],[-3.91916,35.24049],[-3.92327,35.23694],[-3.92061,35.23581],[-3.92314,35.23277],[-3.91712,35.23157],[-3.91891,35.22941],[-3.91434,35.22545],[-3.91461,35.22094],[-3.90986,35.21985],[-3.91,35.21714],[-3.90682,35.21392],[-3.88641,35.20558],[-3.85916,35.19873],[-3.84111,35.19682],[-3.82355,35.19943],[-3.80319,35.17428],[-3.80579,35.1655],[-3.81483,35.15743],[-3.8151,35.1527],[-3.82636,35.13814],[-3.8319,35.12382],[-3.83083,35.11175],[-3.82745,35.10579],[-3.8292,35.09944],[-3.82757,35.09179],[-3.8251,35.08894],[-3.81999,35.09518],[-3.81656,35.09551],[-3.81553,35.09143],[-3.81732,35.08937],[-3.8098,35.06765],[-3.80864,35.05657],[-3.81663,35.04096],[-3.81522,35.03527],[-3.81719,35.02425],[-3.8152,35.01147],[-3.81037,35.00606],[-3.81094,34.99682],[-3.80617,34.9849],[-3.81162,34.97323],[-3.81386,34.95565],[-3.8239,34.93391],[-3.81903,34.93031],[-3.82942,34.92372],[-3.83555,34.91702],[-3.8359,34.91134],[-3.82534,34.89923],[-3.82751,34.89082],[-3.82605,34.89106],[-3.8331,34.88291],[-3.83779,34.87088],[-3.86414,34.86087],[-3.91732,34.84981],[-3.92404,34.85132],[-3.92466,34.84835],[-3.9303,34.84794],[-3.92852,34.84178],[-3.9329,34.84297],[-3.93716,34.8398],[-3.944,34.84272],[-3.95428,34.83967],[-3.98439,34.84247],[-3.99525,34.83847],[-4.00611,34.83936],[-4.01118,34.8267],[-4.01371,34.82587],[-4.02215,34.82807],[-4.02223,34.83094],[-4.02767,34.83333],[-4.03781,34.83056],[-4.03348,34.82346],[-4.04096,34.81075],[-4.04136,34.80437],[-4.05104,34.80448],[-4.06025,34.7963],[-4.06283,34.79138],[-4.07674,34.78112],[-4.08247,34.77936],[-4.09129,34.77018],[-4.103,34.76486],[-4.11485,34.75479],[-4.12027,34.75751],[-4.12896,34.75477],[-4.13898,34.7478],[-4.14044,34.73997],[-4.15106,34.73188],[-4.15593,34.73216],[-4.16046,34.73638],[-4.15645,34.74254],[-4.15917,34.7506],[-4.16829,34.75383],[-4.19531,34.74892],[-4.19973,34.75342],[-4.20918,34.75484],[-4.2226,34.75294],[-4.23482,34.76104],[-4.23827,34.77077],[-4.23487,34.77538],[-4.24162,34.77878],[-4.24468,34.78443],[-4.24064,34.78949],[-4.24171,34.79153],[-4.2372,34.80538],[-4.25138,34.80923],[-4.2583,34.80388],[-4.27051,34.78761],[-4.27954,34.78113],[-4.29274,34.77601],[-4.29657,34.77034],[-4.30529,34.76412],[-4.30672,34.75895],[-4.31072,34.75525],[-4.29611,34.74389],[-4.32122,34.72787],[-4.31887,34.72067],[-4.32421,34.71078],[-4.32607,34.71179],[-4.33336,34.70687],[-4.34339,34.71122],[-4.36043,34.70853],[-4.37038,34.70983],[-4.37562,34.70875],[-4.37751,34.7057],[-4.38688,34.72446],[-4.39733,34.72352],[-4.39571,34.71925],[-4.41277,34.71904],[-4.41778,34.70857],[-4.42048,34.70601],[-4.42519,34.70705],[-4.4229,34.70415],[-4.4255,34.70014],[-4.41295,34.69104],[-4.41453,34.68904],[-4.4288,34.68381],[-4.43693,34.68394],[-4.44025,34.68815],[-4.44563,34.68097],[-4.4466,34.66421],[-4.4387,34.65642],[-4.45429,34.66108],[-4.46034,34.67076],[-4.47802,34.67669],[-4.48197,34.68297],[-4.50313,34.68953],[-4.50428,34.69461],[-4.50894,34.69922],[-4.52392,34.69865],[-4.53141,34.70507],[-4.53253,34.70007],[-4.55419,34.69719],[-4.56099,34.69334],[-4.57016,34.68248],[-4.57384,34.68153],[-4.5742,34.68574],[-4.57804,34.68768],[-4.57818,34.70118],[-4.58311,34.69971],[-4.58897,34.70789],[-4.5877,34.71215],[-4.59124,34.7139],[-4.59018,34.71753],[-4.59354,34.71691],[-4.59861,34.72019],[-4.60127,34.71902],[-4.59951,34.7215],[-4.60077,34.72256],[-4.6143,34.72164],[-4.61582,34.71743],[-4.64213,34.709],[-4.64812,34.7051],[-4.66016,34.71095],[-4.66539,34.71698],[-4.67237,34.71841],[-4.67683,34.7159],[-4.68872,34.71782],[-4.69852,34.71663],[-4.70492,34.7184],[-4.71444,34.72362],[-4.71658,34.73014],[-4.71994,34.72502],[-4.73682,34.72429],[-4.74034,34.72524],[-4.74785,34.73389],[-4.75414,34.7347],[-4.76139,34.73195],[-4.77428,34.74194],[-4.77529,34.74488],[-4.77142,34.74928],[-4.77545,34.75373],[-4.78517,34.75384],[-4.78404,34.7627],[-4.79082,34.76995],[-4.78597,34.78391],[-4.78597,34.79101],[-4.79155,34.81299],[-4.7985,34.81581],[-4.80368,34.82456],[-4.7953,34.83979],[-4.80573,34.83555],[-4.81529,34.83688],[-4.81776,34.82873],[-4.83456,34.82819],[-4.83238,34.82498],[-4.8348,34.82039],[-4.84259,34.82448],[-4.85174,34.82517],[-4.85856,34.82247],[-4.86254,34.82385],[-4.86133,34.82703],[-4.86537,34.82433],[-4.86719,34.82606],[-4.86919,34.8249],[-4.87103,34.82818],[-4.87455,34.82592],[-4.87965,34.82749],[-4.88362,34.82547],[-4.88552,34.82781],[-4.88914,34.82423],[-4.90259,34.82019],[-4.90402,34.81477],[-4.90868,34.81489],[-4.90904,34.81179],[-4.9123,34.8119],[-4.91295,34.8101],[-4.9161,34.81184],[-4.91801,34.80749],[-4.92014,34.81017],[-4.92357,34.80871],[-4.92752,34.81186],[-4.93104,34.80777],[-4.93202,34.81112],[-4.93686,34.81182],[-4.94979,34.80654],[-4.96732,34.80562],[-4.96981,34.8004],[-4.97775,34.79824],[-4.97904,34.80024],[-4.98837,34.79439],[-4.99613,34.79318],[-5.01115,34.79536],[-5.01691,34.7912],[-5.03023,34.79924],[-5.03015,34.80405],[-5.04122,34.80645],[-5.05239,34.80011],[-5.05882,34.79248],[-5.07279,34.79498],[-5.07736,34.7906],[-5.08897,34.78684],[-5.09762,34.78006],[-5.1035,34.78149],[-5.11745,34.77637],[-5.12183,34.77798],[-5.12589,34.77021],[-5.13125,34.76685],[-5.14273,34.77315],[-5.14641,34.77024],[-5.15208,34.77203],[-5.15765,34.76768],[-5.16226,34.75668],[-5.15908,34.75318],[-5.1593,34.74853],[-5.16278,34.74836],[-5.1651,34.74269],[-5.16931,34.7396],[-5.18129,34.73494],[-5.1882,34.72642],[-5.18688,34.72148],[-5.18471,34.7214],[-5.18553,34.71416],[-5.17963,34.7088],[-5.18622,34.70861],[-5.18742,34.70676],[-5.18625,34.70204],[-5.18122,34.7015],[-5.17905,34.69769],[-5.18564,34.6847],[-5.18452,34.68187],[-5.1878,34.68028],[-5.18567,34.67422],[-5.18828,34.66967],[-5.18512,34.65967],[-5.17907,34.6552],[-5.17545,34.63898],[-5.17917,34.62056],[-5.18126,34.59131],[-5.17746,34.5819],[-5.17359,34.57799],[-5.17449,34.57207],[-5.17927,34.56962],[-5.17647,34.56706],[-5.17602,34.5611],[-5.18068,34.55564],[-5.19042,34.55831],[-5.19522,34.54962],[-5.19851,34.5497],[-5.20191,34.55599],[-5.207,34.55707],[-5.20989,34.56174],[-5.22497,34.56569],[-5.23121,34.56431],[-5.23573,34.55832],[-5.24432,34.554],[-5.25998,34.55204],[-5.26386,34.54566],[-5.25769,34.53143],[-5.28352,34.51549],[-5.29509,34.50488],[-5.30394,34.50614],[-5.31871,34.51518],[-5.33506,34.52074],[-5.3455,34.52766],[-5.36678,34.53621],[-5.38133,34.53769],[-5.40677,34.54633],[-5.4227,34.53774],[-5.42733,34.53716],[-5.43178,34.54405],[-5.42935,34.55036],[-5.43954,34.55857],[-5.43064,34.5622],[-5.43201,34.56584],[-5.42939,34.57361],[-5.41583,34.58326],[-5.41132,34.59223],[-5.41049,34.59718],[-5.41326,34.59806],[-5.4112,34.59989],[-5.41203,34.60221],[-5.41841,34.60354],[-5.4257,34.60094],[-5.42858,34.60876],[-5.43591,34.60883],[-5.43529,34.61172],[-5.44496,34.61894],[-5.4477,34.62604],[-5.45068,34.62633],[-5.45732,34.63244],[-5.46927,34.63406],[-5.47699,34.63026],[-5.48392,34.63243],[-5.48925,34.63062],[-5.4946,34.63183],[-5.49642,34.63328],[-5.49416,34.63972],[-5.49659,34.64336],[-5.50559,34.64589],[-5.52015,34.64021],[-5.52429,34.64129],[-5.52591,34.64952],[-5.52339,34.663],[-5.52468,34.66767],[-5.54334,34.66511],[-5.54438,34.66833],[-5.55254,34.67013],[-5.54816,34.67361],[-5.55374,34.69059],[-5.56669,34.69573],[-5.57432,34.69509],[-5.57431,34.70409],[-5.57667,34.70864],[-5.57445,34.71427],[-5.58571,34.71985],[-5.58571,34.72329],[-5.5911,34.72784],[-5.5952,34.72867],[-5.59747,34.72482],[-5.59648,34.7226],[-5.60253,34.71725],[-5.60204,34.72309],[-5.60382,34.72497],[-5.60839,34.72153],[-5.61518,34.7298],[-5.61726,34.72646],[-5.6314,34.72587],[-5.62996,34.73137],[-5.6421,34.73979],[-5.64814,34.74045],[-5.66526,34.73691],[-5.67057,34.73371],[-5.66847,34.71463],[-5.67221,34.71408],[-5.67222,34.70986],[-5.68296,34.6969],[-5.70402,34.68847],[-5.70825,34.68955],[-5.72158,34.70008],[-5.72493,34.70998],[-5.73644,34.71401],[-5.73129,34.71735],[-5.73097,34.72209],[-5.74084,34.72279],[-5.74985,34.72741],[-5.76066,34.7265],[-5.75905,34.72945],[-5.77362,34.7357],[-5.76882,34.74953],[-5.75803,34.76234],[-5.75643,34.7715],[-5.76532,34.77826],[-5.77969,34.7843],[-5.78349,34.79433],[-5.78008,34.79932],[-5.78724,34.80334],[-5.78378,34.81162],[-5.79235,34.81765],[-5.79773,34.82571],[-5.78949,34.83131],[-5.79171,34.83859],[-5.77993,34.84914],[-5.78179,34.85252],[-5.77795,34.86021],[-5.77782,34.8678],[-5.78353,34.87536],[-5.77641,34.88932],[-5.7775,34.91136],[-5.77092,34.91343],[-5.76822,34.9175],[-5.76005,34.91721],[-5.76994,34.92438],[-5.77213,34.9316],[-5.77779,34.93082],[-5.78326,34.9342],[-5.78498,34.93317],[-5.78352,34.92772],[-5.78563,34.92636],[-5.79068,34.93009],[-5.79295,34.9384],[-5.79699,34.9369],[-5.79844,34.93283],[-5.81373,34.94122],[-5.82504,34.93722],[-5.83063,34.93765],[-5.82984,34.94147],[-5.83268,34.94397],[-5.8538,34.93769],[-5.85566,34.93921],[-5.87146,34.93698],[-5.87567,34.93235],[-5.8913,34.93796],[-5.90071,34.9381],[-5.90453,34.94213],[-5.90678,34.95007],[-5.93275,34.94893],[-5.93483,34.95255],[-5.93813,34.95273],[-5.9399,34.94881],[-5.94754,34.94779],[-5.95793,34.94213],[-5.95696,34.94828],[-5.95241,34.95361],[-5.95489,34.95916],[-5.94877,34.96308],[-5.95635,34.96479],[-5.96569,34.97108],[-5.95667,34.97756],[-5.95741,34.9857],[-5.96622,34.98933],[-5.96776,34.99209],[-5.97357,34.98898],[-5.97586,34.99158],[-5.97445,34.99566],[-5.98059,35.001],[-5.99785,34.99424],[-6.00555,34.98742],[-6.02203,34.98039],[-6.02583,34.98262],[-6.04529,34.98345],[-6.0702,34.97112],[-6.08046,34.96238],[-6.08269,34.96381],[-6.0743,34.97805],[-6.07934,34.98752],[-6.0824,34.9891],[-6.08029,35.00242],[-6.09316,35.01336],[-6.0963,35.01154],[-6.10088,35.01717],[-6.10745,35.01351],[-6.1113,35.01789],[-6.11786,35.01422],[-6.12057,35.01735],[-6.12453,35.01716],[-6.12949,35.01291],[-6.13177,35.00492],[-6.13507,35.00509],[-6.13913,34.9999],[-6.16154,34.9892],[-6.19164,34.9922],[-6.19771,34.99811],[-6.20347,34.99487],[-6.21003,35.00097],[-6.21336,35.00066],[-6.21305,34.99633],[-6.21767,34.99429],[-6.24311,35.00205]],[[-5.51157,35.87336],[-5.51336,35.87137],[-5.51111,35.87163],[-5.51157,35.87336]]]}},{"type":"Feature","properties":{"country":"MA","region":"Oriental"},"geometry":{"type":"Polygon","coordinates":[[[-4.10158,33.66231],[-4.07434,33.66534],[-4.03451,33.68245],[-4.02134,33.69065],[-4.02006,33.69369],[-4.0224,33.70041],[-4.02716,33.70306],[-4.06271,33.70335],[-4.04327,33.7149],[-4.02575,33.72145],[-4.01798,33.7168],[-4.00374,33.72043],[-3.97446,33.73438],[-3.96236,33.73801],[-3.96042,33.7404],[-3.96057,33.74906],[-3.96784,33.777],[-3.96426,33.78208],[-3.97702,33.78136],[-3.97837,33.78359],[-3.97069,33.79047],[-3.96901,33.79567],[-3.96266,33.80217],[-3.9277,33.83167],[-3.91401,33.85412],[-3.9153,33.85605],[-3.91016,33.8708],[-3.8994,33.89152],[-3.90374,33.90137],[-3.9042,33.91051],[-3.91091,33.91924],[-3.90629,33.92252],[-3.9025,33.93314],[-3.90359,33.93877],[-3.90115,33.93915],[-3.90163,33.94373],[-3.89839,33.94916],[-3.90005,33.95451],[-3.89498,33.95677],[-3.8954,33.9588],[-3.89918,33.95998],[-3.89263,33.96878],[-3.89491,33.97547],[-3.88701,33.97351],[-3.88429,33.97549],[-3.88161,33.98331],[-3.87815,33.98526],[-3.8667,33.98213],[-3.86517,33.98539],[-3.86933,33.98875],[-3.86908,33.99124],[-3.86014,33.99433],[-3.85604,33.99335],[-3.84534,34.0],[-3.84119,33.99897],[-3.83613,34.00788],[-3.83104,34.00771],[-3.82564,34.0109],[-3.83144,34.01229],[-3.83709,34.0199],[-3.85877,34.02814],[-3.85609,34.03645],[-3.84842,34.04057],[-3.83918,34.05358],[-3.83877,34.06468],[-3.82958,34.06909],[-3.83038,34.0802],[-3.82726,34.08359],[-3.82544,34.10788],[-3.82386,34.10891],[-3.84423,34.11803],[-3.8336,34.13904],[-3.83408,34.14362],[-3.82922,34.15878],[-3.83235,34.17554],[-3.83012,34.17838],[-3.83313,34.18595],[-3.81674,34.208],[-3.85423,34.21623],[-3.85818,34.21891],[-3.85777,34.2222],[-3.86339,34.22149],[-3.87874,34.22478],[-3.88559,34.22348],[-3.89109,34.22575],[-3.89323,34.22839],[-3.88901,34.2319],[-3.88572,34.23159],[-3.88528,34.22791],[-3.88065,34.22832],[-3.8737,34.23351],[-3.88161,34.23566],[-3.8889,34.24111],[-3.88392,34.247],[-3.88258,34.25274],[-3.88433,34.25888],[-3.88854,34.25975],[-3.89674,34.2565],[-3.90995,34.25964],[-3.90825,34.2646],[-3.91292,34.27084],[-3.91365,34.27743],[-3.90678,34.27911],[-3.90673,34.2838],[-3.9138,34.29579],[-3.90686,34.29943],[-3.90687,34.30726],[-3.89269,34.30762],[-3.88726,34.30284],[-3.88242,34.30168],[-3.86652,34.30695],[-3.86219,34.30561],[-3.85382,34.3157],[-3.85697,34.3161],[-3.85803,34.31866],[-3.83854,34.32967],[-3.82899,34.34293],[-3.82886,34.34697],[-3.83573,34.35038],[-3.83783,34.35747],[-3.84137,34.35927],[-3.84163,34.36454],[-3.84858,34.3618],[-3.85629,34.36171],[-3.86674,34.36466],[-3.85788,34.37279],[-3.84867,34.37661],[-3.84408,34.38213],[-3.84549,34.38576],[-3.83601,34.38841],[-3.83358,34.39223],[-3.8391,34.39184],[-3.84281,34.39411],[-3.84429,34.39726],[-3.83985,34.40247],[-3.84439,34.40212],[-3.84571,34.40593],[-3.86328,34.41242],[-3.85586,34.42057],[-3.85371,34.42826],[-3.84935,34.43259],[-3.85279,34.4345],[-3.85226,34.43988],[-3.85517,34.44369],[-3.85019,34.44908],[-3.85951,34.45629],[-3.85944,34.46069],[-3.85101,34.46352],[-3.84152,34.46271],[-3.82062,34.46657],[-3.81314,34.46906],[-3.80678,34.47475],[-3.79674,34.47662],[-3.7949,34.48042],[-3.78917,34.48284],[-3.78327,34.49028],[-3.78454,34.49869],[-3.77779,34.50377],[-3.77414,34.51377],[-3.76202,34.5211],[-3.75952,34.53462],[-3.74485,34.54546],[-3.75644,34.5572],[-3.75805,34.56317],[-3.76818,34.57404],[-3.76515,34.58251],[-3.75389,34.59259],[-3.76289,34.60296],[-3.76819,34.61947],[-3.76282,34.61685],[-3.74876,34.61612],[-3.74177,34.62223],[-3.73147,34.62265],[-3.73245,34.62712],[-3.73743,34.63038],[-3.73784,34.64013],[-3.73078,34.65005],[-3.72194,34.65345],[-3.71512,34.6531],[-3.71048,34.6505],[-3.70928,34.63821],[-3.70538,34.63406],[-3.6849,34.62441],[-3.67877,34.62709],[-3.67278,34.62631],[-3.65063,34.64154],[-3.65261,34.64286],[-3.64858,34.64621],[-3.63105,34.65138],[-3.64542,34.66095],[-3.6422,34.7029],[-3.62656,34.70316],[-3.61053,34.70022],[-3.59934,34.70579],[-3.58001,34.7105],[-3.60793,34.71617],[-3.62301,34.73458],[-3.62286,34.73695],[-3.61036,34.74729],[-3.6069,34.75671],[-3.59416,34.75957],[-3.59209,34.7835],[-3.5862,34.79415],[-3.58718,34.80461],[-3.59121,34.80866],[-3.60345,34.81028],[-3.60916,34.82536],[-3.60739,34.82843],[-3.5895,34.83956],[-3.59083,34.84927],[-3.63632,34.8547],[-3.64769,34.8621],[-3.6665,34.86255],[-3.67531,34.86742],[-3.69678,34.87347],[-3.71154,34.86415],[-3.72317,34.86429],[-3.74036,34.86818],[-3.74935,34.86086],[-3.75162,34.87554],[-3.74834,34.87839],[-3.73617,34.88049],[-3.73527,34.88932],[-3.74291,34.89118],[-3.75426,34.88763],[-3.76131,34.88819],[-3.7765,34.89328],[-3.77946,34.89265],[-3.77924,34.88664],[-3.7951,34.88385],[-3.80765,34.89524],[-3.82751,34.89082],[-3.82558,34.90006],[-3.8359,34.91134],[-3.83555,34.91702],[-3.83301,34.9203],[-3.81903,34.93031],[-3.8239,34.93391],[-3.81386,34.95565],[-3.81162,34.97323],[-3.80617,34.9849],[-3.81094,34.99682],[-3.81037,35.00606],[-3.8152,35.01147],[-3.81719,35.02425],[-3.81522,35.03527],[-3.81663,35.04096],[-3.80864,35.05657],[-3.8098,35.06765],[-3.81732,35.08937],[-3.81553,35.09143],[-3.81656,35.09551],[-3.81999,35.09518],[-3.8251,35.08894],[-3.82757,35.09179],[-3.8292,35.09944],[-3.82745,35.10579],[-3.83083,35.11175],[-3.8319,35.12382],[-3.82636,35.13814],[-3.8151,35.1527],[-3.81483,35.15743],[-3.80579,35.1655],[-3.80319,35.17428],[-3.82355,35.19943],[-3.7953,35.20665],[-3.77133,35.22224],[-3.76962,35.22781],[-3.7648,35.23252],[-3.75802,35.26452],[-3.74976,35.27426],[-3.74257,35.27396],[-3.73395,35.2809],[-3.72003,35.28603],[-3.71798,35.28339],[-3.71503,35.2835],[-3.7094,35.28783],[-3.69634,35.2871],[-3.68489,35.28361],[-3.67853,35.28567],[-3.67636,35.28451],[-3.67495,35.27792],[-3.66159,35.26647],[-3.62303,35.24714],[-3.61534,35.24058],[-3.59311,35.22861],[-3.5691,35.22003],[-3.55904,35.22165],[-3.53718,35.21797],[-3.50973,35.20592],[-3.48861,35.19951],[-3.4747,35.19836],[-3.45076,35.20624],[-3.44433,35.19776],[-3.42621,35.19253],[-3.40618,35.19235],[-3.38528,35.18879],[-3.36476,35.18934],[-3.3488,35.18515],[-3.33526,35.18533],[-3.32174,35.19089],[-3.31096,35.20029],[-3.29756,35.20666],[-3.25981,35.21255],[-3.24761,35.21871],[-3.23905,35.2191],[-3.23734,35.22284],[-3.22873,35.22108],[-3.21628,35.22755],[-3.20972,35.2273],[-3.2094,35.22441],[-3.20591,35.22313],[-3.18976,35.22853],[-3.16761,35.24479],[-3.17828,35.25476],[-3.17893,35.25595],[-3.17905,35.25765],[-3.17767,35.25997],[-3.16292,35.27046],[-3.17744,35.25977],[-3.17861,35.25599],[-3.16608,35.24553],[-3.16208,35.248],[-3.15654,35.24432],[-3.15442,35.24803],[-3.1663,35.2579],[-3.16263,35.261],[-3.16371,35.2623],[-3.1577,35.25752],[-3.14929,35.26216],[-3.14216,35.27017],[-3.14287,35.27402],[-3.13996,35.27448],[-3.1342,35.28045],[-3.13457,35.28461],[-3.12464,35.28356],[-3.11636,35.27494],[-3.10967,35.27241],[-3.09608,35.27509],[-3.08323,35.28127],[-3.0594,35.30379],[-3.03169,35.34447],[-3.02944,35.35077],[-3.02724,35.35148],[-3.028,35.3556],[-3.00924,35.38367],[-3.01056,35.38514],[-3.00858,35.3857],[-3.0102,35.38688],[-3.00849,35.38834],[-3.0103,35.38946],[-3.0077,35.39074],[-3.01139,35.39346],[-3.0109,35.39525],[-3.00562,35.39361],[-3.003,35.39713],[-3.00448,35.39983],[-3.0103,35.40145],[-3.00508,35.40443],[-3.00733,35.40559],[-3.00609,35.40882],[-3.0036,35.40883],[-3.00511,35.41057],[-2.99893,35.41268],[-2.99523,35.41727],[-2.99689,35.42099],[-2.99482,35.42277],[-2.99564,35.42861],[-2.99479,35.43203],[-2.9927,35.43243],[-2.9945,35.43555],[-2.98898,35.43266],[-2.98789,35.43467],[-2.98303,35.43393],[-2.97926,35.43785],[-2.97606,35.43766],[-2.97677,35.44011],[-2.97305,35.43969],[-2.97125,35.43588],[-2.969,35.4355],[-2.96533,35.43616],[-2.96289,35.43976],[-2.96095,35.43704],[-2.95702,35.43571],[-2.95659,35.43718],[-2.94985,35.42681],[-2.95075,35.42395],[-2.9606,35.41896],[-2.96143,35.41459],[-2.96438,35.41247],[-2.96347,35.4075],[-2.9554,35.40401],[-2.96354,35.39111],[-2.95892,35.38477],[-2.96564,35.37947],[-2.97132,35.36381],[-2.96936,35.35893],[-2.96397,35.35792],[-2.965,35.35606],[-2.96325,35.35637],[-2.95947,35.3475],[-2.95624,35.34656],[-2.96155,35.33157],[-2.95205,35.32015],[-2.96102,35.3145],[-2.96787,35.3007],[-2.97019,35.28873],[-2.96518,35.28851],[-2.96834,35.28197],[-2.95419,35.27275],[-2.95054,35.26563],[-2.93877,35.26749],[-2.92665,35.2737],[-2.92772,35.27235],[-2.92555,35.27275],[-2.92656,35.2711],[-2.92443,35.27158],[-2.92568,35.27043],[-2.92306,35.26796],[-2.92135,35.26949],[-2.92377,35.26996],[-2.91879,35.27113],[-2.92165,35.27677],[-2.91759,35.27278],[-2.91628,35.27407],[-2.92063,35.27868],[-2.9178,35.27932],[-2.91408,35.27683],[-2.91794,35.2844],[-2.9136,35.27698],[-2.92249,35.26409],[-2.86311,35.21064],[-2.85862,35.20952],[-2.85797,35.2115],[-2.85799,35.21016],[-2.86099,35.20594],[-2.8678,35.20955],[-2.87298,35.20794],[-2.87268,35.21286],[-2.87561,35.21088],[-2.8798,35.22162],[-2.89511,35.23422],[-2.90036,35.23454],[-2.89698,35.23314],[-2.89881,35.23299],[-2.90161,35.23451],[-2.89716,35.23736],[-2.89831,35.23823],[-2.90312,35.23507],[-2.90483,35.24394],[-2.91536,35.24719],[-2.9152,35.25199],[-2.92107,35.25461],[-2.9192,35.25543],[-2.92146,35.2578],[-2.92963,35.25061],[-2.93117,35.23897],[-2.92438,35.23133],[-2.92404,35.22499],[-2.9165,35.21753],[-2.90563,35.21818],[-2.89885,35.21229],[-2.89985,35.20888],[-2.90396,35.20625],[-2.91155,35.21064],[-2.9111,35.20573],[-2.91301,35.20385],[-2.91707,35.20354],[-2.92555,35.19785],[-2.92597,35.19296],[-2.92456,35.18974],[-2.92309,35.18928],[-2.92218,35.18781],[-2.92469,35.18877],[-2.92301,35.18544],[-2.92436,35.1846],[-2.90993,35.16497],[-2.90705,35.16504],[-2.90816,35.1619],[-2.90563,35.16328],[-2.90389,35.16092],[-2.90602,35.15814],[-2.90537,35.1543],[-2.90779,35.15416],[-2.90901,35.15378],[-2.90394,35.15338],[-2.90017,35.14596],[-2.87937,35.1307],[-2.86407,35.12391],[-2.85873,35.12462],[-2.85592,35.12056],[-2.83187,35.10926],[-2.81026,35.10227],[-2.78465,35.10306],[-2.75515,35.09825],[-2.75145,35.10095],[-2.74466,35.11244],[-2.75768,35.12408],[-2.7627,35.12459],[-2.7593,35.12266],[-2.76069,35.12136],[-2.75695,35.12069],[-2.76021,35.12075],[-2.77218,35.13477],[-2.77869,35.13883],[-2.7834,35.13992],[-2.78383,35.14262],[-2.78507,35.14367],[-2.78392,35.13975],[-2.7773,35.13718],[-2.78404,35.13954],[-2.78898,35.15196],[-2.81042,35.16286],[-2.81687,35.17047],[-2.82766,35.17782],[-2.8346,35.18696],[-2.84536,35.19365],[-2.84911,35.18956],[-2.85044,35.19143],[-2.84832,35.19361],[-2.85907,35.19937],[-2.8597,35.20217],[-2.86205,35.1992],[-2.8545,35.21083],[-2.85681,35.206],[-2.84399,35.19585],[-2.84146,35.19679],[-2.84446,35.19546],[-2.8435,35.19346],[-2.84069,35.19424],[-2.83981,35.19734],[-2.83997,35.19264],[-2.76415,35.13447],[-2.74387,35.12347],[-2.72393,35.11842],[-2.69,35.10136],[-2.6866,35.10228],[-2.68653,35.10056],[-2.68018,35.09873],[-2.67334,35.09961],[-2.64964,35.09069],[-2.60751,35.08532],[-2.59921,35.08751],[-2.56752,35.08175],[-2.53665,35.08527],[-2.53031,35.08754],[-2.53028,35.08934],[-2.52052,35.08932],[-2.51483,35.0929],[-2.50545,35.0947],[-2.5011,35.09956],[-2.49605,35.0982],[-2.48055,35.10493],[-2.42367,35.14838],[-2.42358,35.14774],[-2.42029,35.14762],[-2.41841,35.14652],[-2.4231,35.14712],[-2.42295,35.14411],[-2.42025,35.1463],[-2.41883,35.14232],[-2.37281,35.12818],[-2.33967,35.12438],[-2.30585,35.11432],[-2.2996,35.11441],[-2.2987,35.11716],[-2.29745,35.11796],[-2.29341,35.11724],[-2.2983,35.11701],[-2.29865,35.11351],[-2.29354,35.11223],[-2.29811,35.10927],[-2.29385,35.10767],[-2.29255,35.10927],[-2.29286,35.11335],[-2.29609,35.11466],[-2.29517,35.11623],[-2.29264,35.11344],[-2.29259,35.11051],[-2.26443,35.0986],[-2.21176,35.08526],[-2.21459,35.06921],[-2.21083,35.0585],[-2.21366,35.05762],[-2.21426,35.05176],[-2.21845,35.0481],[-2.21309,35.04711],[-2.21353,35.04431],[-2.20967,35.0443],[-2.20828,35.04102],[-2.20269,35.04045],[-2.203,35.03744],[-2.19494,35.03674],[-2.19519,35.03417],[-2.19075,35.03068],[-2.18399,35.03123],[-2.18795,35.0243],[-2.18287,35.0237],[-2.184,35.02109],[-2.17807,35.01722],[-2.17908,35.01482],[-2.1721,35.01545],[-2.17276,35.0128],[-2.16571,35.0054],[-2.1598,35.00828],[-2.1598,35.00459],[-2.1571,35.00578],[-2.14426,34.99889],[-2.13702,35.00053],[-2.13383,34.99593],[-2.12745,34.99616],[-2.12201,34.99007],[-2.12385,34.98828],[-2.12204,34.98276],[-2.11812,34.98126],[-2.11349,34.97539],[-2.11044,34.97604],[-2.1094,34.97131],[-2.10561,34.97028],[-2.10438,34.96672],[-2.09822,34.9648],[-2.08499,34.95084],[-2.0583,34.93747],[-2.04587,34.92683],[-2.03501,34.92455],[-2.01205,34.93196],[-2.00183,34.92944],[-1.99223,34.93021],[-1.97339,34.93578],[-1.97433,34.91352],[-1.97139,34.90772],[-1.97384,34.902],[-1.97453,34.88953],[-1.9717,34.88262],[-1.97272,34.87879],[-1.9615,34.87639],[-1.95062,34.87047],[-1.94083,34.8617],[-1.93259,34.86111],[-1.92989,34.85769],[-1.89336,34.84164],[-1.88873,34.80622],[-1.85922,34.80226],[-1.842,34.78804],[-1.82219,34.78206],[-1.81483,34.78266],[-1.81134,34.7786],[-1.81289,34.77693],[-1.80594,34.77303],[-1.75219,34.75165],[-1.74965,34.74813],[-1.73889,34.74302],[-1.77122,34.72461],[-1.77522,34.69896],[-1.78974,34.68752],[-1.80182,34.67052],[-1.81545,34.65992],[-1.83605,34.62908],[-1.85383,34.61623],[-1.85247,34.6148],[-1.83908,34.61698],[-1.83493,34.61292],[-1.82298,34.60969],[-1.82183,34.60623],[-1.81666,34.60442],[-1.81237,34.59458],[-1.8073,34.59116],[-1.80577,34.58753],[-1.79956,34.58538],[-1.79725,34.57802],[-1.78998,34.57116],[-1.79065,34.56134],[-1.78616,34.55908],[-1.7845,34.55405],[-1.77955,34.55021],[-1.76759,34.54377],[-1.76516,34.54013],[-1.76559,34.5317],[-1.76171,34.52855],[-1.75513,34.52883],[-1.75185,34.51754],[-1.73683,34.50907],[-1.72344,34.50701],[-1.71348,34.50076],[-1.68773,34.49313],[-1.78297,34.3917],[-1.77077,34.37273],[-1.75248,34.36149],[-1.73376,34.34488],[-1.70533,34.30687],[-1.70958,34.2938],[-1.70831,34.27379],[-1.71183,34.26157],[-1.70893,34.23714],[-1.69754,34.20438],[-1.68344,34.18149],[-1.64782,34.10545],[-1.65142,34.09667],[-1.66471,34.01775],[-1.69875,33.86969],[-1.68372,33.81936],[-1.67215,33.80575],[-1.67508,33.78645],[-1.67132,33.7731],[-1.67655,33.75903],[-1.69207,33.75089],[-1.71117,33.74758],[-1.72095,33.74056],[-1.73247,33.70111],[-1.7115,33.68702],[-1.70882,33.68465],[-1.70826,33.67806],[-1.70194,33.67563],[-1.67802,33.67568],[-1.67224,33.6794],[-1.65829,33.68171],[-1.65275,33.68061],[-1.64655,33.67585],[-1.64398,33.66052],[-1.63134,33.63142],[-1.62501,33.62506],[-1.59955,33.61543],[-1.59471,33.60549],[-1.59902,33.60192],[-1.59719,33.59683],[-1.59969,33.59272],[-1.59645,33.58621],[-1.60124,33.57586],[-1.60024,33.57341],[-1.59312,33.57251],[-1.59513,33.56726],[-1.59302,33.56486],[-1.59734,33.55799],[-1.60336,33.5564],[-1.59888,33.55076],[-1.60066,33.54665],[-1.59813,33.54201],[-1.59601,33.5389],[-1.5935,33.53905],[-1.58816,33.52906],[-1.59543,33.52143],[-1.60618,33.49822],[-1.62177,33.48771],[-1.62099,33.47747],[-1.61758,33.47339],[-1.62445,33.46123],[-1.62129,33.45709],[-1.62299,33.45299],[-1.62127,33.44818],[-1.62881,33.43831],[-1.62793,33.43179],[-1.64602,33.42301],[-1.64832,33.41852],[-1.64881,33.40837],[-1.65283,33.40379],[-1.66355,33.37812],[-1.66377,33.35162],[-1.65991,33.34592],[-1.65854,33.339],[-1.6617,33.31842],[-1.65854,33.30144],[-1.66557,33.2941],[-1.66646,33.28656],[-1.67027,33.28408],[-1.6656,33.27177],[-1.65533,33.2559],[-1.64581,33.25096],[-1.64167,33.246],[-1.62893,33.22352],[-1.60673,33.21292],[-1.60022,33.20484],[-1.59848,33.20174],[-1.60029,33.19524],[-1.59081,33.18665],[-1.58798,33.17943],[-1.58035,33.16952],[-1.57438,33.15481],[-1.57605,33.14889],[-1.57334,33.1458],[-1.53916,33.11767],[-1.5346,33.10753],[-1.5178,33.09899],[-1.51463,33.09395],[-1.48782,33.0861],[-1.48422,33.08083],[-1.4795,33.08003],[-1.47547,33.07653],[-1.47132,33.06949],[-1.46176,33.04221],[-1.46397,33.03689],[-1.47673,33.0217],[-1.47717,33.01403],[-1.47229,33.00366],[-1.48593,32.97535],[-1.49645,32.9671],[-1.5106,32.96951],[-1.54378,32.95776],[-1.49828,32.89875],[-1.39899,32.76266],[-1.37668,32.7446],[-1.35641,32.7318],[-1.27149,32.6957],[-1.22829,32.66696],[-1.21146,32.65264],[-1.17479,32.63286],[-1.12876,32.60155],[-1.12314,32.59472],[-1.10563,32.58691],[-1.0449,32.54738],[-1.01009,32.53239],[-0.99944,32.51799],[-0.99859,32.51063],[-1.00066,32.50586],[-1.01195,32.50655],[-1.01577,32.50472],[-1.01622,32.5002],[-1.02053,32.49368],[-1.03959,32.48009],[-1.04875,32.46708],[-1.06297,32.45756],[-1.06301,32.45321],[-1.0795,32.44287],[-1.10385,32.4321],[-1.10822,32.42417],[-1.117,32.42277],[-1.12056,32.41978],[-1.12418,32.41147],[-1.12836,32.41023],[-1.14349,32.4162],[-1.15462,32.41632],[-1.15871,32.41399],[-1.1618,32.41554],[-1.16951,32.40989],[-1.17702,32.41153],[-1.17844,32.40872],[-1.18362,32.40873],[-1.19569,32.40272],[-1.19567,32.4004],[-1.20638,32.39228],[-1.20139,32.38699],[-1.20637,32.38088],[-1.20946,32.36743],[-1.21417,32.361],[-1.21886,32.35929],[-1.2184,32.35588],[-1.22079,32.35247],[-1.21746,32.34942],[-1.22174,32.34037],[-1.22621,32.34231],[-1.22986,32.33555],[-1.23144,32.33644],[-1.24228,32.32906],[-1.24633,32.32949],[-1.24653,32.32652],[-1.24401,32.32573],[-1.24872,32.32026],[-1.24535,32.31479],[-1.23749,32.31328],[-1.23508,32.30989],[-1.23672,32.30482],[-1.23483,32.28955],[-1.24258,32.26908],[-1.24076,32.26093],[-1.24816,32.25069],[-1.24254,32.22371],[-1.24112,32.20571],[-1.25676,32.19834],[-1.2614,32.19139],[-1.27262,32.18846],[-1.28454,32.17585],[-1.29913,32.17203],[-1.29857,32.16139],[-1.29367,32.15849],[-1.28324,32.15849],[-1.27253,32.16327],[-1.25697,32.16027],[-1.24078,32.16714],[-1.22708,32.16755],[-1.21762,32.17307],[-1.19191,32.16878],[-1.18315,32.16363],[-1.17248,32.15146],[-1.1648,32.13486],[-1.15288,32.12813],[-1.15549,32.11892],[-1.15236,32.11107],[-1.16454,32.1097],[-1.16735,32.10515],[-1.17202,32.10671],[-1.17758,32.10319],[-1.18291,32.10337],[-1.18548,32.09948],[-1.1926,32.0965],[-1.1959,32.08979],[-1.2038,32.08456],[-1.23026,32.07927],[-1.22969,32.07637],[-1.23256,32.07784],[-1.23282,32.08063],[-1.23961,32.07708],[-1.26135,32.0778],[-1.27261,32.0868],[-1.2807,32.08456],[-1.3382,32.08319],[-1.35725,32.09121],[-1.36913,32.09006],[-1.37898,32.08388],[-1.38234,32.08645],[-1.40995,32.08731],[-1.44983,32.09327],[-1.48335,32.09511],[-1.4981,32.10301],[-1.50478,32.10387],[-1.58031,32.09224],[-1.62696,32.10352],[-1.64061,32.11006],[-1.64668,32.10849],[-1.66196,32.1094],[-1.69679,32.11874],[-1.70593,32.11762],[-1.71213,32.11409],[-1.72652,32.12105],[-1.73444,32.11961],[-1.73868,32.12193],[-1.74886,32.12108],[-1.75732,32.12584],[-1.76066,32.12541],[-1.77966,32.13242],[-1.78365,32.13587],[-1.80156,32.13635],[-1.8189,32.14208],[-1.82319,32.14164],[-1.82555,32.14502],[-1.82996,32.14637],[-1.83817,32.14336],[-1.84326,32.14478],[-1.84336,32.14746],[-1.85092,32.14664],[-1.85598,32.14946],[-1.86838,32.14408],[-1.87416,32.14684],[-1.87452,32.15161],[-1.88314,32.15181],[-1.89052,32.15819],[-1.9034,32.16436],[-1.92075,32.16236],[-1.92604,32.15577],[-1.92678,32.15105],[-1.9445,32.15852],[-1.96858,32.15732],[-1.97652,32.16099],[-1.9799,32.16763],[-1.98864,32.17411],[-2.01492,32.18218],[-2.08772,32.16041],[-2.10241,32.15359],[-2.15023,32.1442],[-2.19033,32.14311],[-2.23161,32.15898],[-2.24569,32.16248],[-2.25935,32.16241],[-2.27761,32.1686],[-2.28642,32.16282],[-2.2871,32.1527],[-2.29993,32.1513],[-2.31432,32.15832],[-2.35221,32.15359],[-2.36076,32.15709],[-2.36708,32.15415],[-2.37095,32.15429],[-2.37195,32.15633],[-2.38772,32.15528],[-2.40649,32.15768],[-2.41918,32.15347],[-2.43102,32.15245],[-2.4486,32.15609],[-2.47525,32.15098],[-2.53634,32.14632],[-2.54244,32.14508],[-2.56918,32.12589],[-2.60003,32.11291],[-2.64907,32.11703],[-2.72856,32.11085],[-2.81214,32.11429],[-2.83565,32.11097],[-2.87344,32.11136],[-2.90376,32.08765],[-2.91032,32.07856],[-2.9156,32.07506],[-2.92813,32.04794],[-2.93056,32.02839],[-2.9282,32.02318],[-2.91654,32.01247],[-2.91648,32.00831],[-2.90616,31.99351],[-2.89949,31.97773],[-2.8852,31.96612],[-2.88189,31.95523],[-2.88365,31.93486],[-2.86293,31.91387],[-2.86237,31.91073],[-2.85507,31.90335],[-2.85198,31.89328],[-2.84232,31.88362],[-2.84087,31.87266],[-2.84239,31.86873],[-2.83798,31.86471],[-2.83707,31.85643],[-2.84288,31.84496],[-2.84415,31.83207],[-2.83989,31.82708],[-2.83252,31.82676],[-2.82488,31.81954],[-2.82192,31.8144],[-2.82295,31.80082],[-2.8207,31.79364],[-3.2709,31.70933],[-3.28019,31.72211],[-3.27017,31.73133],[-3.22386,31.7502],[-3.19065,31.7683],[-3.15486,31.78359],[-3.13928,31.80077],[-3.12044,31.81408],[-3.11083,31.82432],[-3.14833,31.8241],[-3.16601,31.81876],[-3.17428,31.81836],[-3.17953,31.81257],[-3.18577,31.79874],[-3.2306,31.87067],[-3.27078,31.97363],[-3.27163,32.04541],[-3.26753,32.11357],[-3.23507,32.13268],[-3.17345,32.18347],[-3.24526,32.16819],[-3.31283,32.12709],[-3.325,32.12352],[-3.35834,32.12717],[-3.40973,32.13658],[-3.42231,32.14066],[-3.42505,32.15074],[-3.42239,32.15979],[-3.42308,32.16502],[-3.44471,32.17407],[-3.48496,32.18443],[-3.52401,32.1862],[-3.53363,32.18835],[-3.54736,32.18754],[-3.55101,32.18595],[-3.54006,32.16938],[-3.53839,32.15813],[-3.54367,32.14776],[-3.55213,32.1409],[-3.5868,32.12803],[-3.61109,32.12444],[-3.64602,32.11313],[-3.66727,32.1133],[-3.69955,32.10961],[-3.69984,32.12302],[-3.67267,32.17105],[-3.66624,32.18628],[-3.66671,32.19206],[-3.7304,32.19986],[-3.75443,32.20364],[-3.75803,32.20596],[-3.7579,32.21226],[-3.74559,32.23749],[-3.73482,32.27434],[-3.76399,32.26766],[-3.76857,32.26884],[-3.78099,32.26325],[-3.80272,32.25971],[-3.79794,32.27976],[-3.78837,32.27979],[-3.78297,32.28371],[-3.77846,32.29079],[-3.78009,32.29913],[-3.79125,32.30428],[-3.82281,32.34219],[-3.82369,32.35726],[-3.82547,32.36358],[-3.82854,32.36639],[-3.82906,32.37607],[-3.82678,32.38405],[-3.83103,32.39035],[-3.83357,32.4003],[-3.84135,32.40565],[-3.84734,32.41372],[-3.85682,32.41803],[-3.85678,32.42035],[-3.86285,32.42576],[-3.863,32.42923],[-3.8712,32.43299],[-3.87407,32.43665],[-3.88053,32.43833],[-3.8906,32.45324],[-3.91435,32.45836],[-3.91832,32.46664],[-3.9177,32.47309],[-3.92072,32.47732],[-3.90559,32.4883],[-3.90302,32.49475],[-3.90532,32.50563],[-3.90884,32.5095],[-3.95856,32.5077],[-3.96523,32.51696],[-3.96466,32.52128],[-3.94391,32.55423],[-3.94343,32.56139],[-3.97071,32.59596],[-3.97445,32.60709],[-4.00269,32.60419],[-4.01301,32.59947],[-4.01842,32.6193],[-4.01933,32.63749],[-4.01593,32.64076],[-4.0154,32.65025],[-4.00077,32.66991],[-3.97854,32.68849],[-3.96746,32.7035],[-3.94989,32.72082],[-3.92105,32.75558],[-3.91755,32.76731],[-3.90497,32.78677],[-3.88978,32.82326],[-3.88061,32.83413],[-3.84462,32.86724],[-3.81955,32.89974],[-3.77418,32.94247],[-3.72571,33.00228],[-3.70714,33.02927],[-3.674,33.05777],[-3.70557,33.08],[-3.68295,33.0936],[-3.62158,33.10165],[-3.60987,33.13145],[-3.56755,33.1081],[-3.56379,33.10129],[-3.54897,33.08716],[-3.54543,33.09906],[-3.52308,33.10289],[-3.49362,33.1],[-3.48364,33.09318],[-3.46438,33.09062],[-3.42472,33.09062],[-3.4143,33.08855],[-3.39542,33.08937],[-3.38363,33.09297],[-3.36244,33.09461],[-3.34664,33.09175],[-3.32895,33.09281],[-3.31931,33.09416],[-3.29737,33.1029],[-3.28579,33.10254],[-3.26196,33.10822],[-3.23682,33.10743],[-3.2247,33.11552],[-3.21152,33.11963],[-3.17664,33.12085],[-3.13843,33.13168],[-3.12804,33.13063],[-3.08902,33.13949],[-3.06867,33.14076],[-3.05762,33.14435],[-3.03081,33.14212],[-3.02728,33.14379],[-3.02577,33.14795],[-3.01675,33.15176],[-3.00634,33.16345],[-2.99216,33.16417],[-2.98643,33.17106],[-2.96765,33.17151],[-2.95733,33.18264],[-2.95195,33.18098],[-2.94263,33.18203],[-2.93403,33.17926],[-2.91947,33.18127],[-2.9168,33.18384],[-2.90677,33.1863],[-2.9067,33.19001],[-2.90391,33.19229],[-2.8923,33.19251],[-2.9025,33.20227],[-2.91794,33.21036],[-3.0118,33.37291],[-3.04809,33.39387],[-3.0562,33.39519],[-3.06831,33.40609],[-3.07563,33.41597],[-3.07985,33.41743],[-3.0944,33.43494],[-3.10188,33.43611],[-3.10491,33.44365],[-3.11209,33.44178],[-3.11856,33.44344],[-3.14853,33.46052],[-3.17796,33.48982],[-3.20568,33.49464],[-3.22214,33.50101],[-3.23654,33.50201],[-3.25241,33.49979],[-3.26355,33.50998],[-3.26941,33.52327],[-3.28347,33.53083],[-3.28502,33.53733],[-3.28774,33.53897],[-3.28745,33.54142],[-3.28049,33.54484],[-3.27759,33.54928],[-3.26323,33.55798],[-3.25327,33.57019],[-3.23391,33.57007],[-3.22328,33.57643],[-3.21077,33.5774],[-3.20064,33.58175],[-3.19217,33.59744],[-3.18492,33.61811],[-3.17076,33.62831],[-3.16199,33.63125],[-3.16107,33.6285],[-3.14877,33.62453],[-3.14325,33.625],[-3.13905,33.63583],[-3.1363,33.63621],[-3.13792,33.63893],[-3.1258,33.64431],[-3.10152,33.6649],[-3.06552,33.70283],[-3.05531,33.71632],[-3.03862,33.74261],[-3.03832,33.74979],[-3.04399,33.76964],[-3.06487,33.7715],[-3.07016,33.77407],[-3.09627,33.77386],[-3.10393,33.74572],[-3.17006,33.7607],[-3.19607,33.76277],[-3.25087,33.77736],[-3.29272,33.78019],[-3.3129,33.79573],[-3.31756,33.7964],[-3.32486,33.80963],[-3.32945,33.8117],[-3.34091,33.81161],[-3.3488,33.8233],[-3.3615,33.82997],[-3.36693,33.82872],[-3.3774,33.83223],[-3.39369,33.84354],[-3.398,33.84709],[-3.39825,33.85376],[-3.4083,33.86865],[-3.41635,33.87206],[-3.42037,33.87772],[-3.42757,33.88076],[-3.44989,33.88262],[-3.47608,33.90351],[-3.48001,33.90345],[-3.48374,33.89966],[-3.48798,33.90189],[-3.49337,33.901],[-3.50752,33.91177],[-3.52591,33.91816],[-3.53157,33.9179],[-3.54297,33.9075],[-3.54912,33.89239],[-3.56435,33.87531],[-3.56451,33.87199],[-3.57558,33.85593],[-3.58836,33.85056],[-3.60505,33.83986],[-3.61694,33.82577],[-3.62469,33.82256],[-3.62569,33.81556],[-3.63451,33.80514],[-3.64266,33.78287],[-3.65324,33.77467],[-3.6601,33.76593],[-3.67331,33.75862],[-3.68019,33.74599],[-3.70425,33.74227],[-3.71346,33.73891],[-3.71777,33.72555],[-3.72622,33.71345],[-3.73243,33.71033],[-3.74043,33.69499],[-3.74897,33.68406],[-3.7648,33.67648],[-3.78421,33.67148],[-3.80434,33.64715],[-3.80984,33.63739],[-3.8091,33.62335],[-3.82973,33.61845],[-3.8343,33.6121],[-3.83808,33.60042],[-3.83187,33.58419],[-3.81408,33.57021],[-3.79998,33.56901],[-3.79345,33.56203],[-3.79547,33.55899],[-3.81327,33.54987],[-3.82217,33.54984],[-3.8282,33.54667],[-3.83465,33.53419],[-3.83732,33.52141],[-3.84334,33.51724],[-3.84983,33.50662],[-3.87016,33.49106],[-3.87154,33.49435],[-3.87,33.50132],[-3.86172,33.51036],[-3.86267,33.52663],[-3.86503,33.53147],[-3.88087,33.54497],[-3.88382,33.56629],[-3.88629,33.56857],[-3.89005,33.56796],[-3.89636,33.56072],[-3.90289,33.56186],[-3.91648,33.55518],[-3.92271,33.54937],[-3.92889,33.54949],[-3.92977,33.54026],[-3.93994,33.5271],[-3.95906,33.52206],[-3.97091,33.51559],[-3.98015,33.51812],[-3.98239,33.5167],[-3.99681,33.51797],[-4.00213,33.54102],[-4.00769,33.53988],[-4.0086,33.53692],[-4.01376,33.53633],[-4.02456,33.53969],[-4.02771,33.53972],[-4.02925,33.53681],[-4.05128,33.54019],[-4.06189,33.54671],[-4.0803,33.55103],[-4.09111,33.55765],[-4.09444,33.56045],[-4.10078,33.57672],[-4.0982,33.58268],[-4.10041,33.5955],[-4.09164,33.60951],[-4.09533,33.62244],[-4.09503,33.63021],[-4.10792,33.65958],[-4.10158,33.66231]]]}},{"type":"Feature","properties":{"country":"MA","region":"Drâa-Tafilalet"},"geometry":{"type":"Polygon","coordinates":[[[-7.73369,30.86102],[-7.7358,30.88789],[-7.73165,30.90564],[-7.73019,30.93985],[-7.72405,30.95973],[-7.72038,30.99054],[-7.72079,31.01987],[-7.71444,31.03799],[-7.73033,31.05602],[-7.7272,31.0662],[-7.73868,31.07896],[-7.75124,31.09948],[-7.75238,31.10532],[-7.74864,31.11767],[-7.744,31.1272],[-7.73179,31.13463],[-7.71218,31.13131],[-7.70034,31.14377],[-7.69687,31.16262],[-7.67868,31.17391],[-7.66254,31.17796],[-7.65014,31.19136],[-7.59911,31.20902],[-7.58735,31.22938],[-7.58409,31.24512],[-7.49877,31.25076],[-7.47778,31.27041],[-7.44721,31.27714],[-7.43611,31.2842],[-7.43583,31.29128],[-7.38648,31.28668],[-7.35171,31.29555],[-7.3056,31.31818],[-7.25284,31.34889],[-7.23391,31.37472],[-7.23922,31.3927],[-7.21787,31.41387],[-7.18452,31.42896],[-7.17373,31.41689],[-7.15566,31.4283],[-7.13871,31.38075],[-7.12685,31.36647],[-7.11553,31.36829],[-7.10249,31.36492],[-7.06077,31.37034],[-7.03914,31.39027],[-7.03434,31.38719],[-7.00899,31.33899],[-6.99593,31.3493],[-6.97258,31.35118],[-6.92374,31.34501],[-6.8092,31.34334],[-6.73304,31.34882],[-6.71874,31.35774],[-6.71296,31.37572],[-6.70335,31.41835],[-6.70101,31.46948],[-6.66215,31.46166],[-6.63293,31.46149],[-6.56332,31.50785],[-6.5316,31.52351],[-6.49513,31.53582],[-6.48389,31.54341],[-6.48078,31.55553],[-6.47515,31.54888],[-6.45638,31.54608],[-6.44973,31.54763],[-6.43337,31.56962],[-6.42346,31.5788],[-6.39646,31.59114],[-6.35603,31.60307],[-6.31385,31.62001],[-6.26135,31.63622],[-6.12259,31.69121],[-6.06029,31.70571],[-6.01771,31.7202],[-6.00235,31.73015],[-5.98005,31.73997],[-5.96616,31.75111],[-5.95149,31.77052],[-5.94398,31.78644],[-5.92061,31.82112],[-5.89436,31.8321],[-5.8554,31.83931],[-5.81729,31.85757],[-5.81887,31.89531],[-5.82449,31.88315],[-5.82396,31.89373],[-5.79858,31.92805],[-5.80267,31.93889],[-5.82587,31.96374],[-5.88818,31.98342],[-5.88217,32.0291],[-5.8753,32.06284],[-5.86672,32.08659],[-5.86827,32.09805],[-5.85796,32.11798],[-5.85213,32.12331],[-5.79773,32.11584],[-5.79271,32.11817],[-5.7709,32.13324],[-5.74611,32.14631],[-5.73852,32.15284],[-5.72258,32.17361],[-5.71858,32.18506],[-5.71165,32.19558],[-5.70038,32.20586],[-5.68907,32.21236],[-5.67006,32.21242],[-5.63521,32.21723],[-5.612,32.2233],[-5.58179,32.22747],[-5.5712,32.23164],[-5.57198,32.2394],[-5.57489,32.24022],[-5.57357,32.24321],[-5.57097,32.24305],[-5.52947,32.31081],[-5.54929,32.35943],[-5.55363,32.38689],[-5.53925,32.41027],[-5.53763,32.4233],[-5.52166,32.46676],[-5.54258,32.4873],[-5.52565,32.49301],[-5.5212,32.4982],[-5.4974,32.50964],[-5.46256,32.52156],[-5.4269,32.53851],[-5.4021,32.54014],[-5.37047,32.53679],[-5.35524,32.53774],[-5.35343,32.56537],[-5.3443,32.58616],[-5.34223,32.59792],[-5.34427,32.60283],[-5.33704,32.60479],[-5.33667,32.61007],[-5.33352,32.61097],[-5.33159,32.61545],[-5.32663,32.61916],[-5.32177,32.61856],[-5.32304,32.63291],[-5.31548,32.64175],[-5.31669,32.65075],[-5.31502,32.66006],[-5.31667,32.68186],[-5.32163,32.68082],[-5.33017,32.68447],[-5.34003,32.69519],[-5.34571,32.69339],[-5.35017,32.70332],[-5.35871,32.71423],[-5.31463,32.71928],[-5.313,32.74491],[-5.31798,32.76418],[-5.31678,32.77761],[-5.30357,32.79516],[-5.31163,32.80709],[-5.29704,32.82102],[-5.28769,32.83972],[-5.26245,32.85419],[-5.24929,32.85651],[-5.25455,32.86937],[-5.22983,32.88362],[-5.19022,32.91552],[-5.16871,32.90467],[-5.14186,32.90886],[-5.13289,32.91759],[-5.12747,32.94548],[-5.09285,32.95953],[-5.05685,32.98089],[-5.06629,33.00725],[-5.07208,33.01393],[-5.06978,33.02686],[-5.0661,33.02754],[-5.05524,33.04078],[-5.04374,33.04627],[-5.03636,33.0577],[-5.02666,33.06739],[-4.99645,33.08316],[-4.98031,33.08051],[-4.89277,33.0792],[-4.86334,33.07433],[-4.84564,33.07592],[-4.83516,33.08639],[-4.82774,33.09795],[-4.82145,33.07266],[-4.80832,33.04761],[-4.77459,33.01802],[-4.76643,33.00038],[-4.75502,32.95995],[-4.77295,32.9271],[-4.76979,32.91225],[-4.71383,32.89237],[-4.65647,32.88055],[-4.623,32.87968],[-4.55809,32.89627],[-4.52374,32.89548],[-4.4775,32.88272],[-4.48723,32.86755],[-4.46409,32.84235],[-4.40533,32.81064],[-4.37134,32.78687],[-4.3242,32.75042],[-4.28503,32.71475],[-4.24227,32.65712],[-4.21682,32.61378],[-4.17408,32.60105],[-4.10358,32.62304],[-4.05787,32.60056],[-4.01591,32.60103],[-4.01301,32.59947],[-4.00269,32.60419],[-3.97445,32.60709],[-3.97071,32.59596],[-3.94343,32.56139],[-3.94391,32.55423],[-3.95968,32.53011],[-3.96523,32.51696],[-3.95856,32.5077],[-3.90884,32.5095],[-3.90532,32.50563],[-3.90253,32.49668],[-3.90559,32.4883],[-3.92072,32.47732],[-3.9177,32.47309],[-3.91832,32.46664],[-3.91435,32.45836],[-3.8906,32.45324],[-3.88053,32.43833],[-3.87407,32.43665],[-3.8712,32.43299],[-3.863,32.42923],[-3.86285,32.42576],[-3.85678,32.42035],[-3.85682,32.41803],[-3.84734,32.41372],[-3.84135,32.40565],[-3.83408,32.40097],[-3.83103,32.39035],[-3.82678,32.38405],[-3.82906,32.37607],[-3.82854,32.36639],[-3.82547,32.36358],[-3.82369,32.35726],[-3.82281,32.34219],[-3.79125,32.30428],[-3.78009,32.29913],[-3.77846,32.29079],[-3.78297,32.28371],[-3.78837,32.27979],[-3.79794,32.27976],[-3.80272,32.25971],[-3.78099,32.26325],[-3.76857,32.26884],[-3.76399,32.26766],[-3.73482,32.27434],[-3.74559,32.23749],[-3.7579,32.21226],[-3.75803,32.20596],[-3.75443,32.20364],[-3.7304,32.19986],[-3.66671,32.19206],[-3.66624,32.18628],[-3.67267,32.17105],[-3.69984,32.12302],[-3.69955,32.10961],[-3.66727,32.1133],[-3.64602,32.11313],[-3.61109,32.12444],[-3.5868,32.12803],[-3.55213,32.1409],[-3.54367,32.14776],[-3.53839,32.15813],[-3.54006,32.16938],[-3.55101,32.18595],[-3.54736,32.18754],[-3.53363,32.18835],[-3.52401,32.1862],[-3.48496,32.18443],[-3.44471,32.17407],[-3.42308,32.16502],[-3.42239,32.15979],[-3.42505,32.15074],[-3.42231,32.14066],[-3.40973,32.13658],[-3.35834,32.12717],[-3.325,32.12352],[-3.31283,32.12709],[-3.24526,32.16819],[-3.17345,32.18347],[-3.23507,32.13268],[-3.26753,32.11357],[-3.27163,32.04541],[-3.27078,31.97363],[-3.2306,31.87067],[-3.18577,31.79874],[-3.17953,31.81257],[-3.17428,31.81836],[-3.16601,31.81876],[-3.14833,31.8241],[-3.11083,31.82432],[-3.12044,31.81408],[-3.13928,31.80077],[-3.15486,31.78359],[-3.19065,31.7683],[-3.22386,31.7502],[-3.27017,31.73133],[-3.28019,31.72211],[-3.2709,31.70933],[-3.66467,31.63353],[-3.66484,31.40146],[-3.6627,31.39816],[-3.64838,31.39701],[-3.647,31.39392],[-3.66091,31.37796],[-3.6652,31.37883],[-3.66898,31.38632],[-3.67278,31.38513],[-3.6736,31.377],[-3.67941,31.3707],[-3.68854,31.36901],[-3.69509,31.3634],[-3.70354,31.36602],[-3.71162,31.36201],[-3.71312,31.35003],[-3.72257,31.34212],[-3.72694,31.34081],[-3.73552,31.34365],[-3.74117,31.35859],[-3.74482,31.36122],[-3.74931,31.36099],[-3.75795,31.34675],[-3.75761,31.34276],[-3.75413,31.33994],[-3.75653,31.33682],[-3.76463,31.33404],[-3.76043,31.32245],[-3.76265,31.31062],[-3.77493,31.30528],[-3.78555,31.29276],[-3.78546,31.28874],[-3.78208,31.28651],[-3.77466,31.29168],[-3.77323,31.28058],[-3.76958,31.27814],[-3.76475,31.27804],[-3.75674,31.28219],[-3.75445,31.27913],[-3.75879,31.26343],[-3.78322,31.24888],[-3.77969,31.24197],[-3.7907,31.23622],[-3.78268,31.22161],[-3.77894,31.2202],[-3.77548,31.22348],[-3.7723,31.223],[-3.77346,31.21096],[-3.77017,31.20809],[-3.76765,31.2003],[-3.76672,31.1844],[-3.75931,31.18],[-3.76126,31.17212],[-3.76745,31.16126],[-3.77372,31.15532],[-3.7768,31.14769],[-3.77519,31.13586],[-3.77776,31.12406],[-3.77736,31.10404],[-3.77506,31.1009],[-3.77245,31.10406],[-3.7744,31.11621],[-3.77243,31.11983],[-3.76026,31.12572],[-3.75564,31.12688],[-3.75312,31.12408],[-3.74572,31.12597],[-3.74127,31.12482],[-3.73393,31.11495],[-3.73051,31.11712],[-3.7237,31.13526],[-3.72563,31.13866],[-3.73378,31.14256],[-3.73391,31.14609],[-3.72423,31.14573],[-3.72055,31.14725],[-3.71857,31.15094],[-3.71054,31.15438],[-3.70764,31.14907],[-3.70801,31.13676],[-3.70545,31.13684],[-3.70726,31.14043],[-3.70477,31.15195],[-3.71387,31.1657],[-3.70425,31.17228],[-3.70206,31.17603],[-3.69961,31.17372],[-3.69789,31.16158],[-3.69437,31.16698],[-3.68093,31.16521],[-3.67155,31.15125],[-3.67327,31.13155],[-3.67011,31.11978],[-3.67625,31.10906],[-3.67408,31.09725],[-3.67926,31.09061],[-3.67954,31.08652],[-3.67611,31.08401],[-3.64386,31.08196],[-3.64276,31.0855],[-3.6515,31.08758],[-3.66001,31.08631],[-3.66645,31.09027],[-3.66558,31.09443],[-3.66202,31.09237],[-3.66532,31.09876],[-3.66465,31.10251],[-3.6607,31.10197],[-3.65765,31.09884],[-3.65723,31.09475],[-3.65355,31.09494],[-3.65437,31.09878],[-3.64474,31.09329],[-3.64142,31.09355],[-3.63658,31.09966],[-3.64418,31.11004],[-3.64464,31.13009],[-3.64663,31.13323],[-3.65159,31.1343],[-3.63865,31.1417],[-3.64308,31.15686],[-3.64176,31.16753],[-3.63899,31.16977],[-3.63466,31.13768],[-3.6377,31.13443],[-3.63908,31.12284],[-3.63694,31.1113],[-3.62964,31.1064],[-3.62611,31.11401],[-3.6197,31.11957],[-3.61599,31.11949],[-3.61758,31.09925],[-3.61077,31.10127],[-3.60532,31.09548],[-3.60811,31.08818],[-3.6058,31.07629],[-3.60306,31.07354],[-3.59385,31.07556],[-3.59161,31.07423],[-3.59218,31.05834],[-3.58799,31.05814],[-3.58443,31.05038],[-3.57715,31.04778],[-3.57389,31.04301],[-3.57114,31.04789],[-3.57205,31.05162],[-3.56726,31.05306],[-3.56357,31.04745],[-3.55918,31.04928],[-3.55823,31.05315],[-3.56131,31.06064],[-3.55824,31.05981],[-3.5565,31.06355],[-3.55289,31.06039],[-3.55239,31.06394],[-3.54861,31.0615],[-3.54999,31.05055],[-3.55494,31.0403],[-3.55067,31.03978],[-3.54838,31.03168],[-3.54607,31.03792],[-3.542,31.0386],[-3.54128,31.01864],[-3.53634,31.01369],[-3.53801,31.00598],[-3.53662,31.00218],[-3.54141,30.99557],[-3.53873,30.98797],[-3.54267,30.98078],[-3.53799,30.97377],[-3.54569,30.97059],[-3.54572,30.96666],[-3.54865,30.96346],[-3.54114,30.96273],[-3.54054,30.95509],[-3.55397,30.95128],[-3.55731,30.94834],[-3.55235,30.94176],[-3.55253,30.93867],[-3.55674,30.94111],[-3.55855,30.94015],[-3.55674,30.93214],[-3.5598,30.92918],[-3.5645,30.92892],[-3.57123,30.93453],[-3.5753,30.93396],[-3.57713,30.93028],[-3.57546,30.92234],[-3.57845,30.91989],[-3.58338,30.92088],[-3.58658,30.91915],[-3.58287,30.90797],[-3.59354,30.89459],[-3.59775,30.89306],[-3.60079,30.89592],[-3.60469,30.89484],[-3.60634,30.87901],[-3.61386,30.87742],[-3.61314,30.87328],[-3.61572,30.86577],[-3.61969,30.86372],[-3.62419,30.86469],[-3.62383,30.86871],[-3.63623,30.87568],[-3.63284,30.86809],[-3.63652,30.86566],[-3.63876,30.85826],[-3.65845,30.8514],[-3.65477,30.84842],[-3.65087,30.83926],[-3.65082,30.80712],[-3.64463,30.76761],[-3.63545,30.76449],[-3.62959,30.74465],[-3.63203,30.74145],[-3.63176,30.72875],[-3.63638,30.72289],[-3.63629,30.71566],[-3.64013,30.7061],[-3.6463,30.7023],[-3.64747,30.69939],[-3.6447,30.69044],[-3.65393,30.67469],[-3.67168,30.66407],[-3.68194,30.66786],[-3.69191,30.66139],[-3.70938,30.65492],[-3.71581,30.64912],[-3.72088,30.64887],[-3.72166,30.6449],[-3.74278,30.63963],[-3.74531,30.63566],[-3.76335,30.62657],[-3.76787,30.62615],[-3.77758,30.6104],[-3.7918,30.60732],[-3.8168,30.59035],[-3.82146,30.59015],[-3.83386,30.59608],[-3.84706,30.59534],[-3.86558,30.60521],[-3.88654,30.61069],[-3.90414,30.60224],[-3.92001,30.59913],[-3.92701,30.60383],[-3.96939,30.59853],[-3.9959,30.59286],[-4.14833,30.58514],[-4.29634,30.53631],[-4.32968,30.52155],[-4.42693,30.4393],[-4.48792,30.37224],[-4.55996,30.31674],[-4.58627,30.29293],[-4.93662,30.14047],[-5.11454,30.0095],[-5.17069,29.97698],[-5.23938,29.93287],[-5.24824,29.92179],[-5.24936,29.91551],[-5.27071,29.90487],[-5.28215,29.88536],[-5.28886,29.88114],[-5.29429,29.86831],[-5.29736,29.85068],[-5.3228,29.8188],[-5.32342,29.81495],[-5.31723,29.80309],[-5.31703,29.79468],[-5.31773,29.78907],[-5.32318,29.78147],[-5.32313,29.77742],[-5.32893,29.76907],[-5.33428,29.76591],[-5.34974,29.74396],[-5.36136,29.73207],[-5.3746,29.71212],[-5.44497,29.63354],[-5.54208,29.51217],[-5.55335,29.48935],[-5.55359,29.48303],[-5.55833,29.47869],[-5.56548,29.47659],[-5.57035,29.48031],[-5.57188,29.48653],[-5.578,29.48957],[-5.60599,29.48886],[-5.61937,29.49289],[-5.62967,29.50146],[-5.65081,29.50454],[-5.66243,29.51153],[-5.66873,29.52209],[-5.67691,29.52473],[-5.67813,29.53089],[-5.68583,29.54119],[-5.69669,29.53054],[-5.71453,29.51983],[-5.74294,29.51577],[-5.74924,29.51826],[-5.75175,29.52406],[-5.75073,29.53024],[-5.74416,29.54811],[-5.74155,29.55393],[-5.72436,29.57397],[-5.72238,29.57992],[-5.72324,29.5862],[-5.7275,29.59104],[-5.76604,29.59409],[-5.79041,29.60543],[-5.80203,29.60764],[-5.82212,29.60703],[-5.86135,29.6009],[-5.87013,29.59206],[-5.87644,29.59036],[-5.92286,29.5944],[-5.9502,29.59088],[-6.00522,29.57782],[-6.029,29.56414],[-6.04893,29.56565],[-6.06984,29.56213],[-6.09077,29.56579],[-6.10386,29.57035],[-6.12515,29.57093],[-6.13799,29.57641],[-6.16532,29.58229],[-6.1856,29.57685],[-6.19987,29.57771],[-6.21343,29.57588],[-6.24746,29.5654],[-6.28968,29.57046],[-6.30335,29.5669],[-6.31715,29.56998],[-6.34547,29.56664],[-6.37387,29.56816],[-6.38671,29.56176],[-6.38803,29.55655],[-6.38649,29.5527],[-6.39031,29.54983],[-6.3964,29.5541],[-6.40049,29.56167],[-6.44851,29.56564],[-6.42052,29.62829],[-6.40546,29.64685],[-6.40601,29.66299],[-6.42181,29.68066],[-6.42494,29.69917],[-6.41271,29.72393],[-6.39027,29.74516],[-6.40391,29.7906],[-6.40314,29.8061],[-6.40623,29.82777],[-6.4064,29.84824],[-6.42099,29.90242],[-6.41945,29.92184],[-6.42237,29.94512],[-6.42992,29.95866],[-6.43176,29.97298],[-6.40049,29.99948],[-6.35708,30.01182],[-6.35365,30.03076],[-6.36529,30.03938],[-6.38786,30.03977],[-6.39797,30.04657],[-6.47913,30.02601],[-6.50783,30.0751],[-6.48831,30.12834],[-6.50278,30.14864],[-6.58969,30.22929],[-6.55701,30.25937],[-6.51075,30.29066],[-6.51222,30.31591],[-6.5486,30.34186],[-6.57577,30.37428],[-6.61419,30.41359],[-6.63823,30.4155],[-6.6441,30.42727],[-6.63909,30.43905],[-6.65733,30.46162],[-6.67119,30.46102],[-6.68937,30.44749],[-6.7347,30.43663],[-6.81093,30.42329],[-6.83251,30.46033],[-6.86124,30.45738],[-6.85473,30.43822],[-6.86071,30.40129],[-6.85575,30.37287],[-6.85616,30.36104],[-6.88272,30.33183],[-6.89864,30.34756],[-6.92455,30.35519],[-7.02246,30.33464],[-7.04975,30.34542],[-7.12074,30.36193],[-7.1597,30.37662],[-7.17068,30.37025],[-7.17953,30.35134],[-7.2318,30.29484],[-7.27904,30.22895],[-7.29546,30.21325],[-7.29423,30.19335],[-7.29849,30.1645],[-7.29248,30.14777],[-7.29464,30.13693],[-7.28815,30.12201],[-7.30152,30.10345],[-7.32031,30.1148],[-7.33143,30.12686],[-7.35328,30.15878],[-7.3693,30.18931],[-7.42246,30.18695],[-7.47018,30.21312],[-7.49045,30.19791],[-7.50992,30.20567],[-7.53776,30.22563],[-7.57232,30.21035],[-7.59057,30.20724],[-7.60499,30.21362],[-7.62588,30.2122],[-7.62885,30.22727],[-7.60665,30.23193],[-7.58897,30.24105],[-7.58185,30.2475],[-7.584,30.25588],[-7.57773,30.26678],[-7.57958,30.28161],[-7.60836,30.31661],[-7.62816,30.40548],[-7.63674,30.39671],[-7.65425,30.38721],[-7.67929,30.37855],[-7.69099,30.41101],[-7.69253,30.42417],[-7.68639,30.4497],[-7.6777,30.45602],[-7.66542,30.45834],[-7.63314,30.4746],[-7.61146,30.4813],[-7.5708,30.52534],[-7.54437,30.52793],[-7.51579,30.54326],[-7.52251,30.54613],[-7.5412,30.57263],[-7.55502,30.59768],[-7.56972,30.64377],[-7.55684,30.65108],[-7.55882,30.68208],[-7.57074,30.72942],[-7.70985,30.74091],[-7.69675,30.75381],[-7.68628,30.7538],[-7.68199,30.76064],[-7.68302,30.76724],[-7.6765,30.76515],[-7.67066,30.77275],[-7.66783,30.79116],[-7.6795,30.81763],[-7.6686,30.83807],[-7.63015,30.86264],[-7.66714,30.86014],[-7.70889,30.85112],[-7.73369,30.86102]]]}},{"type":"Feature","properties":{"country":"MA","region":"Souss-Massa"},"geometry":{"type":"Polygon","coordinates":[[[-10.0098,29.63063],[-10.00733,29.63405],[-10.0091,29.63652],[-9.99281,29.65026],[-9.98985,29.65756],[-9.98523,29.66089],[-9.98339,29.66871],[-9.98507,29.66998],[-9.98234,29.67581],[-9.96849,29.6875],[-9.96592,29.69402],[-9.93624,29.71967],[-9.89503,29.7503],[-9.83873,29.80055],[-9.83056,29.80884],[-9.82634,29.82074],[-9.81659,29.8331],[-9.79459,29.85634],[-9.78699,29.87107],[-9.7911,29.87531],[-9.78666,29.88163],[-9.78388,29.88208],[-9.78461,29.88396],[-9.78007,29.88768],[-9.78057,29.88956],[-9.77104,29.8999],[-9.76157,29.91464],[-9.7615,29.9281],[-9.75876,29.92871],[-9.75727,29.93467],[-9.7545,29.93555],[-9.75446,29.93811],[-9.75254,29.93707],[-9.75217,29.94215],[-9.74479,29.94861],[-9.74551,29.95098],[-9.74197,29.95402],[-9.73105,29.97701],[-9.73142,29.98009],[-9.70372,30.03023],[-9.69637,30.04605],[-9.69645,30.05055],[-9.67071,30.08065],[-9.66689,30.0884],[-9.66192,30.10928],[-9.65483,30.12159],[-9.65466,30.13449],[-9.64236,30.17072],[-9.63842,30.19494],[-9.63989,30.19961],[-9.64322,30.19985],[-9.64268,30.20348],[-9.63315,30.22704],[-9.62713,30.26639],[-9.62088,30.2873],[-9.61765,30.31505],[-9.60448,30.3662],[-9.6044,30.37069],[-9.60631,30.37111],[-9.60748,30.37202],[-9.60496,30.3723],[-9.60565,30.37687],[-9.60054,30.39054],[-9.60289,30.40852],[-9.61114,30.42121],[-9.61573,30.42271],[-9.61718,30.42057],[-9.61668,30.42312],[-9.61837,30.42338],[-9.61727,30.41898],[-9.62006,30.42085],[-9.62926,30.41804],[-9.62018,30.42322],[-9.62095,30.42469],[-9.63015,30.42159],[-9.62921,30.42391],[-9.63172,30.42397],[-9.6311,30.41615],[-9.63238,30.42021],[-9.638,30.42086],[-9.63353,30.42137],[-9.63305,30.42334],[-9.63997,30.42182],[-9.63669,30.42449],[-9.63845,30.42651],[-9.64079,30.42487],[-9.64496,30.42973],[-9.64923,30.42735],[-9.64505,30.4223],[-9.64648,30.42149],[-9.64117,30.41784],[-9.64045,30.41586],[-9.64668,30.42102],[-9.65087,30.42614],[-9.64797,30.43147],[-9.65082,30.43962],[-9.65524,30.44049],[-9.66126,30.4462],[-9.67114,30.4772],[-9.67467,30.47946],[-9.67825,30.49837],[-9.68086,30.50223],[-9.68365,30.50225],[-9.68642,30.50659],[-9.68871,30.50668],[-9.68732,30.50992],[-9.69117,30.52226],[-9.70321,30.54165],[-9.71673,30.5465],[-9.72707,30.54514],[-9.73371,30.55047],[-9.73976,30.55128],[-9.74725,30.5738],[-9.75194,30.57485],[-9.75527,30.58068],[-9.77446,30.59638],[-9.78653,30.61078],[-9.80292,30.61487],[-9.81973,30.62503],[-9.82724,30.6273],[-9.8396,30.62868],[-9.86817,30.62334],[-9.88089,30.62469],[-9.88954,30.62954],[-9.89056,30.64097],[-9.88662,30.65285],[-9.88719,30.66027],[-9.87316,30.69991],[-9.8599,30.70908],[-9.84938,30.72187],[-9.84938,30.72692],[-9.85188,30.72912],[-9.85108,30.73327],[-9.82956,30.76198],[-9.82834,30.77702],[-9.82393,30.77912],[-9.81615,30.78891],[-9.81475,30.79749],[-9.80913,30.80578],[-9.80514,30.81744],[-9.80515,30.82836],[-9.80837,30.83675],[-9.81564,30.84063],[-9.82331,30.83741],[-9.82223,30.844],[-9.82703,30.8477],[-9.81662,30.86526],[-9.81591,30.87077],[-9.81222,30.87516],[-9.81232,30.88495],[-9.80756,30.89093],[-9.8205,30.9137],[-9.8168,30.9241],[-9.81896,30.93445],[-9.81775,30.93814],[-9.79511,30.93527],[-9.77099,30.92773],[-9.76584,30.91421],[-9.76898,30.89242],[-9.76688,30.88428],[-9.73419,30.87314],[-9.73877,30.84361],[-9.71559,30.79144],[-9.6881,30.78595],[-9.65412,30.807],[-9.64813,30.8015],[-9.63864,30.79994],[-9.60445,30.85672],[-9.5931,30.85772],[-9.58119,30.84308],[-9.57577,30.84005],[-9.56964,30.84144],[-9.54302,30.88451],[-9.53405,30.88217],[-9.53878,30.86755],[-9.53332,30.86385],[-9.52271,30.86247],[-9.51215,30.8694],[-9.49299,30.85749],[-9.48097,30.85436],[-9.44316,30.83847],[-9.41423,30.84925],[-9.40635,30.8615],[-9.38548,30.86599],[-9.34611,30.85514],[-9.34591,30.87444],[-9.34044,30.88146],[-9.31087,30.86206],[-9.31393,30.85236],[-9.29747,30.85149],[-9.27219,30.83193],[-9.26144,30.82713],[-9.25888,30.81936],[-9.2465,30.80236],[-9.19173,30.81752],[-9.16839,30.82768],[-9.15159,30.82189],[-9.13287,30.82789],[-9.07803,30.82647],[-9.02124,30.81926],[-8.99688,30.8254],[-8.99633,30.84649],[-8.99187,30.87361],[-8.98609,30.89007],[-8.95481,30.90436],[-8.91642,30.91492],[-8.8655,30.94944],[-8.84151,30.96827],[-8.8262,30.97493],[-8.81916,30.97348],[-8.80576,30.96349],[-8.80036,30.95862],[-8.79749,30.94914],[-8.79139,30.94184],[-8.7821,30.9374],[-8.7879,30.92665],[-8.77519,30.91778],[-8.77185,30.91277],[-8.76996,30.89877],[-8.7612,30.88869],[-8.76451,30.87284],[-8.76022,30.83791],[-8.74778,30.81647],[-8.74177,30.81072],[-8.72821,30.81403],[-8.72537,30.81941],[-8.72683,30.83018],[-8.72477,30.83865],[-8.72752,30.85626],[-8.7061,30.866],[-8.66945,30.89788],[-8.66143,30.90148],[-8.6465,30.88845],[-8.60429,30.8806],[-8.56845,30.88224],[-8.53837,30.87389],[-8.50921,30.87009],[-8.48413,30.87141],[-8.44751,30.86429],[-8.41411,30.87222],[-8.40528,30.87097],[-8.39661,30.86459],[-8.36496,30.8633],[-8.34904,30.86485],[-8.32244,30.8767],[-8.28177,30.88219],[-8.25028,30.88956],[-8.22159,30.91416],[-8.13624,30.93877],[-8.10782,30.92808],[-8.05989,30.92522],[-8.01456,30.9089],[-7.97854,30.92239],[-7.96334,30.93649],[-7.94699,30.95978],[-7.92827,31.00791],[-7.92711,31.03193],[-7.91635,31.03683],[-7.90312,31.08026],[-7.88695,31.10676],[-7.80968,31.14535],[-7.82493,31.16659],[-7.79326,31.15428],[-7.78347,31.16258],[-7.76982,31.1429],[-7.7587,31.14217],[-7.73179,31.13463],[-7.744,31.1272],[-7.75238,31.10532],[-7.75124,31.09948],[-7.73868,31.07896],[-7.7272,31.0662],[-7.73033,31.05602],[-7.71444,31.03799],[-7.72079,31.01987],[-7.72038,30.99054],[-7.72405,30.95973],[-7.73019,30.93985],[-7.73165,30.90564],[-7.7358,30.88789],[-7.73369,30.86102],[-7.70889,30.85112],[-7.66714,30.86014],[-7.63015,30.86264],[-7.6686,30.83807],[-7.6795,30.81763],[-7.66783,30.79116],[-7.67066,30.77275],[-7.6765,30.76515],[-7.68302,30.76724],[-7.68199,30.76064],[-7.68628,30.7538],[-7.69675,30.75381],[-7.70985,30.74091],[-7.57074,30.72942],[-7.55882,30.68208],[-7.55684,30.65108],[-7.56972,30.64377],[-7.55502,30.59768],[-7.5412,30.57263],[-7.52251,30.54613],[-7.51579,30.54326],[-7.54437,30.52793],[-7.5708,30.52534],[-7.61146,30.4813],[-7.63314,30.4746],[-7.66542,30.45834],[-7.6777,30.45602],[-7.68639,30.4497],[-7.69253,30.42417],[-7.69099,30.41101],[-7.67929,30.37855],[-7.65425,30.38721],[-7.63674,30.39671],[-7.62816,30.40548],[-7.60836,30.31661],[-7.57958,30.28161],[-7.57773,30.26678],[-7.584,30.25588],[-7.58185,30.2475],[-7.58897,30.24105],[-7.60665,30.23193],[-7.62885,30.22727],[-7.62588,30.2122],[-7.60499,30.21362],[-7.59057,30.20724],[-7.57232,30.21035],[-7.53776,30.22563],[-7.50992,30.20567],[-7.49045,30.19791],[-7.47018,30.21312],[-7.42246,30.18695],[-7.3693,30.18931],[-7.35328,30.15878],[-7.33143,30.12686],[-7.32031,30.1148],[-7.30152,30.10345],[-7.28815,30.12201],[-7.29464,30.13693],[-7.29248,30.14777],[-7.29849,30.1645],[-7.29423,30.19335],[-7.29546,30.21325],[-7.27904,30.22895],[-7.2318,30.29484],[-7.17953,30.35134],[-7.17068,30.37025],[-7.1597,30.37662],[-7.12074,30.36193],[-7.04975,30.34542],[-7.02246,30.33464],[-6.92455,30.35519],[-6.89864,30.34756],[-6.88272,30.33183],[-6.85616,30.36104],[-6.85575,30.37287],[-6.86071,30.40129],[-6.85473,30.43822],[-6.86124,30.45738],[-6.83251,30.46033],[-6.81093,30.42329],[-6.7347,30.43663],[-6.68937,30.44749],[-6.67119,30.46102],[-6.65733,30.46162],[-6.63909,30.43905],[-6.6441,30.42727],[-6.63823,30.4155],[-6.61419,30.41359],[-6.57577,30.37428],[-6.5486,30.34186],[-6.51222,30.31591],[-6.51075,30.29066],[-6.55701,30.25937],[-6.58969,30.22929],[-6.50278,30.14864],[-6.48831,30.12834],[-6.50783,30.0751],[-6.47913,30.02601],[-6.39797,30.04657],[-6.38786,30.03977],[-6.36529,30.03938],[-6.35365,30.03076],[-6.35708,30.01182],[-6.40049,29.99948],[-6.43176,29.97298],[-6.42992,29.95866],[-6.42237,29.94512],[-6.41945,29.92184],[-6.42099,29.90242],[-6.4064,29.84824],[-6.40623,29.82777],[-6.40314,29.8061],[-6.40391,29.7906],[-6.39027,29.74516],[-6.41271,29.72393],[-6.42494,29.69917],[-6.42181,29.68066],[-6.40601,29.66299],[-6.40546,29.64685],[-6.42052,29.62829],[-6.44851,29.56564],[-6.4682,29.56017],[-6.50955,29.53971],[-6.51185,29.53368],[-6.52296,29.52478],[-6.54107,29.51534],[-6.54664,29.51781],[-6.54504,29.52197],[-6.54773,29.52539],[-6.576,29.52298],[-6.61874,29.52975],[-6.62411,29.52701],[-6.62411,29.5212],[-6.63129,29.51972],[-6.68076,29.51798],[-6.69467,29.51524],[-6.72097,29.50569],[-6.74655,29.47562],[-6.75698,29.46709],[-6.76319,29.464],[-6.77725,29.4621],[-6.83375,29.46808],[-6.84648,29.47342],[-6.85606,29.48271],[-6.86276,29.48476],[-6.87694,29.48324],[-6.89095,29.485],[-6.90863,29.49562],[-6.9154,29.49744],[-6.95095,29.49751],[-6.96478,29.49442],[-6.9718,29.49518],[-6.98245,29.50334],[-6.9894,29.50393],[-7.00349,29.50163],[-7.02263,29.49358],[-7.03547,29.49879],[-7.06319,29.5038],[-7.08097,29.51429],[-7.10781,29.52256],[-7.13586,29.5205],[-7.14983,29.52271],[-7.18745,29.50502],[-7.22733,29.49149],[-7.2514,29.47818],[-7.26715,29.46554],[-7.3405,29.39582],[-7.35089,29.3886],[-7.39298,29.37598],[-7.41271,29.37767],[-7.46084,29.36441],[-7.48873,29.36013],[-7.53069,29.36065],[-7.58597,29.37276],[-7.59736,29.37183],[-7.61022,29.36744],[-7.6169,29.36015],[-7.61807,29.33858],[-7.63729,29.29804],[-7.64344,29.2955],[-7.66462,29.29571],[-7.68324,29.29231],[-7.74477,29.27039],[-7.77323,29.2551],[-7.80824,29.23082],[-7.81927,29.22171],[-7.82205,29.21088],[-7.82646,29.20628],[-7.86258,29.19827],[-7.8913,29.18318],[-7.92715,29.1568],[-7.95792,29.12167],[-7.97337,29.11487],[-8.00227,29.09665],[-8.04262,29.07894],[-8.15574,29.00636],[-8.22676,28.97079],[-8.33245,28.90074],[-8.38511,28.85602],[-8.4105,28.83239],[-8.41948,28.81921],[-8.43377,28.80711],[-8.45816,28.79202],[-8.48541,28.78026],[-8.54647,28.75921],[-8.58784,28.73946],[-8.63044,28.69793],[-8.66875,28.66719],[-8.66887,28.31106],[-8.77205,28.42068],[-8.88316,28.54494],[-8.91831,28.5982],[-8.97053,28.64497],[-8.96781,28.66186],[-8.97319,28.68557],[-9.00119,28.71403],[-9.06595,28.7175],[-9.13443,28.72682],[-9.17981,28.77974],[-9.20597,28.79543],[-9.20209,28.84285],[-9.1811,28.85398],[-9.21556,28.85985],[-9.22648,28.89544],[-9.23773,28.94072],[-9.22287,28.9566],[-9.22426,28.97744],[-9.24928,28.98577],[-9.23405,29.02694],[-9.23441,29.04214],[-9.24577,29.07075],[-9.17582,29.09066],[-9.20912,29.05253],[-9.20603,29.04168],[-9.19539,29.03778],[-9.17195,29.0522],[-9.14612,29.07142],[-9.13839,29.08215],[-9.16114,29.10373],[-9.15994,29.11143],[-9.12895,29.12909],[-9.09131,29.15517],[-9.08559,29.162],[-9.08507,29.17282],[-9.08559,29.1849],[-9.0958,29.21843],[-9.11022,29.23615],[-9.11125,29.24385],[-9.12035,29.24863],[-9.13957,29.26719],[-9.1449,29.28641],[-9.15039,29.29697],[-9.16961,29.35958],[-9.15779,29.38576],[-9.20612,29.43212],[-9.20998,29.44572],[-9.21744,29.4535],[-9.23776,29.46712],[-9.24731,29.47615],[-9.26843,29.48758],[-9.2783,29.49789],[-9.3043,29.49871],[-9.30611,29.50275],[-9.31255,29.50633],[-9.32894,29.50872],[-9.34173,29.50256],[-9.35228,29.50438],[-9.36713,29.5014],[-9.38447,29.46442],[-9.39966,29.46449],[-9.40207,29.4559],[-9.40653,29.45148],[-9.40971,29.46098],[-9.42061,29.45634],[-9.41906,29.44244],[-9.4255,29.4319],[-9.44472,29.44595],[-9.45949,29.44805],[-9.47133,29.44252],[-9.4794,29.44124],[-9.48275,29.45044],[-9.49047,29.45971],[-9.49142,29.44924],[-9.50034,29.42248],[-9.52832,29.43474],[-9.52686,29.44864],[-9.54343,29.45582],[-9.5624,29.48675],[-9.57544,29.48339],[-9.58626,29.47787],[-9.58823,29.47241],[-9.58831,29.45373],[-9.59192,29.44109],[-9.5969,29.43639],[-9.61467,29.43691],[-9.62136,29.44057],[-9.62394,29.44835],[-9.6393,29.46583],[-9.64591,29.46957],[-9.65312,29.46852],[-9.6484,29.4615],[-9.64162,29.45724],[-9.63835,29.44319],[-9.63844,29.43325],[-9.63698,29.42861],[-9.63269,29.426],[-9.63947,29.41426],[-9.64101,29.40633],[-9.63844,29.4026],[-9.64402,29.40386],[-9.65063,29.40214],[-9.65588,29.40435],[-9.6599,29.3999],[-9.66187,29.41657],[-9.65724,29.43183],[-9.65809,29.44207],[-9.67847,29.44468],[-9.6882,29.44982],[-9.69088,29.45497],[-9.70167,29.45172],[-9.70214,29.46489],[-9.69903,29.47351],[-9.71629,29.4805],[-9.72124,29.48038],[-9.72296,29.46773],[-9.73054,29.46815],[-9.73194,29.46399],[-9.73779,29.46551],[-9.74582,29.44547],[-9.75766,29.44463],[-9.76779,29.43499],[-9.77975,29.43014],[-9.82976,29.4291],[-9.83761,29.4236],[-9.85114,29.42459],[-9.85566,29.42888],[-9.86167,29.43034],[-9.86746,29.43846],[-9.87603,29.44213],[-9.87942,29.44893],[-9.88384,29.45215],[-9.88487,29.45806],[-9.89345,29.46628],[-9.89474,29.47061],[-9.90452,29.47233],[-9.91422,29.48137],[-9.90589,29.49527],[-9.89602,29.50468],[-9.89293,29.5052],[-9.88392,29.53254],[-9.88916,29.55853],[-9.90272,29.53732],[-9.93087,29.53627],[-9.96623,29.51633],[-9.9931,29.50692],[-9.99962,29.52179],[-10.00263,29.53717],[-9.99164,29.55255],[-9.99305,29.56208],[-9.98872,29.57902],[-9.9994,29.58756],[-9.99277,29.60094],[-10.00331,29.61805],[-10.00541,29.62984],[-10.0098,29.63063]]]}},{"type":"Feature","properties":{"country":"MA","region":"Guelmim-Oued Noun"},"geometry":{"type":"Polygon","coordinates":[[[-11.78196,28.20945],[-11.77963,28.20996],[-11.77849,28.2137],[-11.76808,28.21909],[-11.76532,28.21843],[-11.74934,28.22426],[-11.74323,28.22823],[-11.74,28.22726],[-11.73877,28.2291],[-11.72076,28.2335],[-11.68988,28.24629],[-11.67624,28.24852],[-11.66951,28.25203],[-11.66217,28.25189],[-11.61402,28.26654],[-11.60973,28.26972],[-11.58409,28.27739],[-11.57544,28.28287],[-11.53629,28.29552],[-11.51888,28.30521],[-11.50632,28.30942],[-11.49268,28.32276],[-11.47058,28.33349],[-11.45761,28.34327],[-11.45213,28.35015],[-11.44625,28.37072],[-11.44252,28.3769],[-11.43352,28.3807],[-11.42653,28.39068],[-11.42001,28.39328],[-11.41194,28.40061],[-11.40382,28.41336],[-11.3992,28.41681],[-11.39993,28.41965],[-11.39716,28.42355],[-11.39126,28.42867],[-11.38788,28.43584],[-11.38889,28.43852],[-11.38214,28.44622],[-11.36777,28.45281],[-11.35171,28.46884],[-11.35434,28.47127],[-11.35284,28.47033],[-11.35149,28.47244],[-11.35326,28.47488],[-11.35191,28.47402],[-11.34795,28.47824],[-11.35082,28.48045],[-11.35866,28.47375],[-11.35203,28.48092],[-11.35777,28.48363],[-11.35119,28.48223],[-11.32037,28.51756],[-11.25299,28.56838],[-11.2283,28.59334],[-11.21214,28.61528],[-11.16967,28.64159],[-11.13811,28.67342],[-11.1131,28.68765],[-11.11155,28.69207],[-11.0966,28.70372],[-11.09091,28.71382],[-11.07451,28.73256],[-11.07366,28.74208],[-11.041,28.7625],[-11.01028,28.77185],[-10.97226,28.79224],[-10.84435,28.84774],[-10.68924,28.92311],[-10.56364,28.99388],[-10.50957,29.02926],[-10.49102,29.04897],[-10.48302,29.05416],[-10.47906,29.06137],[-10.46846,29.06815],[-10.45746,29.08518],[-10.43976,29.09606],[-10.43771,29.10475],[-10.42419,29.12246],[-10.42377,29.12867],[-10.40479,29.14496],[-10.40145,29.15235],[-10.40212,29.15544],[-10.39554,29.15951],[-10.38189,29.17959],[-10.35202,29.20938],[-10.34319,29.21554],[-10.33801,29.22593],[-10.33354,29.2276],[-10.32879,29.23548],[-10.30463,29.25126],[-10.29551,29.25976],[-10.29569,29.26215],[-10.27643,29.26913],[-10.24746,29.28633],[-10.21483,29.31282],[-10.21189,29.32476],[-10.20421,29.33915],[-10.1921,29.35526],[-10.19581,29.3576],[-10.19299,29.35608],[-10.19175,29.35752],[-10.19117,29.36189],[-10.19366,29.36236],[-10.2008,29.35691],[-10.19716,29.36199],[-10.19984,29.36405],[-10.19199,29.36328],[-10.17112,29.39139],[-10.13826,29.42418],[-10.13775,29.42697],[-10.12613,29.43494],[-10.11508,29.44781],[-10.10821,29.45903],[-10.10919,29.46076],[-10.09934,29.48079],[-10.07675,29.50273],[-10.07634,29.5099],[-10.07038,29.51717],[-10.06992,29.52886],[-10.07246,29.53189],[-10.0652,29.53915],[-10.06557,29.5451],[-10.06293,29.5506],[-10.05881,29.55218],[-10.05643,29.55588],[-10.05652,29.55881],[-10.05978,29.56125],[-10.05893,29.56504],[-10.05374,29.56751],[-10.0526,29.57034],[-10.05453,29.57269],[-10.04907,29.57639],[-10.04984,29.58241],[-10.04715,29.58281],[-10.04794,29.58615],[-10.03345,29.59613],[-10.0297,29.60714],[-10.02407,29.61106],[-10.02477,29.61603],[-10.01922,29.61918],[-10.00976,29.63055],[-10.00541,29.62984],[-10.00331,29.61805],[-9.99277,29.60094],[-9.9994,29.58756],[-9.98872,29.57902],[-9.99305,29.56208],[-9.99164,29.55255],[-10.00263,29.53717],[-9.99962,29.52179],[-9.9931,29.50692],[-9.96623,29.51633],[-9.93087,29.53627],[-9.90272,29.53732],[-9.88916,29.55853],[-9.88392,29.53254],[-9.89293,29.5052],[-9.89602,29.50468],[-9.90589,29.49527],[-9.91422,29.48137],[-9.90452,29.47233],[-9.89474,29.47061],[-9.89345,29.46628],[-9.88487,29.45806],[-9.88384,29.45215],[-9.87942,29.44893],[-9.87603,29.44213],[-9.86746,29.43846],[-9.86167,29.43034],[-9.85566,29.42888],[-9.85114,29.42459],[-9.83761,29.4236],[-9.82976,29.4291],[-9.77975,29.43014],[-9.76779,29.43499],[-9.75766,29.44463],[-9.74582,29.44547],[-9.73779,29.46551],[-9.73194,29.46399],[-9.73054,29.46815],[-9.72296,29.46773],[-9.72124,29.48038],[-9.71629,29.4805],[-9.69903,29.47351],[-9.70214,29.46489],[-9.70167,29.45172],[-9.69088,29.45497],[-9.6882,29.44982],[-9.67847,29.44468],[-9.65809,29.44207],[-9.65724,29.43183],[-9.66187,29.41657],[-9.6599,29.3999],[-9.65588,29.40435],[-9.65063,29.40214],[-9.64402,29.40386],[-9.63844,29.4026],[-9.64101,29.40633],[-9.63947,29.41426],[-9.63269,29.426],[-9.63698,29.42861],[-9.63844,29.43325],[-9.63835,29.44319],[-9.64162,29.45724],[-9.6484,29.4615],[-9.65312,29.46852],[-9.64591,29.46957],[-9.6393,29.46583],[-9.62394,29.44835],[-9.62136,29.44057],[-9.61467,29.43691],[-9.5969,29.43639],[-9.59192,29.44109],[-9.58831,29.45373],[-9.58823,29.47241],[-9.58626,29.47787],[-9.57544,29.48339],[-9.5624,29.48675],[-9.54343,29.45582],[-9.52686,29.44864],[-9.52832,29.43474],[-9.50034,29.42248],[-9.49142,29.44924],[-9.49047,29.45971],[-9.48275,29.45044],[-9.4794,29.44124],[-9.47133,29.44252],[-9.45949,29.44805],[-9.44472,29.44595],[-9.4255,29.4319],[-9.41906,29.44244],[-9.42061,29.45634],[-9.40971,29.46098],[-9.40653,29.45148],[-9.40207,29.4559],[-9.39966,29.46449],[-9.38447,29.46442],[-9.36713,29.5014],[-9.35228,29.50438],[-9.34173,29.50256],[-9.32894,29.50872],[-9.31255,29.50633],[-9.30611,29.50275],[-9.3043,29.49871],[-9.2783,29.49789],[-9.26843,29.48758],[-9.24731,29.47615],[-9.23776,29.46712],[-9.21744,29.4535],[-9.20998,29.44572],[-9.20612,29.43212],[-9.15779,29.38576],[-9.16961,29.35958],[-9.15039,29.29697],[-9.1449,29.28641],[-9.13957,29.26719],[-9.12035,29.24863],[-9.11125,29.24385],[-9.11022,29.23615],[-9.0958,29.21843],[-9.08559,29.1849],[-9.08559,29.162],[-9.09131,29.15517],[-9.12895,29.12909],[-9.15994,29.11143],[-9.16114,29.10373],[-9.13839,29.08215],[-9.14612,29.07142],[-9.17195,29.0522],[-9.19539,29.03778],[-9.20603,29.04168],[-9.20912,29.05253],[-9.17582,29.09066],[-9.24577,29.07075],[-9.23441,29.04214],[-9.23405,29.02694],[-9.24928,28.98577],[-9.22426,28.97744],[-9.22287,28.9566],[-9.23773,28.94072],[-9.22648,28.89544],[-9.21556,28.85985],[-9.1811,28.85398],[-9.20209,28.84285],[-9.20597,28.79543],[-9.17981,28.77974],[-9.13443,28.72682],[-9.06595,28.7175],[-9.00119,28.71403],[-8.97319,28.68557],[-8.96781,28.66186],[-8.97053,28.64497],[-8.91831,28.5982],[-8.88316,28.54494],[-8.77205,28.42068],[-8.66887,28.31106],[-8.6676,27.13613],[-8.75422,27.14715],[-8.80916,27.16043],[-8.87456,27.18319],[-8.92101,27.23102],[-8.97199,27.27829],[-9.06103,27.3139],[-9.17212,27.40948],[-9.28871,27.47211],[-9.40681,27.42374],[-9.44904,27.41502],[-9.54414,27.40229],[-9.60729,27.44567],[-9.68252,27.48844],[-9.71941,27.50686],[-9.76318,27.5365],[-9.7982,27.56897],[-9.81416,27.59117],[-9.81622,27.61294],[-9.83923,27.63513],[-9.86171,27.66189],[-9.88025,27.67207],[-9.89931,27.67348],[-9.91579,27.64822],[-9.93759,27.64008],[-9.96592,27.63472],[-9.98532,27.6382],[-10.01739,27.6543],[-10.03271,27.67088],[-10.04044,27.68767],[-10.05832,27.70977],[-10.09202,27.71048],[-10.11154,27.70055],[-10.13706,27.71403],[-10.21233,27.79906],[-10.23223,27.80298],[-10.24836,27.8095],[-10.27583,27.81394],[-10.41642,27.80476],[-10.4777,27.79398],[-10.60834,27.78107],[-10.63374,27.78092],[-10.71872,27.76786],[-10.75339,27.78268],[-10.78635,27.78641],[-10.87063,27.77394],[-10.90154,27.75753],[-10.92704,27.76097],[-10.96488,27.75707],[-11.04171,27.75353],[-11.18975,27.73838],[-11.22821,27.75844],[-11.3609,27.7961],[-11.40519,27.8043],[-11.48541,27.80705],[-11.55143,27.83624],[-11.58505,27.86588],[-11.63621,27.95219],[-11.66556,27.99222],[-11.69904,28.05877],[-11.71157,28.12348],[-11.74285,28.14766],[-11.77216,28.18136],[-11.78196,28.20945]]]}},{"type":"Feature","properties":{"country":"MA","region":"Casablanca-Settat"},"geometry":{"type":"Polygon","coordinates":[[[-9.05841,32.72183],[-9.04238,32.74051],[-9.04211,32.73388],[-9.03208,32.7386],[-9.02926,32.74418],[-9.02262,32.7473],[-9.02046,32.75314],[-9.01164,32.75383],[-9.00226,32.76424],[-8.99451,32.76754],[-8.9911,32.77211],[-8.98897,32.77211],[-8.98503,32.77363],[-8.98168,32.77602],[-8.99116,32.77271],[-8.99486,32.76847],[-8.99855,32.7685],[-8.99731,32.77087],[-9.00141,32.76551],[-9.00882,32.7632],[-9.01289,32.75953],[-9.01267,32.7556],[-9.02092,32.75409],[-9.02382,32.74831],[-9.0303,32.74492],[-9.03319,32.73986],[-9.0387,32.74324],[-8.89952,32.8431],[-8.8554,32.8887],[-8.84851,32.89267],[-8.79006,32.94397],[-8.77874,32.95868],[-8.75674,32.97985],[-8.75401,32.97967],[-8.75912,32.97329],[-8.75703,32.97082],[-8.74488,32.97783],[-8.74063,32.98732],[-8.73479,32.98823],[-8.72877,32.99638],[-8.73698,32.99694],[-8.74915,32.98625],[-8.74828,32.98004],[-8.7564,32.98053],[-8.7468,32.98985],[-8.74363,32.99814],[-8.74066,32.997],[-8.73919,33.00046],[-8.73059,33.00507],[-8.72184,33.01617],[-8.71012,33.0247],[-8.70455,33.0317],[-8.70662,33.03386],[-8.70375,33.03653],[-8.70424,33.03867],[-8.69838,33.04203],[-8.7001,33.04419],[-8.69913,33.04622],[-8.69691,33.04463],[-8.69297,33.04654],[-8.68056,33.06351],[-8.65963,33.08098],[-8.66004,33.08589],[-8.65334,33.08764],[-8.64641,33.09454],[-8.64806,33.09729],[-8.63249,33.11069],[-8.6288,33.12023],[-8.63755,33.12508],[-8.62771,33.1209],[-8.62645,33.12227],[-8.63276,33.12559],[-8.62606,33.12305],[-8.62508,33.12432],[-8.63067,33.12734],[-8.62729,33.12614],[-8.62716,33.12813],[-8.62525,33.12501],[-8.62289,33.12794],[-8.62732,33.1303],[-8.62064,33.1294],[-8.61932,33.13384],[-8.622,33.13214],[-8.6248,33.13366],[-8.622,33.13566],[-8.62474,33.13663],[-8.63256,33.13441],[-8.64499,33.12334],[-8.63189,33.13513],[-8.62412,33.13705],[-8.61275,33.13328],[-8.61764,33.13583],[-8.61273,33.13971],[-8.61354,33.14344],[-8.62299,33.1545],[-8.62392,33.15839],[-8.62941,33.16123],[-8.6245,33.17036],[-8.61805,33.17247],[-8.61849,33.17498],[-8.60945,33.1842],[-8.60899,33.18855],[-8.59968,33.19035],[-8.57504,33.21752],[-8.5641,33.21738],[-8.55797,33.22208],[-8.55437,33.22756],[-8.55549,33.23259],[-8.54922,33.23567],[-8.5448,33.24358],[-8.524,33.25647],[-8.52635,33.25918],[-8.52376,33.25644],[-8.51935,33.25586],[-8.51272,33.26352],[-8.50954,33.26452],[-8.49526,33.25691],[-8.5008,33.25851],[-8.50026,33.2559],[-8.50262,33.25574],[-8.49975,33.25564],[-8.50038,33.25387],[-8.4976,33.25646],[-8.49997,33.25365],[-8.49876,33.25223],[-8.48677,33.24541],[-8.46892,33.24556],[-8.44774,33.25169],[-8.42069,33.2638],[-8.39814,33.27695],[-8.37789,33.29122],[-8.37514,33.29516],[-8.33879,33.31907],[-8.32732,33.33198],[-8.31111,33.35913],[-8.29864,33.36726],[-8.27928,33.36934],[-8.26481,33.37533],[-8.2521,33.37689],[-8.2429,33.38143],[-8.22692,33.38237],[-8.21522,33.38571],[-8.19123,33.39643],[-8.1807,33.40462],[-8.1747,33.40377],[-8.1632,33.40745],[-8.1526,33.40703],[-8.13499,33.41149],[-8.07967,33.43499],[-8.01309,33.4556],[-7.9578,33.48215],[-7.94425,33.48032],[-7.93613,33.48208],[-7.92311,33.48918],[-7.89409,33.50007],[-7.88776,33.5059],[-7.88097,33.5064],[-7.87442,33.51155],[-7.87028,33.5122],[-7.8692,33.51482],[-7.87113,33.51563],[-7.86892,33.51698],[-7.86492,33.51499],[-7.85323,33.51834],[-7.84827,33.52281],[-7.83198,33.52968],[-7.83061,33.53287],[-7.82311,33.53762],[-7.81664,33.53109],[-7.81661,33.52717],[-7.80082,33.52963],[-7.79481,33.53321],[-7.79429,33.53768],[-7.79182,33.53607],[-7.78557,33.53687],[-7.75723,33.5487],[-7.74142,33.55992],[-7.71535,33.57161],[-7.70975,33.57535],[-7.7043,33.58305],[-7.7023,33.58187],[-7.69491,33.58417],[-7.68032,33.59138],[-7.67913,33.59884],[-7.67156,33.59776],[-7.66073,33.60385],[-7.65211,33.61591],[-7.64948,33.6077],[-7.63991,33.60482],[-7.63424,33.60689],[-7.6341,33.60917],[-7.62996,33.60829],[-7.62618,33.61083],[-7.61692,33.60741],[-7.61162,33.61176],[-7.59157,33.62044],[-7.61286,33.61042],[-7.61734,33.60625],[-7.61623,33.60481],[-7.61851,33.60527],[-7.61625,33.60129],[-7.61416,33.60561],[-7.6103,33.60285],[-7.61318,33.60742],[-7.61141,33.60892],[-7.6073,33.60236],[-7.60511,33.60234],[-7.60795,33.60688],[-7.60585,33.60781],[-7.60234,33.6022],[-7.60014,33.60216],[-7.60545,33.61059],[-7.60267,33.60854],[-7.59951,33.60986],[-7.59563,33.60561],[-7.59769,33.6128],[-7.59399,33.61317],[-7.58839,33.60815],[-7.59077,33.61373],[-7.58826,33.60987],[-7.58198,33.61267],[-7.58742,33.60996],[-7.58488,33.60914],[-7.58649,33.60842],[-7.58551,33.60684],[-7.58252,33.60747],[-7.58291,33.60979],[-7.58068,33.60626],[-7.56279,33.61515],[-7.5615,33.61753],[-7.55804,33.61589],[-7.55114,33.61967],[-7.53549,33.62065],[-7.48569,33.64989],[-7.48202,33.65478],[-7.46875,33.6619],[-7.46489,33.66785],[-7.4602,33.66828],[-7.44409,33.67972],[-7.4391,33.68407],[-7.43962,33.68691],[-7.4371,33.68974],[-7.43875,33.68418],[-7.43632,33.68843],[-7.43415,33.68747],[-7.4159,33.69998],[-7.41514,33.7036],[-7.41226,33.70292],[-7.4035,33.70688],[-7.40591,33.70777],[-7.41218,33.70411],[-7.40318,33.71202],[-7.39939,33.72091],[-7.38753,33.73373],[-7.38639,33.73279],[-7.39598,33.72375],[-7.39085,33.72431],[-7.39683,33.72113],[-7.3938,33.71977],[-7.39178,33.71481],[-7.3972,33.71466],[-7.39939,33.71199],[-7.39533,33.71147],[-7.39313,33.71345],[-7.39339,33.71123],[-7.38852,33.70899],[-7.37804,33.70809],[-7.36682,33.71211],[-7.36284,33.71087],[-7.35647,33.71289],[-7.35216,33.71556],[-7.35102,33.71998],[-7.34783,33.71849],[-7.34322,33.71969],[-7.34248,33.72199],[-7.34456,33.72365],[-7.34306,33.7242],[-7.34534,33.72594],[-7.34181,33.73013],[-7.33324,33.73132],[-7.33066,33.73602],[-7.31658,33.74172],[-7.31394,33.74655],[-7.30319,33.75425],[-7.29827,33.75273],[-7.29951,33.75726],[-7.294,33.75851],[-7.27786,33.77282],[-7.27277,33.77396],[-7.27128,33.77709],[-7.26454,33.78035],[-7.24808,33.78626],[-7.2387,33.79427],[-7.23136,33.79531],[-7.22844,33.79753],[-7.22754,33.8025],[-7.21871,33.80074],[-7.19043,33.80425],[-7.18357,33.81056],[-7.17874,33.81114],[-7.17488,33.81652],[-7.16974,33.81777],[-7.16379,33.81594],[-7.15058,33.82029],[-7.14783,33.82381],[-7.15105,33.82714],[-7.14504,33.82744],[-7.14668,33.82476],[-7.14481,33.82144],[-7.14699,33.81983],[-7.14508,33.8195],[-7.1426,33.8216],[-7.145,33.82223],[-7.1454,33.82518],[-7.14424,33.82659],[-7.14504,33.82382],[-7.14088,33.82345],[-7.13439,33.8285],[-7.12847,33.82821],[-7.12249,33.83185],[-7.11533,33.82019],[-7.11142,33.81845],[-7.11201,33.81629],[-7.10877,33.8143],[-7.10826,33.81074],[-7.10446,33.80929],[-7.10258,33.80299],[-7.09597,33.80004],[-7.09459,33.79473],[-7.08501,33.79313],[-7.07186,33.79867],[-7.06928,33.80251],[-7.05882,33.80219],[-7.05714,33.79758],[-7.05946,33.79577],[-7.059,33.78393],[-7.04903,33.77546],[-7.04787,33.77114],[-7.0424,33.77122],[-7.03753,33.76442],[-7.03874,33.75914],[-7.03554,33.75564],[-7.0368,33.75325],[-7.03462,33.74213],[-7.02931,33.73404],[-7.02837,33.7256],[-7.02458,33.7211],[-7.02597,33.71827],[-7.0211,33.70696],[-7.02122,33.70249],[-7.02552,33.69254],[-7.02234,33.68569],[-7.02634,33.68342],[-7.0201,33.6815],[-7.01561,33.67678],[-7.00956,33.65571],[-7.00471,33.65482],[-7.00381,33.64563],[-6.99458,33.63204],[-7.00332,33.62616],[-7.00393,33.61623],[-6.99902,33.60935],[-6.99228,33.61004],[-6.98909,33.60381],[-6.99198,33.5995],[-6.9904,33.59019],[-6.98589,33.59035],[-6.97982,33.5943],[-6.97127,33.58951],[-6.96862,33.59541],[-6.97048,33.59794],[-6.96481,33.60155],[-6.94823,33.60119],[-6.92309,33.59056],[-6.91638,33.58066],[-6.90975,33.58627],[-6.90624,33.58666],[-6.9046,33.57726],[-6.90625,33.57015],[-6.9015,33.56643],[-6.89289,33.57306],[-6.89032,33.578],[-6.88057,33.57401],[-6.88124,33.56834],[-6.87109,33.56847],[-6.86289,33.5493],[-6.85858,33.54604],[-6.83961,33.54628],[-6.83495,33.54912],[-6.81047,33.54712],[-6.79455,33.55071],[-6.78535,33.54939],[-6.77972,33.55268],[-6.77833,33.55043],[-6.7767,33.55162],[-6.77369,33.5457],[-6.77133,33.54785],[-6.76428,33.547],[-6.76189,33.5425],[-6.76425,33.54054],[-6.76577,33.54316],[-6.76812,33.53857],[-6.77233,33.53902],[-6.77217,33.53196],[-6.76782,33.53194],[-6.77128,33.52648],[-6.76862,33.52613],[-6.77024,33.52242],[-6.76603,33.52345],[-6.7613,33.52144],[-6.76523,33.52088],[-6.76413,33.51881],[-6.76879,33.51852],[-6.76916,33.51551],[-6.77531,33.51336],[-6.77347,33.50724],[-6.78232,33.5095],[-6.7799,33.50684],[-6.78134,33.50284],[-6.78627,33.50266],[-6.7854,33.50515],[-6.78691,33.50573],[-6.81032,33.49542],[-6.82483,33.48082],[-6.82758,33.47094],[-6.82965,33.4699],[-6.83634,33.4725],[-6.84423,33.46885],[-6.84421,33.46263],[-6.84692,33.45749],[-6.86346,33.43973],[-6.86164,33.43166],[-6.85335,33.41853],[-6.84724,33.41651],[-6.84366,33.41096],[-6.83535,33.40946],[-6.82026,33.41853],[-6.81921,33.40282],[-6.80727,33.3821],[-6.81582,33.37149],[-6.81133,33.36669],[-6.81163,33.35762],[-6.82908,33.33601],[-6.82805,33.31019],[-6.84016,33.29976],[-6.82906,33.29649],[-6.82474,33.2867],[-6.82431,33.27717],[-6.82864,33.26253],[-6.83175,33.25839],[-6.83419,33.23922],[-6.84,33.229],[-6.84666,33.2288],[-6.85035,33.22453],[-6.86047,33.22078],[-6.85837,33.21948],[-6.85812,33.20656],[-6.8534,33.19869],[-6.86737,33.18592],[-6.8885,33.14653],[-6.88997,33.13779],[-6.88355,33.11204],[-6.87179,33.10732],[-6.8632,33.10757],[-6.8784,33.08658],[-6.87393,33.07982],[-6.87625,33.07198],[-6.89037,33.05741],[-6.90131,33.05361],[-6.90608,33.04277],[-6.9119,33.04327],[-6.94442,33.00891],[-6.94286,32.99175],[-6.96267,32.95931],[-6.96881,32.95262],[-6.9813,32.94978],[-7.00255,32.95612],[-7.00826,32.94743],[-6.99872,32.93837],[-7.0039,32.93124],[-7.00605,32.92233],[-6.99988,32.8478],[-7.01284,32.81085],[-7.02892,32.78859],[-7.03441,32.77013],[-7.02241,32.77042],[-7.04575,32.73358],[-7.04614,32.72305],[-7.05004,32.71702],[-7.05592,32.69871],[-7.05023,32.69673],[-7.04297,32.68434],[-7.03001,32.67671],[-7.01308,32.65582],[-6.99297,32.64339],[-6.98649,32.63569],[-6.99629,32.56049],[-7.01513,32.55661],[-7.00897,32.54888],[-6.99221,32.49946],[-7.05586,32.44423],[-7.04068,32.37365],[-7.10553,32.35298],[-7.13059,32.32478],[-7.13304,32.31927],[-7.14142,32.32401],[-7.14063,32.33096],[-7.14449,32.33555],[-7.15404,32.3277],[-7.16221,32.32701],[-7.16461,32.33295],[-7.1773,32.33582],[-7.18086,32.33584],[-7.18868,32.32954],[-7.19016,32.33028],[-7.19665,32.3466],[-7.2057,32.34959],[-7.2095,32.35618],[-7.22136,32.36738],[-7.2327,32.36542],[-7.24025,32.37378],[-7.25678,32.37363],[-7.26114,32.37877],[-7.25908,32.38942],[-7.26299,32.39189],[-7.27203,32.39253],[-7.27701,32.39907],[-7.28289,32.40242],[-7.29169,32.40163],[-7.29542,32.40371],[-7.29963,32.39908],[-7.30566,32.39692],[-7.3142,32.40125],[-7.31422,32.40772],[-7.31879,32.41153],[-7.32222,32.41097],[-7.32406,32.40739],[-7.33558,32.40463],[-7.33765,32.40579],[-7.33756,32.41795],[-7.34134,32.4256],[-7.34787,32.43061],[-7.34963,32.43808],[-7.36931,32.45707],[-7.37368,32.46438],[-7.37919,32.4655],[-7.3873,32.46316],[-7.39318,32.45666],[-7.40099,32.45448],[-7.40883,32.45509],[-7.42155,32.44551],[-7.4268,32.44484],[-7.43722,32.44696],[-7.44168,32.45755],[-7.45375,32.45947],[-7.46107,32.45793],[-7.46569,32.45998],[-7.46862,32.4564],[-7.46476,32.44739],[-7.46732,32.44218],[-7.47285,32.43994],[-7.48336,32.44298],[-7.48462,32.44557],[-7.48147,32.45314],[-7.48895,32.46728],[-7.50178,32.46834],[-7.50574,32.46312],[-7.50199,32.45434],[-7.52066,32.44734],[-7.54574,32.44568],[-7.55181,32.45304],[-7.56338,32.45574],[-7.59534,32.45626],[-7.6265,32.46843],[-7.6404,32.47642],[-7.64625,32.4842],[-7.65064,32.4958],[-7.66145,32.49347],[-7.66215,32.4979],[-7.66488,32.4994],[-7.67307,32.4978],[-7.67559,32.50346],[-7.6689,32.50446],[-7.66628,32.51396],[-7.67355,32.51698],[-7.6765,32.52202],[-7.68463,32.51978],[-7.68099,32.52898],[-7.6847,32.5349],[-7.69054,32.53491],[-7.69275,32.52975],[-7.69656,32.52959],[-7.70048,32.55058],[-7.71145,32.55562],[-7.72038,32.55602],[-7.72037,32.55953],[-7.71324,32.56594],[-7.713,32.56861],[-7.72191,32.57354],[-7.72176,32.57605],[-7.71744,32.57848],[-7.71759,32.58138],[-7.72963,32.58391],[-7.73105,32.58687],[-7.72773,32.58924],[-7.71759,32.59015],[-7.71674,32.59336],[-7.73006,32.59672],[-7.73855,32.59512],[-7.73863,32.60081],[-7.74115,32.59842],[-7.75522,32.59759],[-7.77638,32.6053],[-7.81383,32.62897],[-7.82031,32.63804],[-7.84527,32.66078],[-7.8737,32.67023],[-7.88225,32.6839],[-7.88845,32.68558],[-7.89391,32.69167],[-7.90936,32.69162],[-7.91,32.69955],[-7.91388,32.70681],[-7.92139,32.71185],[-7.91978,32.72605],[-7.93076,32.72627],[-7.93287,32.73493],[-7.94429,32.74016],[-7.94465,32.74462],[-7.95624,32.75424],[-7.96237,32.7646],[-7.9617,32.7817],[-7.97658,32.7854],[-7.97835,32.78832],[-7.97779,32.79448],[-7.98109,32.79711],[-7.98729,32.79497],[-7.99087,32.79612],[-7.99269,32.80051],[-7.98976,32.80948],[-7.99607,32.81424],[-8.03685,32.79088],[-8.04744,32.76801],[-8.04924,32.74643],[-8.0594,32.70654],[-8.07441,32.67682],[-8.07401,32.65566],[-8.06978,32.63354],[-8.05952,32.61135],[-8.05418,32.59197],[-8.05541,32.57267],[-8.0757,32.5514],[-8.09132,32.52801],[-8.11776,32.50209],[-8.13665,32.49044],[-8.1517,32.48896],[-8.19474,32.4663],[-8.26586,32.43789],[-8.2927,32.42988],[-8.31517,32.4186],[-8.35195,32.3863],[-8.36328,32.37126],[-8.36642,32.3629],[-8.37832,32.3664],[-8.40341,32.36124],[-8.42282,32.36072],[-8.4358,32.35786],[-8.4387,32.3477],[-8.47055,32.34193],[-8.47969,32.32334],[-8.49818,32.33128],[-8.49878,32.32782],[-8.50872,32.32987],[-8.52105,32.3063],[-8.5299,32.29881],[-8.55115,32.30219],[-8.54097,32.33508],[-8.56954,32.36049],[-8.59752,32.39634],[-8.60816,32.40272],[-8.60701,32.4123],[-8.59564,32.42617],[-8.60034,32.42887],[-8.59889,32.43412],[-8.60036,32.43959],[-8.61014,32.44316],[-8.60605,32.45296],[-8.6219,32.47374],[-8.66309,32.51321],[-8.68911,32.52533],[-8.71435,32.52279],[-8.73334,32.50738],[-8.7472,32.50564],[-8.75219,32.50103],[-8.7554,32.50899],[-8.76517,32.5076],[-8.77926,32.51383],[-8.79117,32.50936],[-8.80302,32.51199],[-8.82583,32.49944],[-8.83608,32.50013],[-8.84046,32.49497],[-8.85212,32.49424],[-8.87011,32.50121],[-8.88794,32.50288],[-8.93249,32.52267],[-8.93127,32.52975],[-8.95032,32.54432],[-8.97148,32.56844],[-8.99466,32.58057],[-9.00688,32.6099],[-9.0184,32.60862],[-9.01746,32.61628],[-9.0037,32.65587],[-8.98019,32.67413],[-9.04874,32.72192],[-9.05841,32.72183]]]}},{"type":"Feature","properties":{"country":"MA","region":"Marrakech-Safi"},"geometry":{"type":"Polygon","coordinates":[[[-9.84222,31.38953],[-9.83932,31.39934],[-9.83565,31.40386],[-9.83403,31.41413],[-9.81761,31.42691],[-9.79916,31.44586],[-9.77924,31.47471],[-9.7754,31.489],[-9.76618,31.49609],[-9.7652,31.50182],[-9.76733,31.50737],[-9.77164,31.50951],[-9.77413,31.50718],[-9.77394,31.50977],[-9.7754,31.50589],[-9.77255,31.5154],[-9.76137,31.51996],[-9.73537,31.54381],[-9.68698,31.60459],[-9.67529,31.63552],[-9.678,31.64319],[-9.67723,31.66162],[-9.67427,31.67295],[-9.67545,31.69863],[-9.64876,31.71917],[-9.62202,31.75018],[-9.60875,31.76204],[-9.60477,31.76913],[-9.58576,31.78934],[-9.58284,31.79545],[-9.58399,31.79851],[-9.56083,31.8166],[-9.52996,31.84609],[-9.52607,31.85103],[-9.52505,31.85778],[-9.49504,31.88302],[-9.4914,31.88932],[-9.47101,31.90739],[-9.46079,31.92181],[-9.43189,31.94696],[-9.42437,31.95779],[-9.38302,31.99888],[-9.34617,32.03127],[-9.34405,32.03757],[-9.34542,32.03954],[-9.34244,32.04136],[-9.3406,32.04751],[-9.34173,32.0514],[-9.32979,32.06598],[-9.32839,32.07437],[-9.32973,32.08479],[-9.3231,32.09311],[-9.32365,32.09701],[-9.31942,32.10326],[-9.32227,32.11291],[-9.28891,32.1472],[-9.27962,32.15406],[-9.2688,32.16902],[-9.27486,32.17398],[-9.26934,32.17039],[-9.26431,32.17165],[-9.26319,32.17395],[-9.2723,32.18026],[-9.28019,32.17481],[-9.27248,32.1808],[-9.26276,32.17421],[-9.26135,32.17515],[-9.26167,32.18247],[-9.25278,32.20017],[-9.25385,32.20793],[-9.25091,32.21861],[-9.25498,32.23257],[-9.26084,32.23962],[-9.25983,32.24225],[-9.26477,32.24578],[-9.26575,32.25122],[-9.25209,32.27297],[-9.24378,32.30034],[-9.24647,32.30194],[-9.24956,32.30466],[-9.25342,32.31138],[-9.25672,32.3132],[-9.25303,32.3115],[-9.24945,32.30518],[-9.24455,32.3021],[-9.2484,32.30526],[-9.24587,32.30542],[-9.2465,32.30938],[-9.2491,32.30911],[-9.24705,32.30981],[-9.25174,32.31285],[-9.25455,32.32004],[-9.25988,32.32043],[-9.28075,32.32983],[-9.28129,32.34535],[-9.29039,32.36246],[-9.28572,32.37598],[-9.25929,32.40189],[-9.24845,32.41731],[-9.24762,32.42586],[-9.23841,32.44212],[-9.23323,32.45833],[-9.23149,32.47517],[-9.23269,32.47975],[-9.24766,32.49539],[-9.26205,32.50375],[-9.26476,32.5124],[-9.27125,32.51639],[-9.27182,32.52848],[-9.28489,32.54186],[-9.27761,32.54892],[-9.15541,32.63524],[-9.10693,32.67458],[-9.05922,32.72097],[-9.04874,32.72192],[-8.98019,32.67413],[-9.0037,32.65587],[-9.01746,32.61628],[-9.0184,32.60862],[-9.00688,32.6099],[-8.99466,32.58057],[-8.97148,32.56844],[-8.95032,32.54432],[-8.93127,32.52975],[-8.93249,32.52267],[-8.88794,32.50288],[-8.87011,32.50121],[-8.85212,32.49424],[-8.84046,32.49497],[-8.83608,32.50013],[-8.82583,32.49944],[-8.80302,32.51199],[-8.79117,32.50936],[-8.77926,32.51383],[-8.76517,32.5076],[-8.7554,32.50899],[-8.75219,32.50103],[-8.7472,32.50564],[-8.73334,32.50738],[-8.71435,32.52279],[-8.68911,32.52533],[-8.66309,32.51321],[-8.6219,32.47374],[-8.60605,32.45296],[-8.61014,32.44316],[-8.60036,32.43959],[-8.59889,32.43412],[-8.60034,32.42887],[-8.59564,32.42617],[-8.60701,32.4123],[-8.60816,32.40272],[-8.59752,32.39634],[-8.56954,32.36049],[-8.54097,32.33508],[-8.55115,32.30219],[-8.5299,32.29881],[-8.52105,32.3063],[-8.50872,32.32987],[-8.49878,32.32782],[-8.49818,32.33128],[-8.47969,32.32334],[-8.47055,32.34193],[-8.4387,32.3477],[-8.4358,32.35786],[-8.42282,32.36072],[-8.40341,32.36124],[-8.37832,32.3664],[-8.36642,32.3629],[-8.36328,32.37126],[-8.35195,32.3863],[-8.31517,32.4186],[-8.2927,32.42988],[-8.26586,32.43789],[-8.19474,32.4663],[-8.1517,32.48896],[-8.13665,32.49044],[-8.11776,32.50209],[-8.09132,32.52801],[-8.0757,32.5514],[-8.05541,32.57267],[-8.05418,32.59197],[-8.05952,32.61135],[-8.06978,32.63354],[-8.07401,32.65566],[-8.07441,32.67682],[-8.0594,32.70654],[-8.04924,32.74643],[-8.04744,32.76801],[-8.03685,32.79088],[-7.99607,32.81424],[-7.98976,32.80948],[-7.99269,32.80051],[-7.99087,32.79612],[-7.98729,32.79497],[-7.98109,32.79711],[-7.97779,32.79448],[-7.97835,32.78832],[-7.97658,32.7854],[-7.9617,32.7817],[-7.96237,32.7646],[-7.95624,32.75424],[-7.94465,32.74462],[-7.94429,32.74016],[-7.93287,32.73493],[-7.93076,32.72627],[-7.91978,32.72605],[-7.92139,32.71185],[-7.91388,32.70681],[-7.91,32.69955],[-7.90936,32.69162],[-7.89391,32.69167],[-7.88845,32.68558],[-7.88225,32.6839],[-7.8737,32.67023],[-7.84527,32.66078],[-7.82031,32.63804],[-7.81383,32.62897],[-7.77638,32.6053],[-7.75522,32.59759],[-7.74115,32.59842],[-7.73863,32.60081],[-7.73855,32.59512],[-7.73006,32.59672],[-7.71674,32.59336],[-7.71759,32.59015],[-7.72773,32.58924],[-7.73105,32.58687],[-7.72963,32.58391],[-7.71759,32.58138],[-7.71744,32.57848],[-7.72176,32.57605],[-7.72191,32.57354],[-7.713,32.56861],[-7.71324,32.56594],[-7.72037,32.55953],[-7.72038,32.55602],[-7.71145,32.55562],[-7.70048,32.55058],[-7.69656,32.52959],[-7.69275,32.52975],[-7.69054,32.53491],[-7.6847,32.5349],[-7.68099,32.52898],[-7.68463,32.51978],[-7.6765,32.52202],[-7.67355,32.51698],[-7.66628,32.51396],[-7.6689,32.50446],[-7.67559,32.50346],[-7.67307,32.4978],[-7.66488,32.4994],[-7.66215,32.4979],[-7.66145,32.49347],[-7.65064,32.4958],[-7.64625,32.4842],[-7.6404,32.47642],[-7.6265,32.46843],[-7.59534,32.45626],[-7.56338,32.45574],[-7.55181,32.45304],[-7.54574,32.44568],[-7.52066,32.44734],[-7.50199,32.45434],[-7.50574,32.46312],[-7.50178,32.46834],[-7.48895,32.46728],[-7.48147,32.45314],[-7.48462,32.44557],[-7.48336,32.44298],[-7.47285,32.43994],[-7.46732,32.44218],[-7.46476,32.44739],[-7.46862,32.4564],[-7.46569,32.45998],[-7.46107,32.45793],[-7.45375,32.45947],[-7.44168,32.45755],[-7.43722,32.44696],[-7.4268,32.44484],[-7.42155,32.44551],[-7.40883,32.45509],[-7.40099,32.45448],[-7.39318,32.45666],[-7.3873,32.46316],[-7.37919,32.4655],[-7.37368,32.46438],[-7.36931,32.45707],[-7.34963,32.43808],[-7.34787,32.43061],[-7.34134,32.4256],[-7.33756,32.41795],[-7.33765,32.40579],[-7.33558,32.40463],[-7.32406,32.40739],[-7.32222,32.41097],[-7.31879,32.41153],[-7.31422,32.40772],[-7.3142,32.40125],[-7.30566,32.39692],[-7.29963,32.39908],[-7.29542,32.40371],[-7.29169,32.40163],[-7.28289,32.40242],[-7.27701,32.39907],[-7.27203,32.39253],[-7.26299,32.39189],[-7.25908,32.38942],[-7.26114,32.37877],[-7.25678,32.37363],[-7.24025,32.37378],[-7.2327,32.36542],[-7.22136,32.36738],[-7.2095,32.35618],[-7.2057,32.34959],[-7.19665,32.3466],[-7.19016,32.33028],[-7.18868,32.32954],[-7.18086,32.33584],[-7.1773,32.33582],[-7.16461,32.33295],[-7.16221,32.32701],[-7.15404,32.3277],[-7.14449,32.33555],[-7.14063,32.33096],[-7.14142,32.32401],[-7.12903,32.31479],[-7.12462,32.31572],[-7.12229,32.3236],[-7.11897,32.32637],[-7.11494,32.32409],[-7.10889,32.31324],[-7.10047,32.3053],[-7.11618,32.23195],[-7.10502,32.21333],[-7.11047,32.19103],[-7.12421,32.16192],[-7.12266,32.15342],[-7.13095,32.12911],[-7.12695,32.11291],[-7.12756,32.1016],[-7.11814,32.08565],[-7.11742,32.04595],[-7.11022,32.02033],[-7.08819,32.00584],[-7.0817,31.99678],[-7.05754,31.98257],[-7.05299,31.97254],[-7.06906,31.9654],[-7.06297,31.94098],[-7.06792,31.90752],[-7.05161,31.90426],[-7.05539,31.89348],[-7.04101,31.87208],[-7.02051,31.86069],[-7.02372,31.84617],[-7.01279,31.84676],[-7.008,31.82857],[-7.00207,31.82131],[-7.01847,31.82017],[-7.02879,31.82338],[-7.03481,31.8276],[-7.03596,31.82585],[-7.03352,31.82128],[-7.03703,31.81466],[-7.0433,31.78755],[-7.0243,31.77436],[-7.04889,31.76073],[-7.10323,31.75985],[-7.1691,31.74365],[-7.18438,31.75095],[-7.18729,31.75547],[-7.19811,31.75825],[-7.19794,31.76219],[-7.21746,31.76181],[-7.22932,31.77304],[-7.22945,31.76186],[-7.24176,31.76376],[-7.24806,31.76044],[-7.25797,31.76355],[-7.2656,31.76148],[-7.26348,31.75071],[-7.26537,31.73931],[-7.27212,31.73957],[-7.2738,31.74769],[-7.28204,31.74739],[-7.28509,31.73372],[-7.31856,31.71301],[-7.30706,31.70417],[-7.3026,31.69526],[-7.31375,31.69578],[-7.32114,31.69344],[-7.31667,31.67028],[-7.26974,31.67334],[-7.2631,31.66246],[-7.26786,31.6327],[-7.26373,31.62147],[-7.22215,31.60846],[-7.20892,31.57735],[-7.19348,31.55954],[-7.13414,31.55772],[-7.13075,31.53678],[-7.13963,31.52913],[-7.14856,31.48253],[-7.15708,31.46752],[-7.17047,31.46685],[-7.17361,31.45379],[-7.18215,31.44196],[-7.18452,31.42896],[-7.21787,31.41387],[-7.23922,31.3927],[-7.23391,31.37472],[-7.25284,31.34889],[-7.3056,31.31818],[-7.35171,31.29555],[-7.38648,31.28668],[-7.43583,31.29128],[-7.43611,31.2842],[-7.44721,31.27714],[-7.47778,31.27041],[-7.49877,31.25076],[-7.58409,31.24512],[-7.58735,31.22938],[-7.59911,31.20902],[-7.65014,31.19136],[-7.66254,31.17796],[-7.67868,31.17391],[-7.69687,31.16262],[-7.70034,31.14377],[-7.71218,31.13131],[-7.7587,31.14217],[-7.76982,31.1429],[-7.78347,31.16258],[-7.79326,31.15428],[-7.82493,31.16659],[-7.80968,31.14535],[-7.88695,31.10676],[-7.90312,31.08026],[-7.91635,31.03683],[-7.92711,31.03193],[-7.92827,31.00791],[-7.93764,30.98223],[-7.94699,30.95978],[-7.96334,30.93649],[-7.97854,30.92239],[-8.01456,30.9089],[-8.05989,30.92522],[-8.10782,30.92808],[-8.13624,30.93877],[-8.22159,30.91416],[-8.25028,30.88956],[-8.28177,30.88219],[-8.32643,30.87578],[-8.34904,30.86485],[-8.38697,30.86304],[-8.39661,30.86459],[-8.40528,30.87097],[-8.41411,30.87222],[-8.44751,30.86429],[-8.48413,30.87141],[-8.50921,30.87009],[-8.53837,30.87389],[-8.56845,30.88224],[-8.60429,30.8806],[-8.6465,30.88845],[-8.66143,30.90148],[-8.66945,30.89788],[-8.7061,30.866],[-8.72752,30.85626],[-8.72477,30.83865],[-8.72683,30.83018],[-8.72537,30.81941],[-8.72821,30.81403],[-8.74177,30.81072],[-8.74778,30.81647],[-8.76022,30.83791],[-8.76451,30.87284],[-8.7612,30.88869],[-8.76996,30.89877],[-8.77185,30.91277],[-8.77519,30.91778],[-8.7879,30.92665],[-8.7821,30.9374],[-8.79139,30.94184],[-8.79749,30.94914],[-8.80036,30.95862],[-8.80576,30.96349],[-8.81916,30.97348],[-8.8262,30.97493],[-8.84151,30.96827],[-8.8655,30.94944],[-8.91642,30.91492],[-8.95481,30.90436],[-8.98609,30.89007],[-8.99187,30.87361],[-8.99633,30.84649],[-8.99688,30.8254],[-9.02124,30.81926],[-9.07803,30.82647],[-9.13287,30.82789],[-9.15159,30.82189],[-9.16839,30.82768],[-9.19173,30.81752],[-9.2465,30.80236],[-9.25888,30.81936],[-9.26144,30.82713],[-9.27219,30.83193],[-9.29747,30.85149],[-9.31393,30.85236],[-9.31087,30.86206],[-9.34044,30.88146],[-9.34591,30.87444],[-9.34611,30.85514],[-9.38548,30.86599],[-9.40635,30.8615],[-9.41423,30.84925],[-9.44316,30.83847],[-9.48097,30.85436],[-9.49299,30.85749],[-9.51215,30.8694],[-9.52271,30.86247],[-9.53332,30.86385],[-9.53878,30.86755],[-9.53405,30.88217],[-9.54302,30.88451],[-9.56964,30.84144],[-9.57577,30.84005],[-9.58119,30.84308],[-9.5931,30.85772],[-9.60445,30.85672],[-9.63864,30.79994],[-9.64813,30.8015],[-9.65412,30.807],[-9.6881,30.78595],[-9.71559,30.79144],[-9.73877,30.84361],[-9.73419,30.87314],[-9.76688,30.88428],[-9.76898,30.89242],[-9.76584,30.91421],[-9.77099,30.92773],[-9.79511,30.93527],[-9.81775,30.93814],[-9.82006,30.9539],[-9.8226,30.95488],[-9.82637,30.96365],[-9.82195,30.98206],[-9.81027,30.99957],[-9.80777,31.00876],[-9.8169,31.02611],[-9.81543,31.03437],[-9.81821,31.03836],[-9.81606,31.04587],[-9.8185,31.05213],[-9.81717,31.05274],[-9.82501,31.0601],[-9.81832,31.07398],[-9.81786,31.08819],[-9.82298,31.09652],[-9.83216,31.10035],[-9.83958,31.1006],[-9.84178,31.1032],[-9.84073,31.11384],[-9.83453,31.12605],[-9.83851,31.13449],[-9.83889,31.14349],[-9.8316,31.15655],[-9.83023,31.16375],[-9.83237,31.16492],[-9.82394,31.17357],[-9.81697,31.1893],[-9.81742,31.19679],[-9.8216,31.19879],[-9.82146,31.2067],[-9.82383,31.21168],[-9.81928,31.21582],[-9.82047,31.21872],[-9.8168,31.22632],[-9.82078,31.23416],[-9.80238,31.27285],[-9.79724,31.28913],[-9.79973,31.2933],[-9.79773,31.29494],[-9.79484,31.32839],[-9.79842,31.33173],[-9.79892,31.35264],[-9.80278,31.36692],[-9.81166,31.37977],[-9.81787,31.38508],[-9.83257,31.38524],[-9.84222,31.38953]]]}},{"type":"Feature","properties":{"country":"MA","region":"Laâyoune-Sakia El Hamra"},"geometry":{"type":"Polygon","coordinates":[[[-14.90491,24.68323],[-14.89061,24.69267],[-14.88247,24.70327],[-14.88166,24.7111],[-14.88462,24.71433],[-14.88257,24.72016],[-14.88455,24.72513],[-14.88398,24.73422],[-14.8876,24.74135],[-14.88307,24.757],[-14.88204,24.77016],[-14.87416,24.78935],[-14.87472,24.79667],[-14.87117,24.80873],[-14.85922,24.82913],[-14.85764,24.8367],[-14.8521,24.84402],[-14.84796,24.86224],[-14.84095,24.87391],[-14.82902,24.90904],[-14.83312,24.94328],[-14.83145,24.95735],[-14.82448,24.9756],[-14.82528,24.98356],[-14.82235,25.00191],[-14.8237,25.00723],[-14.81871,25.05016],[-14.82721,25.07323],[-14.84078,25.08315],[-14.84153,25.08786],[-14.83665,25.10255],[-14.83987,25.10975],[-14.84045,25.11771],[-14.84558,25.12649],[-14.83908,25.1385],[-14.83684,25.161],[-14.84399,25.1921],[-14.84502,25.20683],[-14.82714,25.24578],[-14.82508,25.2559],[-14.82485,25.27094],[-14.82846,25.27942],[-14.82761,25.29595],[-14.81166,25.32263],[-14.81351,25.33768],[-14.80122,25.35377],[-14.79255,25.37455],[-14.79391,25.39542],[-14.78688,25.41912],[-14.77732,25.4297],[-14.77527,25.43809],[-14.76352,25.45441],[-14.73547,25.48235],[-14.72829,25.49464],[-14.71908,25.50442],[-14.70824,25.52845],[-14.69707,25.54531],[-14.68548,25.57997],[-14.68451,25.61163],[-14.68614,25.61744],[-14.67512,25.63749],[-14.67544,25.64719],[-14.66468,25.66544],[-14.66148,25.69053],[-14.64187,25.74359],[-14.63669,25.76975],[-14.63339,25.77375],[-14.61661,25.78367],[-14.5667,25.8493],[-14.56224,25.8646],[-14.5345,25.90894],[-14.52891,25.92088],[-14.52656,25.9354],[-14.51638,25.94855],[-14.50974,25.96995],[-14.49893,25.98711],[-14.49258,26.01607],[-14.49324,26.02372],[-14.48746,26.03713],[-14.4895,26.06684],[-14.48522,26.09318],[-14.48927,26.10827],[-14.49318,26.11495],[-14.49557,26.11417],[-14.49395,26.11495],[-14.49462,26.11763],[-14.49733,26.11575],[-14.49648,26.11282],[-14.49773,26.11569],[-14.49552,26.11883],[-14.49756,26.12253],[-14.50051,26.12323],[-14.50052,26.12636],[-14.47541,26.17875],[-14.43076,26.23581],[-14.41753,26.24577],[-14.40423,26.26182],[-14.39621,26.26495],[-14.3482,26.27116],[-14.31701,26.2823],[-14.29343,26.30427],[-14.27575,26.31417],[-14.24972,26.33332],[-14.23096,26.35737],[-14.22081,26.36551],[-14.20605,26.3826],[-14.1911,26.40744],[-14.18949,26.41526],[-14.18031,26.42637],[-14.14168,26.42552],[-14.07172,26.43674],[-14.03489,26.44702],[-13.97581,26.47181],[-13.91504,26.51819],[-13.86544,26.54113],[-13.84813,26.55521],[-13.82518,26.56403],[-13.81031,26.57326],[-13.78754,26.58349],[-13.77883,26.59026],[-13.77122,26.59253],[-13.72251,26.61875],[-13.72006,26.61818],[-13.71942,26.62064],[-13.67784,26.64533],[-13.61976,26.687],[-13.57395,26.73168],[-13.56334,26.74451],[-13.55672,26.75977],[-13.54818,26.77068],[-13.54155,26.78644],[-13.52931,26.80457],[-13.52672,26.81956],[-13.49877,26.87387],[-13.48798,26.90579],[-13.48794,26.91707],[-13.4783,26.93889],[-13.47374,26.95886],[-13.4383,27.03333],[-13.43802,27.03785],[-13.44627,27.04012],[-13.44622,27.03777],[-13.44644,27.04106],[-13.43727,27.03825],[-13.43604,27.03952],[-13.43039,27.05643],[-13.43834,27.05998],[-13.43096,27.05807],[-13.41957,27.07768],[-13.41747,27.08576],[-13.42078,27.09303],[-13.42453,27.09588],[-13.42602,27.08939],[-13.42654,27.08914],[-13.4282,27.08942],[-13.42614,27.08964],[-13.42607,27.09568],[-13.43046,27.0954],[-13.4308,27.08972],[-13.43319,27.0891],[-13.4329,27.09622],[-13.42497,27.09683],[-13.41773,27.11314],[-13.40768,27.1531],[-13.40775,27.16394],[-13.39031,27.18861],[-13.38917,27.19385],[-13.37467,27.21564],[-13.3653,27.23566],[-13.32623,27.28603],[-13.30416,27.32411],[-13.30081,27.34468],[-13.28949,27.35932],[-13.27949,27.37964],[-13.25846,27.44198],[-13.2307,27.50266],[-13.21806,27.55316],[-13.20582,27.57963],[-13.19681,27.62322],[-13.17182,27.6678],[-13.1644,27.69185],[-13.15952,27.69714],[-13.13034,27.70731],[-13.11157,27.72132],[-13.07059,27.73577],[-13.05073,27.75101],[-13.04248,27.76227],[-13.02763,27.79435],[-13.02279,27.79957],[-13.00846,27.808],[-12.99736,27.8505],[-12.98851,27.8614],[-12.98563,27.87419],[-12.98857,27.87782],[-12.98199,27.88293],[-12.98312,27.88617],[-12.97968,27.89337],[-12.97067,27.89778],[-12.95876,27.92108],[-12.95189,27.92559],[-12.93782,27.93005],[-12.93473,27.93631],[-12.93471,27.93747],[-12.93572,27.93789],[-12.93573,27.93906],[-12.93348,27.9374],[-12.93362,27.94014],[-12.93182,27.93891],[-12.9305,27.94261],[-12.93323,27.94373],[-12.93546,27.94078],[-12.93694,27.94222],[-12.93908,27.9388],[-12.941,27.94136],[-12.93537,27.94278],[-12.93372,27.9445],[-12.93547,27.94534],[-12.93024,27.94361],[-12.92221,27.94757],[-12.91725,27.95325],[-12.86447,27.9559],[-12.84158,27.95933],[-12.82531,27.96553],[-12.65758,27.9828],[-12.55928,27.99655],[-12.5172,28.00792],[-12.47526,28.01313],[-12.2506,28.05367],[-12.22771,28.05474],[-12.16804,28.06942],[-12.08237,28.08675],[-12.05091,28.09666],[-12.04634,28.1037],[-12.02924,28.1132],[-11.98232,28.13227],[-11.95883,28.1465],[-11.9365,28.1563],[-11.88479,28.17541],[-11.8759,28.17776],[-11.87363,28.17535],[-11.87047,28.17648],[-11.87032,28.17994],[-11.78634,28.21111],[-11.78196,28.20945],[-11.77216,28.18136],[-11.74285,28.14766],[-11.71157,28.12348],[-11.69904,28.05877],[-11.66556,27.99222],[-11.63621,27.95219],[-11.58505,27.86588],[-11.55143,27.83624],[-11.48541,27.80705],[-11.40519,27.8043],[-11.3609,27.7961],[-11.22821,27.75844],[-11.18975,27.73838],[-11.04171,27.75353],[-10.96488,27.75707],[-10.92704,27.76097],[-10.90154,27.75753],[-10.87063,27.77394],[-10.78635,27.78641],[-10.75339,27.78268],[-10.71872,27.76786],[-10.63374,27.78092],[-10.60834,27.78107],[-10.4777,27.79398],[-10.41642,27.80476],[-10.27583,27.81394],[-10.24836,27.8095],[-10.23223,27.80298],[-10.21233,27.79906],[-10.13706,27.71403],[-10.11154,27.70055],[-10.09202,27.71048],[-10.05832,27.70977],[-10.04044,27.68767],[-10.03271,27.67088],[-10.01739,27.6543],[-9.98532,27.6382],[-9.96592,27.63472],[-9.93759,27.64008],[-9.91579,27.64822],[-9.89931,27.67348],[-9.88025,27.67207],[-9.86171,27.66189],[-9.83923,27.63513],[-9.81622,27.61294],[-9.81416,27.59117],[-9.7982,27.56897],[-9.76318,27.5365],[-9.71941,27.50686],[-9.68252,27.48844],[-9.60729,27.44567],[-9.54414,27.40229],[-9.44904,27.41502],[-9.40681,27.42374],[-9.28871,27.47211],[-9.17212,27.40948],[-9.06103,27.3139],[-8.97199,27.27829],[-8.92101,27.23102],[-8.87456,27.18319],[-8.80916,27.16043],[-8.75422,27.14715],[-8.6676,27.13613],[-8.66694,26.00028],[-11.57737,25.99844],[-12.00056,26.0],[-12.0,24.38543],[-12.11303,24.4159],[-12.20216,24.4322],[-12.26426,24.43854],[-12.31934,24.43286],[-12.35955,24.41968],[-12.53947,24.38359],[-12.58121,24.38006],[-12.61125,24.38325],[-12.63508,24.38949],[-12.68522,24.40726],[-12.73037,24.42722],[-12.85552,24.46929],[-12.88662,24.48162],[-13.05159,24.51568],[-13.12025,24.52723],[-13.295,24.51271],[-13.43713,24.46669],[-13.51335,24.43356],[-13.68897,24.39051],[-13.7348,24.39989],[-13.81152,24.42824],[-13.99297,24.47028],[-14.07589,24.48397],[-14.23907,24.47759],[-14.30482,24.47311],[-14.34197,24.46475],[-14.50611,24.41613],[-14.56317,24.43267],[-14.59046,24.45451],[-14.60934,24.475],[-14.6217,24.49873],[-14.66376,24.52589],[-14.70444,24.5383],[-14.74738,24.5443],[-14.78525,24.55486],[-14.8257,24.59007],[-14.86714,24.62211],[-14.88649,24.64254],[-14.89861,24.67397],[-14.90491,24.68323]]]}},{"type":"Feature","properties":{"country":"MA","region":"Dakhla-Oued Ed-Dahab"},"geometry":{"type":"Polygon","coordinates":[[[-17.09498,20.92285],[-17.08743,20.94031],[-17.08443,20.9586],[-17.07058,20.98025],[-17.06332,21.00152],[-17.06476,21.00634],[-17.06358,21.01658],[-17.06561,21.01849],[-17.06281,21.0298],[-17.0648,21.05083],[-17.06201,21.0698],[-17.06484,21.07903],[-17.05377,21.11668],[-17.05163,21.14212],[-17.04381,21.16281],[-17.04381,21.16567],[-17.04958,21.17143],[-17.05046,21.18471],[-17.0434,21.23381],[-17.03526,21.25924],[-17.03569,21.27399],[-17.02763,21.29149],[-17.03076,21.29968],[-17.03024,21.31717],[-17.03243,21.3209],[-17.03055,21.33866],[-17.02709,21.34619],[-17.02548,21.36521],[-17.01295,21.39895],[-17.01381,21.42134],[-17.01031,21.44452],[-17.00303,21.46216],[-16.99272,21.49912],[-16.99252,21.52626],[-16.98199,21.56033],[-16.97987,21.58638],[-16.98487,21.59137],[-16.98333,21.59759],[-16.98584,21.60414],[-16.9828,21.62037],[-16.97577,21.63505],[-16.97373,21.65225],[-16.97436,21.66284],[-16.97915,21.67241],[-16.97799,21.6786],[-16.98101,21.68858],[-16.98296,21.70874],[-16.98187,21.71769],[-16.95686,21.74663],[-16.95035,21.75957],[-16.95028,21.76569],[-16.95304,21.77049],[-16.95811,21.77294],[-16.9602,21.76917],[-16.96483,21.77243],[-16.96419,21.78423],[-16.96715,21.79624],[-16.96049,21.80647],[-16.9613,21.81208],[-16.95653,21.82083],[-16.95749,21.82783],[-16.94891,21.84287],[-16.93126,21.85697],[-16.9153,21.87368],[-16.90211,21.89507],[-16.89392,21.92079],[-16.89401,21.92735],[-16.89936,21.93028],[-16.89642,21.94303],[-16.88186,21.96507],[-16.87903,21.97929],[-16.87169,21.99065],[-16.86913,22.00868],[-16.86022,22.03042],[-16.84901,22.04627],[-16.83712,22.08708],[-16.83177,22.09642],[-16.83043,22.10334],[-16.82356,22.11379],[-16.82315,22.12099],[-16.81619,22.13441],[-16.81206,22.15144],[-16.80576,22.163],[-16.78911,22.16806],[-16.77052,22.18155],[-16.76926,22.19268],[-16.77117,22.19463],[-16.77316,22.19374],[-16.77424,22.1968],[-16.77341,22.19279],[-16.77808,22.19176],[-16.7748,22.19366],[-16.7758,22.19997],[-16.78191,22.20242],[-16.77225,22.20745],[-16.76759,22.21417],[-16.76856,22.21727],[-16.7632,22.22002],[-16.76335,22.22376],[-16.75407,22.22693],[-16.7198,22.25207],[-16.71168,22.26102],[-16.7073,22.26785],[-16.70723,22.27192],[-16.69925,22.28103],[-16.68104,22.29517],[-16.67265,22.29612],[-16.66977,22.29253],[-16.65823,22.29493],[-16.65342,22.29366],[-16.64823,22.28614],[-16.64689,22.28017],[-16.6416,22.27686],[-16.63666,22.26829],[-16.61575,22.26914],[-16.57897,22.27916],[-16.54351,22.29278],[-16.51068,22.31213],[-16.49361,22.32684],[-16.49574,22.33364],[-16.49288,22.34453],[-16.49479,22.3484],[-16.47678,22.36281],[-16.46636,22.38416],[-16.45964,22.39275],[-16.46158,22.41059],[-16.45937,22.41049],[-16.45698,22.41431],[-16.45237,22.43213],[-16.4499,22.45179],[-16.45143,22.45977],[-16.43989,22.48289],[-16.44133,22.48994],[-16.43802,22.504],[-16.42766,22.52242],[-16.38087,22.5525],[-16.36853,22.56441],[-16.35975,22.57823],[-16.3573,22.61446],[-16.34298,22.65355],[-16.34584,22.65806],[-16.34574,22.66466],[-16.33995,22.69081],[-16.34425,22.72077],[-16.33434,22.75763],[-16.32796,22.76582],[-16.33017,22.77213],[-16.32911,22.77589],[-16.32302,22.77925],[-16.31571,22.79086],[-16.3131,22.79916],[-16.29882,22.8144],[-16.28918,22.83083],[-16.28765,22.84088],[-16.28914,22.84774],[-16.29372,22.85199],[-16.29614,22.85206],[-16.29702,22.84973],[-16.30293,22.85313],[-16.30158,22.85613],[-16.30315,22.8598],[-16.30024,22.86961],[-16.29117,22.88377],[-16.2865,22.90151],[-16.28846,22.9046],[-16.28624,22.90687],[-16.28392,22.90554],[-16.28054,22.89629],[-16.26846,22.89664],[-16.23165,22.90999],[-16.20902,22.92103],[-16.19077,22.93507],[-16.16463,22.96418],[-16.15464,22.97997],[-16.1461,22.99885],[-16.14241,23.01378],[-16.14138,23.03103],[-16.14343,23.0457],[-16.14919,23.06169],[-16.15941,23.07737],[-16.17136,23.08882],[-16.18773,23.09211],[-16.20393,23.0836],[-16.20802,23.07866],[-16.19805,23.10652],[-16.18908,23.12257],[-16.18172,23.13039],[-16.16279,23.14264],[-16.12398,23.19103],[-16.11398,23.20981],[-16.11769,23.22534],[-16.11458,23.23264],[-16.09771,23.25134],[-16.08237,23.27403],[-16.07387,23.29103],[-16.06083,23.30678],[-16.05921,23.31663],[-16.06578,23.32841],[-16.04777,23.34104],[-16.00577,23.37955],[-15.99722,23.38919],[-15.9788,23.41811],[-15.97287,23.43602],[-15.95742,23.45956],[-15.95133,23.47643],[-15.95732,23.48633],[-15.96558,23.49058],[-15.96651,23.50187],[-15.97545,23.50352],[-15.97521,23.50928],[-15.95751,23.52219],[-15.94251,23.52686],[-15.93119,23.54132],[-15.92166,23.55821],[-15.90676,23.56353],[-15.90012,23.57466],[-15.90036,23.58127],[-15.88834,23.59841],[-15.88131,23.61301],[-15.8765,23.6176],[-15.87682,23.62851],[-15.86688,23.62901],[-15.85779,23.63357],[-15.85656,23.64014],[-15.85165,23.64212],[-15.84818,23.64608],[-15.84795,23.64964],[-15.84192,23.6552],[-15.8418,23.66069],[-15.83786,23.66722],[-15.8327,23.67098],[-15.83338,23.67393],[-15.82747,23.67674],[-15.82593,23.68108],[-15.82193,23.68374],[-15.82157,23.68815],[-15.81517,23.69156],[-15.80669,23.70658],[-15.80238,23.70974],[-15.79219,23.73302],[-15.80149,23.72355],[-15.80012,23.72815],[-15.78811,23.73797],[-15.78542,23.74384],[-15.78171,23.74573],[-15.77919,23.75309],[-15.76212,23.76245],[-15.7462,23.77796],[-15.74096,23.78749],[-15.73867,23.80056],[-15.73489,23.8075],[-15.72651,23.81267],[-15.72934,23.81223],[-15.72916,23.81258],[-15.71918,23.81499],[-15.70957,23.82202],[-15.70764,23.83042],[-15.70907,23.83532],[-15.71647,23.83407],[-15.7167,23.83235],[-15.71689,23.83421],[-15.72117,23.83504],[-15.73267,23.82653],[-15.73617,23.82875],[-15.73901,23.82743],[-15.7423,23.82165],[-15.74106,23.81711],[-15.74252,23.8141],[-15.74515,23.8204],[-15.74958,23.81771],[-15.74577,23.82703],[-15.74236,23.83005],[-15.74212,23.83831],[-15.73942,23.84134],[-15.73467,23.86173],[-15.74416,23.88864],[-15.74959,23.89557],[-15.7551,23.89851],[-15.76162,23.8981],[-15.76811,23.88858],[-15.76878,23.89186],[-15.76552,23.89457],[-15.76291,23.90413],[-15.7712,23.89015],[-15.77263,23.89814],[-15.76384,23.91307],[-15.76407,23.92125],[-15.76899,23.92067],[-15.78217,23.90811],[-15.78566,23.90044],[-15.79382,23.8985],[-15.80109,23.88028],[-15.8027,23.88264],[-15.80834,23.87845],[-15.80746,23.88084],[-15.81298,23.8798],[-15.81443,23.88192],[-15.81677,23.88037],[-15.81556,23.88242],[-15.81981,23.88363],[-15.82032,23.88087],[-15.82095,23.8827],[-15.8221,23.87955],[-15.82432,23.87995],[-15.82468,23.87771],[-15.83531,23.87084],[-15.83642,23.86756],[-15.84017,23.86645],[-15.85062,23.85476],[-15.86397,23.83132],[-15.86594,23.83103],[-15.8652,23.83441],[-15.8663,23.83131],[-15.8733,23.82891],[-15.8783,23.82255],[-15.88476,23.80526],[-15.8896,23.80269],[-15.89486,23.79588],[-15.89627,23.78796],[-15.89934,23.78434],[-15.89852,23.77867],[-15.90217,23.77464],[-15.90068,23.7709],[-15.90634,23.76779],[-15.90509,23.76299],[-15.90738,23.7621],[-15.90632,23.75089],[-15.90974,23.74662],[-15.90903,23.73884],[-15.91357,23.73511],[-15.91803,23.72065],[-15.91641,23.71614],[-15.92242,23.71018],[-15.9248,23.70375],[-15.9238,23.70074],[-15.93004,23.69813],[-15.93903,23.68292],[-15.96775,23.66249],[-15.97065,23.65474],[-15.97359,23.6552],[-15.97879,23.64721],[-15.98341,23.63655],[-15.986,23.63409],[-15.9883,23.63499],[-15.98577,23.63139],[-15.9841,23.63183],[-15.98418,23.62695],[-15.99437,23.63292],[-16.00057,23.63243],[-16.00665,23.64177],[-16.00518,23.64901],[-15.98638,23.67304],[-15.98385,23.67976],[-15.96913,23.69022],[-15.96064,23.69996],[-15.95728,23.70638],[-15.95935,23.71776],[-15.95626,23.72572],[-15.93401,23.74249],[-15.9239,23.75731],[-15.92189,23.76485],[-15.92558,23.76865],[-15.92281,23.77777],[-15.91693,23.78978],[-15.9154,23.79952],[-15.90345,23.81917],[-15.87653,23.84522],[-15.84324,23.88537],[-15.83346,23.89447],[-15.80871,23.91069],[-15.80304,23.91813],[-15.80481,23.92206],[-15.7892,23.92884],[-15.74717,23.95914],[-15.68892,23.98588],[-15.68513,23.98991],[-15.68953,23.99547],[-15.69354,23.99582],[-15.69781,23.9933],[-15.69071,23.99821],[-15.69147,23.99977],[-15.68331,23.99004],[-15.6763,23.99168],[-15.65882,24.00048],[-15.65612,24.00479],[-15.63229,24.01661],[-15.59148,24.04525],[-15.57797,24.06354],[-15.57682,24.07012],[-15.57984,24.07414],[-15.58339,24.07442],[-15.5832,24.07789],[-15.57256,24.09465],[-15.55276,24.10408],[-15.53205,24.12131],[-15.52259,24.13366],[-15.52022,24.14402],[-15.50174,24.15593],[-15.4868,24.17027],[-15.47562,24.18539],[-15.41641,24.24054],[-15.39654,24.25618],[-15.36693,24.27247],[-15.32701,24.30678],[-15.31218,24.32744],[-15.29729,24.34068],[-15.27598,24.36761],[-15.25141,24.4059],[-15.22715,24.42984],[-15.22073,24.43962],[-15.18788,24.46376],[-15.16942,24.4851],[-15.14497,24.5004],[-15.04472,24.53636],[-15.01094,24.5553],[-15.00181,24.57025],[-15.0018,24.5839],[-14.99151,24.59889],[-14.98709,24.62882],[-14.9782,24.63602],[-14.94397,24.65134],[-14.90491,24.68323],[-14.89861,24.67397],[-14.88649,24.64254],[-14.86714,24.62211],[-14.8257,24.59007],[-14.78525,24.55486],[-14.74738,24.5443],[-14.70444,24.5383],[-14.66376,24.52589],[-14.6217,24.49873],[-14.60934,24.475],[-14.59046,24.45451],[-14.56317,24.43267],[-14.50611,24.41613],[-14.34197,24.46475],[-14.30482,24.47311],[-14.23907,24.47759],[-14.07589,24.48397],[-13.99297,24.47028],[-13.81152,24.42824],[-13.7348,24.39989],[-13.68897,24.39051],[-13.51335,24.43356],[-13.43713,24.46669],[-13.295,24.51271],[-13.12025,24.52723],[-13.05159,24.51568],[-12.88662,24.48162],[-12.85552,24.46929],[-12.73037,24.42722],[-12.68522,24.40726],[-12.63508,24.38949],[-12.61125,24.38325],[-12.58121,24.38006],[-12.53947,24.38359],[-12.35955,24.41968],[-12.31934,24.43286],[-12.26426,24.43854],[-12.20216,24.4322],[-12.11303,24.4159],[-12.0,24.38543],[-12.00028,23.45444],[-12.15583,23.41639],[-12.36583,23.31861],[-12.57139,23.29139],[-12.99833,23.02472],[-13.10528,22.89306],[-13.15029,22.75751],[-13.08399,22.53667],[-13.07563,22.45731],[-12.99964,21.33672],[-13.56,21.34111],[-14.10194,21.3425],[-15.09722,21.33694],[-16.51306,21.33972],[-16.92545,21.33433],[-16.92519,21.34514],[-16.95084,21.34333],[-16.95323,21.34246],[-16.94776,21.33349],[-16.9936,21.13782],[-17.01056,21.09167],[-17.0275,21.06694],[-17.03356,21.05325],[-17.03733,21.02953],[-17.03806,21.00417],[-17.05064,20.95554],[-17.05356,20.93139],[-17.06138,20.91281],[-17.06758,20.88992],[-17.05944,20.80833],[-17.05005,20.76993],[-17.0584,20.77952],[-17.06188,20.78982],[-17.06627,20.79162],[-17.06881,20.80289],[-17.07201,20.80504],[-17.0738,20.81237],[-17.07798,20.81506],[-17.0827,20.82611],[-17.08632,20.82855],[-17.08941,20.82687],[-17.09302,20.8285],[-17.09479,20.82599],[-17.09903,20.83341],[-17.10254,20.83547],[-17.10463,20.84386],[-17.10321,20.84905],[-17.08713,20.86478],[-17.07754,20.88749],[-17.08174,20.90145],[-17.08551,20.90386],[-17.086,20.9096],[-17.09131,20.9119],[-17.09498,20.92285]]]}},{"type":"Feature","properties":{"country":"MA","region":"Rabat-Salé-Kénitra"},"geometry":{"type":"Polygon","coordinates":[[[-7.12249,33.83185],[-7.08568,33.85792],[-7.06975,33.86499],[-7.06432,33.86972],[-7.05293,33.87003],[-7.05215,33.87304],[-7.04778,33.87439],[-7.05191,33.87288],[-7.05218,33.87028],[-7.0499,33.87051],[-7.03395,33.87885],[-7.02945,33.87736],[-7.02753,33.88273],[-7.02224,33.88389],[-7.01365,33.8909],[-7.00269,33.89551],[-7.0014,33.89735],[-7.00312,33.90137],[-6.99847,33.90261],[-6.99667,33.90113],[-6.98926,33.90916],[-6.98181,33.91068],[-6.97746,33.91843],[-6.9752,33.91925],[-6.97508,33.91641],[-6.96833,33.92236],[-6.96362,33.9231],[-6.9602,33.9289],[-6.94844,33.93435],[-6.93424,33.94674],[-6.93152,33.94964],[-6.93489,33.94857],[-6.93229,33.95092],[-6.91272,33.96606],[-6.90712,33.97369],[-6.88971,33.98853],[-6.88804,33.9922],[-6.88385,33.99306],[-6.85243,34.02592],[-6.84664,34.0283],[-6.84517,34.03165],[-6.83962,34.03307],[-6.84021,34.03781],[-6.83924,34.03455],[-6.83584,34.03552],[-6.83159,34.02836],[-6.82411,34.02679],[-6.83301,34.03092],[-6.83126,34.03202],[-6.83556,34.0367],[-6.83376,34.03557],[-6.83315,34.03861],[-6.83578,34.03883],[-6.83316,34.03887],[-6.83343,34.04121],[-6.83391,34.03904],[-6.83842,34.03976],[-6.83414,34.03935],[-6.83409,34.04221],[-6.83098,34.0467],[-6.81602,34.06335],[-6.81417,34.06202],[-6.81431,34.06415],[-6.80854,34.06537],[-6.81016,34.06766],[-6.80747,34.068],[-6.80807,34.0714],[-6.8044,34.07032],[-6.78873,34.08541],[-6.78228,34.09338],[-6.78299,34.09501],[-6.77618,34.10075],[-6.77642,34.10437],[-6.7722,34.10507],[-6.77084,34.10948],[-6.76703,34.11122],[-6.72144,34.17128],[-6.70528,34.19844],[-6.67931,34.2575],[-6.67909,34.26072],[-6.68669,34.26305],[-6.67656,34.26087],[-6.66589,34.26164],[-6.65765,34.26732],[-6.64803,34.27035],[-6.6529,34.27499],[-6.66948,34.26571],[-6.67786,34.26504],[-6.68452,34.26697],[-6.67584,34.26523],[-6.65362,34.29814],[-6.53829,34.45047],[-6.49915,34.51193],[-6.39031,34.69781],[-6.30497,34.86437],[-6.29933,34.86965],[-6.30143,34.86992],[-6.30132,34.87233],[-6.29561,34.88588],[-6.24311,35.00205],[-6.21767,34.99429],[-6.21305,34.99633],[-6.21336,35.00066],[-6.21003,35.00097],[-6.20347,34.99487],[-6.19771,34.99811],[-6.19164,34.9922],[-6.16154,34.9892],[-6.13913,34.9999],[-6.13507,35.00509],[-6.13177,35.00492],[-6.12949,35.01291],[-6.12453,35.01716],[-6.12057,35.01735],[-6.11786,35.01422],[-6.1113,35.01789],[-6.10745,35.01351],[-6.10088,35.01717],[-6.0963,35.01154],[-6.09316,35.01336],[-6.08029,35.00242],[-6.0824,34.9891],[-6.07934,34.98752],[-6.0743,34.97805],[-6.08269,34.96381],[-6.08046,34.96238],[-6.0702,34.97112],[-6.04529,34.98345],[-6.02583,34.98262],[-6.02203,34.98039],[-6.00555,34.98742],[-5.99785,34.99424],[-5.98059,35.001],[-5.97445,34.99566],[-5.97586,34.99158],[-5.97357,34.98898],[-5.96776,34.99209],[-5.96622,34.98933],[-5.95741,34.9857],[-5.95667,34.97756],[-5.96569,34.97108],[-5.95635,34.96479],[-5.94877,34.96308],[-5.95489,34.95916],[-5.95241,34.95361],[-5.95696,34.94828],[-5.95793,34.94213],[-5.94754,34.94779],[-5.9399,34.94881],[-5.93813,34.95273],[-5.93483,34.95255],[-5.93275,34.94893],[-5.90678,34.95007],[-5.90453,34.94213],[-5.90071,34.9381],[-5.8913,34.93796],[-5.87567,34.93235],[-5.87146,34.93698],[-5.85566,34.93921],[-5.8538,34.93769],[-5.83268,34.94397],[-5.82984,34.94147],[-5.83063,34.93765],[-5.82504,34.93722],[-5.81373,34.94122],[-5.79844,34.93283],[-5.79699,34.9369],[-5.79295,34.9384],[-5.79068,34.93009],[-5.78563,34.92636],[-5.78352,34.92772],[-5.78498,34.93317],[-5.78326,34.9342],[-5.77779,34.93082],[-5.77213,34.9316],[-5.76994,34.92438],[-5.76005,34.91721],[-5.76822,34.9175],[-5.77092,34.91343],[-5.7775,34.91136],[-5.77641,34.88932],[-5.78353,34.87536],[-5.77782,34.8678],[-5.77795,34.86021],[-5.78179,34.85252],[-5.77993,34.84914],[-5.79171,34.83859],[-5.78949,34.83131],[-5.79773,34.82571],[-5.79235,34.81765],[-5.78378,34.81162],[-5.78724,34.80334],[-5.78008,34.79932],[-5.78349,34.79433],[-5.77969,34.7843],[-5.76532,34.77826],[-5.75643,34.7715],[-5.75803,34.76234],[-5.76882,34.74953],[-5.77362,34.7357],[-5.75905,34.72945],[-5.76066,34.7265],[-5.74985,34.72741],[-5.74084,34.72279],[-5.73097,34.72209],[-5.73129,34.71735],[-5.73644,34.71401],[-5.72493,34.70998],[-5.72158,34.70008],[-5.70825,34.68955],[-5.70402,34.68847],[-5.68296,34.6969],[-5.67222,34.70986],[-5.67221,34.71408],[-5.66847,34.71463],[-5.67057,34.73371],[-5.66526,34.73691],[-5.64814,34.74045],[-5.6421,34.73979],[-5.62996,34.73137],[-5.6314,34.72587],[-5.61726,34.72646],[-5.61518,34.7298],[-5.60839,34.72153],[-5.60382,34.72497],[-5.60204,34.72309],[-5.60253,34.71725],[-5.59648,34.7226],[-5.59747,34.72482],[-5.5952,34.72867],[-5.5911,34.72784],[-5.58571,34.72329],[-5.58571,34.71985],[-5.57445,34.71427],[-5.57667,34.70864],[-5.57431,34.70409],[-5.57432,34.69509],[-5.56669,34.69573],[-5.55374,34.69059],[-5.54816,34.67361],[-5.55254,34.67013],[-5.54438,34.66833],[-5.54334,34.66511],[-5.52468,34.66767],[-5.52339,34.663],[-5.52591,34.64952],[-5.52429,34.64129],[-5.52015,34.64021],[-5.50559,34.64589],[-5.49659,34.64336],[-5.49416,34.63972],[-5.49642,34.63328],[-5.4946,34.63183],[-5.48925,34.63062],[-5.48392,34.63243],[-5.47699,34.63026],[-5.46927,34.63406],[-5.45732,34.63244],[-5.45068,34.62633],[-5.4477,34.62604],[-5.44496,34.61894],[-5.43529,34.61172],[-5.43591,34.60883],[-5.42858,34.60876],[-5.4257,34.60094],[-5.41841,34.60354],[-5.41203,34.60221],[-5.4112,34.59989],[-5.41326,34.59806],[-5.41049,34.59718],[-5.41132,34.59223],[-5.41583,34.58326],[-5.42939,34.57361],[-5.43201,34.56584],[-5.43064,34.5622],[-5.43954,34.55857],[-5.42935,34.55036],[-5.43178,34.54405],[-5.42733,34.53716],[-5.4227,34.53774],[-5.40677,34.54633],[-5.38133,34.53769],[-5.36678,34.53621],[-5.31388,34.51148],[-5.33135,34.50598],[-5.3374,34.49399],[-5.34413,34.4895],[-5.34497,34.48638],[-5.34929,34.48615],[-5.33364,34.48055],[-5.34301,34.47386],[-5.34467,34.46769],[-5.34146,34.46404],[-5.34213,34.45908],[-5.34826,34.4522],[-5.3545,34.44903],[-5.37143,34.45703],[-5.38183,34.45375],[-5.37695,34.44959],[-5.38213,34.44577],[-5.38191,34.43867],[-5.38721,34.42989],[-5.38933,34.41632],[-5.39899,34.41117],[-5.40221,34.40344],[-5.41265,34.40624],[-5.41461,34.40507],[-5.41374,34.40095],[-5.42089,34.4038],[-5.42706,34.40262],[-5.42901,34.40093],[-5.42805,34.39942],[-5.43684,34.39917],[-5.45728,34.39096],[-5.45681,34.39297],[-5.46158,34.39396],[-5.46904,34.39264],[-5.47249,34.38259],[-5.49313,34.3798],[-5.502,34.37001],[-5.50235,34.37231],[-5.50672,34.37135],[-5.50996,34.37518],[-5.52361,34.38055],[-5.52991,34.37106],[-5.53226,34.36466],[-5.53081,34.36329],[-5.52713,34.36516],[-5.51874,34.3646],[-5.52006,34.35974],[-5.51714,34.35649],[-5.51389,34.35635],[-5.50672,34.35009],[-5.49309,34.34414],[-5.49242,34.34045],[-5.50069,34.33796],[-5.50444,34.33313],[-5.50477,34.32379],[-5.50031,34.31856],[-5.48766,34.31334],[-5.48805,34.32193],[-5.48236,34.32588],[-5.47668,34.32142],[-5.47189,34.3136],[-5.46426,34.31976],[-5.45953,34.31041],[-5.44408,34.30207],[-5.44332,34.29985],[-5.44736,34.29785],[-5.44606,34.29327],[-5.44119,34.29276],[-5.43873,34.27976],[-5.43556,34.27941],[-5.43232,34.27365],[-5.42988,34.26167],[-5.42255,34.25674],[-5.42094,34.25324],[-5.42274,34.24806],[-5.42964,34.25026],[-5.4362,34.2335],[-5.45091,34.23472],[-5.464,34.22619],[-5.47372,34.21206],[-5.4641,34.19134],[-5.44311,34.18454],[-5.45645,34.16507],[-5.46416,34.1651],[-5.46887,34.15608],[-5.469,34.14743],[-5.49089,34.1572],[-5.50352,34.15114],[-5.53148,34.15988],[-5.53457,34.13716],[-5.54213,34.1292],[-5.58198,34.10783],[-5.59449,34.1074],[-5.60216,34.11457],[-5.60447,34.12015],[-5.61126,34.12277],[-5.62689,34.12186],[-5.64191,34.12558],[-5.64833,34.11941],[-5.68403,34.11853],[-5.70455,34.12094],[-5.70658,34.14487],[-5.70134,34.17396],[-5.70783,34.17368],[-5.73041,34.16255],[-5.74404,34.15924],[-5.75143,34.15968],[-5.75098,34.16708],[-5.76258,34.16714],[-5.7637,34.16302],[-5.76797,34.16289],[-5.79338,34.21103],[-5.79517,34.19061],[-5.82948,34.18859],[-5.82442,34.17181],[-5.81439,34.15775],[-5.856,34.14266],[-5.87987,34.12023],[-5.8803,34.10962],[-5.88311,34.10319],[-5.85425,34.06446],[-5.83197,34.04986],[-5.8123,34.04566],[-5.7987,34.02423],[-5.81023,34.0202],[-5.8134,34.0135],[-5.80094,34.0018],[-5.79652,33.99441],[-5.77614,33.98107],[-5.76775,33.96477],[-5.75258,33.94623],[-5.75705,33.94105],[-5.75289,33.93795],[-5.76293,33.92789],[-5.774,33.92869],[-5.77365,33.9179],[-5.77789,33.91655],[-5.78155,33.90404],[-5.77798,33.89586],[-5.78952,33.89565],[-5.80085,33.89169],[-5.79797,33.88706],[-5.80747,33.8749],[-5.80514,33.86956],[-5.79001,33.85566],[-5.78585,33.85816],[-5.78256,33.85305],[-5.77502,33.85364],[-5.76747,33.85078],[-5.75323,33.83745],[-5.76336,33.81487],[-5.73407,33.80451],[-5.72257,33.79139],[-5.71459,33.78569],[-5.72044,33.76954],[-5.73229,33.75291],[-5.74171,33.70628],[-5.76319,33.69123],[-5.78546,33.66722],[-5.7776,33.6521],[-5.79177,33.61088],[-5.80431,33.60632],[-5.78611,33.57237],[-5.78044,33.55424],[-5.78345,33.53593],[-5.77972,33.51494],[-5.81461,33.49884],[-5.81847,33.49249],[-5.82367,33.49222],[-5.82235,33.48879],[-5.81639,33.48904],[-5.81658,33.48649],[-5.81294,33.48246],[-5.80083,33.47648],[-5.79214,33.48041],[-5.78543,33.47516],[-5.79417,33.45852],[-5.79477,33.45293],[-5.80669,33.43258],[-5.81621,33.42698],[-5.81621,33.41951],[-5.80969,33.41006],[-5.80611,33.39891],[-5.80754,33.37507],[-5.81706,33.36101],[-5.79575,33.34254],[-5.79437,33.33617],[-5.78374,33.33815],[-5.77417,33.33407],[-5.78812,33.32773],[-5.81214,33.30906],[-5.82645,33.30536],[-5.82994,33.3067],[-5.83229,33.31093],[-5.85907,33.31],[-5.86403,33.31361],[-5.86575,33.31084],[-5.86862,33.31275],[-5.87961,33.31048],[-5.88694,33.31529],[-5.9107,33.31397],[-5.912,33.31717],[-5.9169,33.3188],[-5.91114,33.32917],[-5.91729,33.32882],[-5.92199,33.32452],[-5.92381,33.31775],[-5.92605,33.32594],[-5.9355,33.33208],[-5.94777,33.3192],[-5.96037,33.32762],[-5.96332,33.33203],[-5.97566,33.3197],[-5.97973,33.32035],[-5.97781,33.31918],[-5.98994,33.31912],[-5.99375,33.32157],[-5.99741,33.32963],[-6.0037,33.32937],[-6.00886,33.32257],[-6.00929,33.3114],[-6.01471,33.30599],[-6.06227,33.27834],[-6.06596,33.28046],[-6.06438,33.28502],[-6.07738,33.2893],[-6.07327,33.29344],[-6.07592,33.29556],[-6.08107,33.29542],[-6.08163,33.30191],[-6.09004,33.30065],[-6.09609,33.29467],[-6.10369,33.30022],[-6.12047,33.29474],[-6.12896,33.29721],[-6.13274,33.29904],[-6.13145,33.30051],[-6.13497,33.30076],[-6.13227,33.30299],[-6.13707,33.30539],[-6.1345,33.30779],[-6.14038,33.31124],[-6.13686,33.31396],[-6.13935,33.32371],[-6.13639,33.32772],[-6.14609,33.33139],[-6.15199,33.34094],[-6.15059,33.34595],[-6.15319,33.35032],[-6.153,33.35858],[-6.15134,33.36561],[-6.14598,33.36654],[-6.14896,33.37645],[-6.14705,33.37801],[-6.15145,33.37883],[-6.15967,33.37487],[-6.16327,33.38019],[-6.16566,33.37989],[-6.15774,33.38892],[-6.15903,33.39368],[-6.16001,33.39171],[-6.16724,33.3911],[-6.16774,33.38829],[-6.17291,33.38853],[-6.17978,33.39125],[-6.18214,33.39376],[-6.18117,33.39653],[-6.18512,33.39605],[-6.19087,33.40142],[-6.19259,33.39954],[-6.1967,33.40271],[-6.20439,33.40388],[-6.2043,33.41004],[-6.20962,33.41545],[-6.20491,33.42503],[-6.20643,33.42814],[-6.21252,33.42487],[-6.22436,33.42831],[-6.22557,33.42568],[-6.25024,33.4183],[-6.2709,33.42882],[-6.28015,33.42527],[-6.29135,33.42663],[-6.28084,33.45743],[-6.29585,33.46548],[-6.30636,33.46783],[-6.31559,33.4668],[-6.31787,33.46815],[-6.31752,33.47093],[-6.33077,33.47914],[-6.34275,33.48236],[-6.3502,33.48107],[-6.36621,33.48315],[-6.37055,33.47893],[-6.37128,33.47399],[-6.36924,33.47126],[-6.37149,33.46483],[-6.36669,33.45771],[-6.36869,33.45047],[-6.36754,33.41425],[-6.37668,33.4088],[-6.37599,33.39516],[-6.3786,33.39242],[-6.39318,33.38228],[-6.40068,33.38562],[-6.3981,33.37771],[-6.40299,33.37348],[-6.40746,33.37285],[-6.40354,33.36971],[-6.40408,33.36471],[-6.41067,33.36427],[-6.41186,33.36128],[-6.39743,33.35383],[-6.39111,33.34647],[-6.39967,33.3428],[-6.40403,33.33802],[-6.40404,33.33197],[-6.40675,33.32853],[-6.41682,33.3225],[-6.41136,33.32046],[-6.4062,33.31357],[-6.40871,33.31006],[-6.40834,33.30636],[-6.40443,33.30422],[-6.4043,33.29867],[-6.40047,33.29584],[-6.40367,33.29251],[-6.40147,33.29022],[-6.3916,33.29426],[-6.39567,33.28932],[-6.39452,33.2844],[-6.3973,33.27973],[-6.39353,33.2783],[-6.39276,33.2746],[-6.38147,33.27488],[-6.37965,33.26476],[-6.3827,33.26367],[-6.3802,33.26049],[-6.38258,33.25286],[-6.394,33.24829],[-6.39555,33.24515],[-6.39445,33.23956],[-6.40777,33.23848],[-6.4123,33.23245],[-6.41112,33.2282],[-6.41352,33.2245],[-6.42073,33.22426],[-6.42615,33.22851],[-6.43002,33.2279],[-6.43914,33.2184],[-6.44025,33.21291],[-6.43877,33.20675],[-6.43278,33.20455],[-6.43281,33.20232],[-6.4444,33.20106],[-6.4511,33.20332],[-6.45375,33.19207],[-6.46747,33.18634],[-6.47954,33.17479],[-6.48448,33.17447],[-6.48628,33.17868],[-6.49194,33.17879],[-6.49837,33.16914],[-6.51699,33.16692],[-6.52134,33.1624],[-6.55304,33.16344],[-6.56332,33.17409],[-6.5673,33.17444],[-6.57007,33.178],[-6.58197,33.17956],[-6.60264,33.19463],[-6.61373,33.19449],[-6.62131,33.19976],[-6.61993,33.20655],[-6.65726,33.22165],[-6.68726,33.20989],[-6.69676,33.20913],[-6.70712,33.2048],[-6.71574,33.20585],[-6.72264,33.20262],[-6.73802,33.20397],[-6.74459,33.20873],[-6.7475,33.21688],[-6.76746,33.2188],[-6.7863,33.21722],[-6.79621,33.2284],[-6.79613,33.23364],[-6.80741,33.23829],[-6.81628,33.23858],[-6.82315,33.23582],[-6.82642,33.23779],[-6.8382,33.23036],[-6.83419,33.23922],[-6.83175,33.25839],[-6.82864,33.26253],[-6.82431,33.27717],[-6.82474,33.2867],[-6.82906,33.29649],[-6.84016,33.29976],[-6.82805,33.31019],[-6.82908,33.33601],[-6.81163,33.35762],[-6.81133,33.36669],[-6.81582,33.37149],[-6.80727,33.3821],[-6.81921,33.40282],[-6.82026,33.41853],[-6.83535,33.40946],[-6.84366,33.41096],[-6.84724,33.41651],[-6.85335,33.41853],[-6.86164,33.43166],[-6.86346,33.43973],[-6.84692,33.45749],[-6.84421,33.46263],[-6.84423,33.46885],[-6.83634,33.4725],[-6.82965,33.4699],[-6.82758,33.47094],[-6.82483,33.48082],[-6.81032,33.49542],[-6.78691,33.50573],[-6.7854,33.50515],[-6.78627,33.50266],[-6.78134,33.50284],[-6.7799,33.50684],[-6.78232,33.5095],[-6.77347,33.50724],[-6.77531,33.51336],[-6.76916,33.51551],[-6.76879,33.51852],[-6.76413,33.51881],[-6.76523,33.52088],[-6.7613,33.52144],[-6.76603,33.52345],[-6.77024,33.52242],[-6.76862,33.52613],[-6.77128,33.52648],[-6.76782,33.53194],[-6.77217,33.53196],[-6.77233,33.53902],[-6.76812,33.53857],[-6.76577,33.54316],[-6.76425,33.54054],[-6.76189,33.5425],[-6.76428,33.547],[-6.77133,33.54785],[-6.77369,33.5457],[-6.7767,33.55162],[-6.77833,33.55043],[-6.77972,33.55268],[-6.78535,33.54939],[-6.79455,33.55071],[-6.81047,33.54712],[-6.83495,33.54912],[-6.83961,33.54628],[-6.85858,33.54604],[-6.86289,33.5493],[-6.87109,33.56847],[-6.88124,33.56834],[-6.88057,33.57401],[-6.89032,33.578],[-6.89289,33.57306],[-6.9015,33.56643],[-6.90625,33.57015],[-6.9046,33.57726],[-6.90624,33.58666],[-6.90975,33.58627],[-6.91638,33.58066],[-6.92309,33.59056],[-6.94823,33.60119],[-6.96481,33.60155],[-6.97048,33.59794],[-6.96862,33.59541],[-6.97127,33.58951],[-6.97982,33.5943],[-6.98589,33.59035],[-6.9904,33.59019],[-6.99198,33.5995],[-6.98909,33.60381],[-6.99228,33.61004],[-6.99902,33.60935],[-7.00393,33.61623],[-7.00332,33.62616],[-6.99458,33.63204],[-7.00381,33.64563],[-7.00471,33.65482],[-7.00956,33.65571],[-7.01561,33.67678],[-7.0201,33.6815],[-7.02634,33.68342],[-7.0221,33.6868],[-7.02552,33.69254],[-7.02142,33.70112],[-7.0211,33.70696],[-7.02597,33.71827],[-7.02477,33.72161],[-7.02943,33.72816],[-7.02931,33.73404],[-7.03462,33.74213],[-7.0368,33.75325],[-7.03554,33.75564],[-7.03874,33.75914],[-7.03753,33.76442],[-7.0424,33.77122],[-7.04787,33.77114],[-7.04903,33.77546],[-7.059,33.78393],[-7.05819,33.8017],[-7.06928,33.80251],[-7.07186,33.79867],[-7.08501,33.79313],[-7.09459,33.79473],[-7.09597,33.80004],[-7.10258,33.80299],[-7.10446,33.80929],[-7.10826,33.81074],[-7.10877,33.8143],[-7.11201,33.81629],[-7.11142,33.81845],[-7.11533,33.82019],[-7.12249,33.83185]]]}},{"type":"Feature","properties":{"country":"MA","region":"Fès-Meknès"},"geometry":{"type":"Polygon","coordinates":[[[-5.88311,34.10319],[-5.8803,34.10962],[-5.87987,34.12023],[-5.856,34.14266],[-5.81439,34.15775],[-5.82442,34.17181],[-5.82948,34.18859],[-5.79517,34.19061],[-5.79338,34.21103],[-5.76797,34.16289],[-5.7637,34.16302],[-5.76258,34.16714],[-5.75098,34.16708],[-5.75143,34.15968],[-5.74404,34.15924],[-5.73041,34.16255],[-5.70783,34.17368],[-5.70134,34.17396],[-5.70658,34.14487],[-5.70455,34.12094],[-5.68403,34.11853],[-5.64833,34.11941],[-5.64191,34.12558],[-5.62689,34.12186],[-5.61126,34.12277],[-5.60447,34.12015],[-5.60216,34.11457],[-5.59449,34.1074],[-5.58198,34.10783],[-5.54213,34.1292],[-5.53457,34.13716],[-5.53148,34.15988],[-5.50352,34.15114],[-5.49089,34.1572],[-5.469,34.14743],[-5.46887,34.15608],[-5.46416,34.1651],[-5.45645,34.16507],[-5.44311,34.18454],[-5.4641,34.19134],[-5.47372,34.21206],[-5.464,34.22619],[-5.45091,34.23472],[-5.4362,34.2335],[-5.42964,34.25026],[-5.42274,34.24806],[-5.42094,34.25324],[-5.42255,34.25674],[-5.42988,34.26167],[-5.43232,34.27365],[-5.43556,34.27941],[-5.43873,34.27976],[-5.44119,34.29276],[-5.44606,34.29327],[-5.44736,34.29785],[-5.44332,34.29985],[-5.44408,34.30207],[-5.45953,34.31041],[-5.46426,34.31976],[-5.47189,34.3136],[-5.47668,34.32142],[-5.48236,34.32588],[-5.48805,34.32193],[-5.48766,34.31334],[-5.50031,34.31856],[-5.50477,34.32379],[-5.50444,34.33313],[-5.50069,34.33796],[-5.49242,34.34045],[-5.49309,34.34414],[-5.50672,34.35009],[-5.51389,34.35635],[-5.51714,34.35649],[-5.52006,34.35974],[-5.51874,34.3646],[-5.52713,34.36516],[-5.53081,34.36329],[-5.53226,34.36466],[-5.52991,34.37106],[-5.52361,34.38055],[-5.50996,34.37518],[-5.50672,34.37135],[-5.50235,34.37231],[-5.502,34.37001],[-5.49313,34.3798],[-5.47249,34.38259],[-5.46904,34.39264],[-5.46158,34.39396],[-5.45681,34.39297],[-5.45728,34.39096],[-5.43684,34.39917],[-5.42805,34.39942],[-5.42901,34.40093],[-5.42706,34.40262],[-5.42089,34.4038],[-5.41374,34.40095],[-5.41461,34.40507],[-5.41265,34.40624],[-5.40221,34.40344],[-5.39899,34.41117],[-5.38933,34.41632],[-5.38721,34.42989],[-5.38191,34.43867],[-5.38213,34.44577],[-5.37695,34.44959],[-5.38183,34.45375],[-5.37143,34.45703],[-5.3545,34.44903],[-5.34826,34.4522],[-5.34213,34.45908],[-5.34146,34.46404],[-5.34467,34.46769],[-5.34301,34.47386],[-5.33364,34.48055],[-5.34929,34.48615],[-5.34497,34.48638],[-5.34413,34.4895],[-5.3374,34.49399],[-5.33525,34.5012],[-5.32884,34.50752],[-5.31388,34.51148],[-5.30394,34.50614],[-5.29509,34.50488],[-5.28352,34.51549],[-5.25769,34.53143],[-5.26386,34.54566],[-5.25998,34.55204],[-5.24432,34.554],[-5.23573,34.55832],[-5.23121,34.56431],[-5.22497,34.56569],[-5.20989,34.56174],[-5.207,34.55707],[-5.20191,34.55599],[-5.19851,34.5497],[-5.19522,34.54962],[-5.19042,34.55831],[-5.18068,34.55564],[-5.17855,34.55767],[-5.17593,34.56334],[-5.17911,34.57015],[-5.17449,34.57207],[-5.17334,34.57508],[-5.18126,34.59131],[-5.17917,34.62056],[-5.17545,34.63898],[-5.17907,34.6552],[-5.18512,34.65967],[-5.18828,34.66967],[-5.18567,34.67422],[-5.1878,34.68028],[-5.18452,34.68187],[-5.18564,34.6847],[-5.17905,34.69769],[-5.18122,34.7015],[-5.18586,34.70168],[-5.18733,34.70489],[-5.18622,34.70861],[-5.17963,34.7088],[-5.18553,34.71416],[-5.18471,34.7214],[-5.18688,34.72148],[-5.1882,34.72642],[-5.18129,34.73494],[-5.16931,34.7396],[-5.1651,34.74269],[-5.16278,34.74836],[-5.1593,34.74853],[-5.16174,34.75972],[-5.15765,34.76768],[-5.15208,34.77203],[-5.14641,34.77024],[-5.14273,34.77315],[-5.13125,34.76685],[-5.12589,34.77021],[-5.12183,34.77798],[-5.11745,34.77637],[-5.1035,34.78149],[-5.09762,34.78006],[-5.08897,34.78684],[-5.07736,34.7906],[-5.07279,34.79498],[-5.05882,34.79248],[-5.05239,34.80011],[-5.04122,34.80645],[-5.03015,34.80405],[-5.03023,34.79924],[-5.01691,34.7912],[-5.01115,34.79536],[-4.99613,34.79318],[-4.98837,34.79439],[-4.97904,34.80024],[-4.97775,34.79824],[-4.96981,34.8004],[-4.96732,34.80562],[-4.94979,34.80654],[-4.93686,34.81182],[-4.93202,34.81112],[-4.93104,34.80777],[-4.92752,34.81186],[-4.92357,34.80871],[-4.92014,34.81017],[-4.91801,34.80749],[-4.9161,34.81184],[-4.91295,34.8101],[-4.9123,34.8119],[-4.90904,34.81179],[-4.90868,34.81489],[-4.90402,34.81477],[-4.90259,34.82019],[-4.88914,34.82423],[-4.88552,34.82781],[-4.88362,34.82547],[-4.87965,34.82749],[-4.87455,34.82592],[-4.87103,34.82818],[-4.86919,34.8249],[-4.86719,34.82606],[-4.86537,34.82433],[-4.86133,34.82703],[-4.86254,34.82385],[-4.85856,34.82247],[-4.85174,34.82517],[-4.84259,34.82448],[-4.8348,34.82039],[-4.83238,34.82498],[-4.83456,34.82819],[-4.81776,34.82873],[-4.81529,34.83688],[-4.80573,34.83555],[-4.7953,34.83979],[-4.80368,34.82456],[-4.7985,34.81581],[-4.79155,34.81299],[-4.78597,34.79101],[-4.78597,34.78391],[-4.79082,34.76995],[-4.78404,34.7627],[-4.78517,34.75384],[-4.77545,34.75373],[-4.77142,34.74928],[-4.77529,34.74488],[-4.77428,34.74194],[-4.76139,34.73195],[-4.75414,34.7347],[-4.74785,34.73389],[-4.74034,34.72524],[-4.73682,34.72429],[-4.71994,34.72502],[-4.71658,34.73014],[-4.71444,34.72362],[-4.70492,34.7184],[-4.69852,34.71663],[-4.68872,34.71782],[-4.67683,34.7159],[-4.67237,34.71841],[-4.66539,34.71698],[-4.66016,34.71095],[-4.64812,34.7051],[-4.64213,34.709],[-4.61582,34.71743],[-4.6143,34.72164],[-4.60077,34.72256],[-4.59951,34.7215],[-4.60127,34.71902],[-4.59861,34.72019],[-4.59354,34.71691],[-4.59018,34.71753],[-4.59124,34.7139],[-4.5877,34.71215],[-4.58897,34.70789],[-4.58311,34.69971],[-4.57818,34.70118],[-4.57804,34.68768],[-4.5742,34.68574],[-4.57384,34.68153],[-4.57016,34.68248],[-4.56099,34.69334],[-4.55419,34.69719],[-4.53253,34.70007],[-4.53141,34.70507],[-4.52392,34.69865],[-4.50894,34.69922],[-4.50428,34.69461],[-4.50313,34.68953],[-4.48197,34.68297],[-4.47802,34.67669],[-4.46034,34.67076],[-4.45429,34.66108],[-4.4387,34.65642],[-4.4466,34.66421],[-4.44563,34.68097],[-4.44025,34.68815],[-4.43693,34.68394],[-4.4288,34.68381],[-4.41453,34.68904],[-4.41295,34.69104],[-4.4255,34.70014],[-4.4229,34.70415],[-4.42519,34.70705],[-4.42048,34.70601],[-4.41778,34.70857],[-4.41277,34.71904],[-4.39571,34.71925],[-4.39733,34.72352],[-4.38688,34.72446],[-4.37751,34.7057],[-4.37562,34.70875],[-4.37038,34.70983],[-4.36043,34.70853],[-4.34339,34.71122],[-4.33336,34.70687],[-4.32607,34.71179],[-4.32421,34.71078],[-4.31887,34.72067],[-4.32122,34.72787],[-4.29611,34.74389],[-4.31072,34.75525],[-4.30672,34.75895],[-4.30529,34.76412],[-4.29657,34.77034],[-4.29274,34.77601],[-4.27954,34.78113],[-4.27051,34.78761],[-4.2583,34.80388],[-4.25138,34.80923],[-4.2372,34.80538],[-4.24171,34.79153],[-4.24064,34.78949],[-4.24468,34.78443],[-4.24162,34.77878],[-4.23487,34.77538],[-4.23827,34.77077],[-4.23482,34.76104],[-4.2226,34.75294],[-4.20918,34.75484],[-4.19973,34.75342],[-4.19531,34.74892],[-4.16829,34.75383],[-4.15917,34.7506],[-4.15645,34.74254],[-4.16046,34.73638],[-4.15593,34.73216],[-4.15182,34.7318],[-4.14044,34.73997],[-4.13898,34.7478],[-4.12896,34.75477],[-4.12027,34.75751],[-4.11485,34.75479],[-4.103,34.76486],[-4.09129,34.77018],[-4.08247,34.77936],[-4.07674,34.78112],[-4.06283,34.79138],[-4.06025,34.7963],[-4.05104,34.80448],[-4.04136,34.80437],[-4.04096,34.81075],[-4.03348,34.82346],[-4.03781,34.83056],[-4.02767,34.83333],[-4.02223,34.83094],[-4.02215,34.82807],[-4.01371,34.82587],[-4.01118,34.8267],[-4.00611,34.83936],[-3.99525,34.83847],[-3.97934,34.84285],[-3.95587,34.83969],[-3.944,34.84272],[-3.93771,34.83971],[-3.9329,34.84297],[-3.92892,34.84153],[-3.9303,34.84794],[-3.92466,34.84835],[-3.92404,34.85132],[-3.91732,34.84981],[-3.86414,34.86087],[-3.83779,34.87088],[-3.8331,34.88291],[-3.82605,34.89106],[-3.80765,34.89524],[-3.7951,34.88385],[-3.77924,34.88664],[-3.77946,34.89265],[-3.7765,34.89328],[-3.76131,34.88819],[-3.75426,34.88763],[-3.74291,34.89118],[-3.73527,34.88932],[-3.73617,34.88049],[-3.74834,34.87839],[-3.75162,34.87554],[-3.74935,34.86086],[-3.74036,34.86818],[-3.72317,34.86429],[-3.71154,34.86415],[-3.69678,34.87347],[-3.67531,34.86742],[-3.6665,34.86255],[-3.64769,34.8621],[-3.63632,34.8547],[-3.59083,34.84927],[-3.5895,34.83956],[-3.60739,34.82843],[-3.60916,34.82536],[-3.60345,34.81028],[-3.59121,34.80866],[-3.58718,34.80461],[-3.5862,34.79415],[-3.59209,34.7835],[-3.59416,34.75957],[-3.6069,34.75671],[-3.61036,34.74729],[-3.62286,34.73695],[-3.62301,34.73458],[-3.60793,34.71617],[-3.58001,34.7105],[-3.59934,34.70579],[-3.61053,34.70022],[-3.62656,34.70316],[-3.6422,34.7029],[-3.64542,34.66095],[-3.63105,34.65138],[-3.64858,34.64621],[-3.65261,34.64286],[-3.65063,34.64154],[-3.67278,34.62631],[-3.67877,34.62709],[-3.6849,34.62441],[-3.70538,34.63406],[-3.70928,34.63821],[-3.71048,34.6505],[-3.71512,34.6531],[-3.72194,34.65345],[-3.73078,34.65005],[-3.73784,34.64013],[-3.73743,34.63038],[-3.73245,34.62712],[-3.73147,34.62265],[-3.74177,34.62223],[-3.74876,34.61612],[-3.76282,34.61685],[-3.76819,34.61947],[-3.76289,34.60296],[-3.75389,34.59259],[-3.76515,34.58251],[-3.76818,34.57404],[-3.75805,34.56317],[-3.75644,34.5572],[-3.74485,34.54546],[-3.75952,34.53462],[-3.76202,34.5211],[-3.77414,34.51377],[-3.77779,34.50377],[-3.78454,34.49869],[-3.78327,34.49028],[-3.78917,34.48284],[-3.7949,34.48042],[-3.79674,34.47662],[-3.80678,34.47475],[-3.81314,34.46906],[-3.82062,34.46657],[-3.84152,34.46271],[-3.85101,34.46352],[-3.85944,34.46069],[-3.85951,34.45629],[-3.85019,34.44908],[-3.85517,34.44369],[-3.85226,34.43988],[-3.85279,34.4345],[-3.84935,34.43259],[-3.85371,34.42826],[-3.85586,34.42057],[-3.86328,34.41242],[-3.84571,34.40593],[-3.84439,34.40212],[-3.83985,34.40247],[-3.84429,34.39726],[-3.84281,34.39411],[-3.8391,34.39184],[-3.83358,34.39223],[-3.83601,34.38841],[-3.84549,34.38576],[-3.84408,34.38213],[-3.84867,34.37661],[-3.85788,34.37279],[-3.86674,34.36466],[-3.85629,34.36171],[-3.84858,34.3618],[-3.84163,34.36454],[-3.84137,34.35927],[-3.83783,34.35747],[-3.83573,34.35038],[-3.82886,34.34697],[-3.82899,34.34293],[-3.83854,34.32967],[-3.85803,34.31866],[-3.85697,34.3161],[-3.85382,34.3157],[-3.86219,34.30561],[-3.86652,34.30695],[-3.88242,34.30168],[-3.88726,34.30284],[-3.89269,34.30762],[-3.90687,34.30726],[-3.90686,34.29943],[-3.9138,34.29579],[-3.90673,34.2838],[-3.90678,34.27911],[-3.91365,34.27743],[-3.91292,34.27084],[-3.90825,34.2646],[-3.90995,34.25964],[-3.89674,34.2565],[-3.88854,34.25975],[-3.88433,34.25888],[-3.88258,34.25274],[-3.88392,34.247],[-3.8889,34.24111],[-3.88161,34.23566],[-3.8737,34.23351],[-3.88065,34.22832],[-3.88528,34.22791],[-3.88572,34.23159],[-3.88901,34.2319],[-3.89323,34.22839],[-3.89109,34.22575],[-3.88559,34.22348],[-3.87874,34.22478],[-3.86339,34.22149],[-3.85777,34.2222],[-3.85818,34.21891],[-3.85423,34.21623],[-3.81674,34.208],[-3.83313,34.18595],[-3.83012,34.17838],[-3.83235,34.17554],[-3.82922,34.15878],[-3.83408,34.14362],[-3.8336,34.13904],[-3.84423,34.11803],[-3.82386,34.10891],[-3.82544,34.10788],[-3.82726,34.08359],[-3.83038,34.0802],[-3.82958,34.06909],[-3.83877,34.06468],[-3.83918,34.05358],[-3.84842,34.04057],[-3.85609,34.03645],[-3.85877,34.02814],[-3.83709,34.0199],[-3.83144,34.01229],[-3.82564,34.0109],[-3.83104,34.00771],[-3.83613,34.00788],[-3.84119,33.99897],[-3.84534,34.0],[-3.85604,33.99335],[-3.86014,33.99433],[-3.86908,33.99124],[-3.86933,33.98875],[-3.86517,33.98539],[-3.8667,33.98213],[-3.87815,33.98526],[-3.88161,33.98331],[-3.88429,33.97549],[-3.88701,33.97351],[-3.89491,33.97547],[-3.89263,33.96878],[-3.89918,33.95998],[-3.8954,33.9588],[-3.89498,33.95677],[-3.90005,33.95451],[-3.89839,33.94916],[-3.90163,33.94373],[-3.90115,33.93915],[-3.90359,33.93877],[-3.9025,33.93314],[-3.90629,33.92252],[-3.91091,33.91924],[-3.9042,33.91051],[-3.90374,33.90137],[-3.8994,33.89152],[-3.91016,33.8708],[-3.9153,33.85605],[-3.91401,33.85412],[-3.9277,33.83167],[-3.96266,33.80217],[-3.96901,33.79567],[-3.97069,33.79047],[-3.97837,33.78359],[-3.97702,33.78136],[-3.96426,33.78208],[-3.96784,33.777],[-3.96057,33.74906],[-3.96042,33.7404],[-3.96236,33.73801],[-3.97446,33.73438],[-4.00374,33.72043],[-4.01798,33.7168],[-4.02575,33.72145],[-4.04327,33.7149],[-4.06271,33.70335],[-4.02716,33.70306],[-4.0224,33.70041],[-4.02006,33.69369],[-4.02134,33.69065],[-4.03451,33.68245],[-4.07434,33.66534],[-4.10158,33.66231],[-4.10792,33.65958],[-4.09503,33.63021],[-4.09533,33.62244],[-4.09183,33.61373],[-4.09522,33.60173],[-4.10041,33.5955],[-4.0982,33.58268],[-4.10078,33.57672],[-4.09444,33.56045],[-4.0803,33.55103],[-4.06189,33.54671],[-4.05128,33.54019],[-4.02925,33.53681],[-4.02771,33.53972],[-4.02456,33.53969],[-4.01376,33.53633],[-4.0086,33.53692],[-4.00769,33.53988],[-4.00213,33.54102],[-3.99681,33.51797],[-3.97653,33.51775],[-3.97387,33.51546],[-3.95906,33.52206],[-3.93994,33.5271],[-3.92977,33.54026],[-3.92889,33.54949],[-3.92271,33.54937],[-3.91648,33.55518],[-3.90289,33.56186],[-3.89636,33.56072],[-3.89005,33.56796],[-3.88629,33.56857],[-3.88382,33.56629],[-3.88087,33.54497],[-3.86503,33.53147],[-3.86267,33.52663],[-3.86172,33.51036],[-3.87,33.50132],[-3.87154,33.49435],[-3.87016,33.49106],[-3.84983,33.50662],[-3.84334,33.51724],[-3.83732,33.52141],[-3.83465,33.53419],[-3.8282,33.54667],[-3.82217,33.54984],[-3.81327,33.54987],[-3.79547,33.55899],[-3.79345,33.56203],[-3.79998,33.56901],[-3.81408,33.57021],[-3.81874,33.57535],[-3.82612,33.57848],[-3.83187,33.58419],[-3.83808,33.60042],[-3.8343,33.6121],[-3.82797,33.62005],[-3.8091,33.62335],[-3.80984,33.63739],[-3.80434,33.64715],[-3.78421,33.67148],[-3.7648,33.67648],[-3.74897,33.68406],[-3.74043,33.69499],[-3.73243,33.71033],[-3.72622,33.71345],[-3.71777,33.72555],[-3.71346,33.73891],[-3.70425,33.74227],[-3.68019,33.74599],[-3.67331,33.75862],[-3.6601,33.76593],[-3.65324,33.77467],[-3.64266,33.78287],[-3.63451,33.80514],[-3.62569,33.81556],[-3.62469,33.82256],[-3.61694,33.82577],[-3.60505,33.83986],[-3.58836,33.85056],[-3.57558,33.85593],[-3.56451,33.87199],[-3.56435,33.87531],[-3.54912,33.89239],[-3.54297,33.9075],[-3.53396,33.91751],[-3.52591,33.91816],[-3.50752,33.91177],[-3.49337,33.901],[-3.48798,33.90189],[-3.48374,33.89966],[-3.48001,33.90345],[-3.47608,33.90351],[-3.44989,33.88262],[-3.42757,33.88076],[-3.42037,33.87772],[-3.41635,33.87206],[-3.4083,33.86865],[-3.39825,33.85376],[-3.398,33.84709],[-3.39369,33.84354],[-3.3774,33.83223],[-3.36693,33.82872],[-3.3615,33.82997],[-3.3488,33.8233],[-3.34091,33.81161],[-3.32945,33.8117],[-3.32486,33.80963],[-3.31756,33.7964],[-3.3129,33.79573],[-3.29272,33.78019],[-3.25087,33.77736],[-3.19607,33.76277],[-3.17006,33.7607],[-3.10393,33.74572],[-3.09627,33.77386],[-3.07016,33.77407],[-3.06487,33.7715],[-3.04399,33.76964],[-3.03832,33.74979],[-3.03862,33.74261],[-3.05531,33.71632],[-3.06552,33.70283],[-3.10152,33.6649],[-3.1258,33.64431],[-3.13792,33.63893],[-3.1363,33.63621],[-3.13905,33.63583],[-3.14325,33.625],[-3.14877,33.62453],[-3.16107,33.6285],[-3.16199,33.63125],[-3.17076,33.62831],[-3.18492,33.61811],[-3.19217,33.59744],[-3.20064,33.58175],[-3.21077,33.5774],[-3.22328,33.57643],[-3.23391,33.57007],[-3.25327,33.57019],[-3.26323,33.55798],[-3.27759,33.54928],[-3.28049,33.54484],[-3.28745,33.54142],[-3.28774,33.53897],[-3.28502,33.53733],[-3.28347,33.53083],[-3.26941,33.52327],[-3.26355,33.50998],[-3.25241,33.49979],[-3.23654,33.50201],[-3.22214,33.50101],[-3.20568,33.49464],[-3.17796,33.48982],[-3.14853,33.46052],[-3.11856,33.44344],[-3.11209,33.44178],[-3.10491,33.44365],[-3.10188,33.43611],[-3.0944,33.43494],[-3.07985,33.41743],[-3.07563,33.41597],[-3.06831,33.40609],[-3.0562,33.39519],[-3.04809,33.39387],[-3.0118,33.37291],[-2.91794,33.21036],[-2.9025,33.20227],[-2.8923,33.19251],[-2.90391,33.19229],[-2.9067,33.19001],[-2.90677,33.1863],[-2.9168,33.18384],[-2.91947,33.18127],[-2.93403,33.17926],[-2.94263,33.18203],[-2.95195,33.18098],[-2.95733,33.18264],[-2.96765,33.17151],[-2.98643,33.17106],[-2.99216,33.16417],[-3.00634,33.16345],[-3.01675,33.15176],[-3.02577,33.14795],[-3.02728,33.14379],[-3.03081,33.14212],[-3.05762,33.14435],[-3.06867,33.14076],[-3.08902,33.13949],[-3.12804,33.13063],[-3.13843,33.13168],[-3.17664,33.12085],[-3.21152,33.11963],[-3.2247,33.11552],[-3.23682,33.10743],[-3.26196,33.10822],[-3.28579,33.10254],[-3.29737,33.1029],[-3.31931,33.09416],[-3.32895,33.09281],[-3.34664,33.09175],[-3.36244,33.09461],[-3.38363,33.09297],[-3.39542,33.08937],[-3.4143,33.08855],[-3.42472,33.09062],[-3.46438,33.09062],[-3.48364,33.09318],[-3.49362,33.1],[-3.52308,33.10289],[-3.54543,33.09906],[-3.54897,33.08716],[-3.56379,33.10129],[-3.56755,33.1081],[-3.60987,33.13145],[-3.62158,33.10165],[-3.68295,33.0936],[-3.70557,33.08],[-3.674,33.05777],[-3.70714,33.02927],[-3.72571,33.00228],[-3.77418,32.94247],[-3.81955,32.89974],[-3.84462,32.86724],[-3.88061,32.83413],[-3.88978,32.82326],[-3.90497,32.78677],[-3.91755,32.76731],[-3.92105,32.75558],[-3.94989,32.72082],[-3.96746,32.7035],[-3.97854,32.68849],[-4.00077,32.66991],[-4.01036,32.65801],[-4.0154,32.65025],[-4.01593,32.64076],[-4.01933,32.63749],[-4.01842,32.6193],[-4.01301,32.59947],[-4.01591,32.60103],[-4.05787,32.60056],[-4.10358,32.62304],[-4.17408,32.60105],[-4.21682,32.61378],[-4.24227,32.65712],[-4.28503,32.71475],[-4.3242,32.75042],[-4.37134,32.78687],[-4.40533,32.81064],[-4.46409,32.84235],[-4.48723,32.86755],[-4.4775,32.88272],[-4.52374,32.89548],[-4.55809,32.89627],[-4.623,32.87968],[-4.65647,32.88055],[-4.71383,32.89237],[-4.76979,32.91225],[-4.77295,32.9271],[-4.75502,32.95995],[-4.76643,33.00038],[-4.77459,33.01802],[-4.80832,33.04761],[-4.82145,33.07266],[-4.82774,33.09795],[-4.83516,33.08639],[-4.84564,33.07592],[-4.86334,33.07433],[-4.89277,33.0792],[-4.98031,33.08051],[-4.99645,33.08316],[-5.01719,33.07362],[-5.03636,33.0577],[-5.04374,33.04627],[-5.05524,33.04078],[-5.0661,33.02754],[-5.06978,33.02686],[-5.07208,33.01393],[-5.06629,33.00725],[-5.05685,32.98089],[-5.09285,32.95953],[-5.12747,32.94548],[-5.13289,32.91759],[-5.14186,32.90886],[-5.16871,32.90467],[-5.19022,32.91552],[-5.2361,32.87934],[-5.2603,32.86604],[-5.27429,32.861],[-5.24869,32.90464],[-5.24123,32.92394],[-5.2516,32.94093],[-5.27326,32.96661],[-5.30849,32.98321],[-5.32407,32.98612],[-5.32988,32.99689],[-5.28814,33.00388],[-5.29064,33.02985],[-5.31928,33.0403],[-5.3297,33.08324],[-5.29888,33.09753],[-5.28367,33.12961],[-5.27966,33.16155],[-5.28198,33.16866],[-5.28852,33.17427],[-5.29709,33.1757],[-5.34104,33.15995],[-5.36742,33.15298],[-5.4182,33.15645],[-5.44773,33.16469],[-5.48601,33.19403],[-5.4893,33.23497],[-5.51244,33.2564],[-5.50017,33.30335],[-5.50106,33.30912],[-5.50715,33.31014],[-5.50639,33.32495],[-5.5166,33.31932],[-5.51998,33.32404],[-5.5182,33.32873],[-5.52473,33.33917],[-5.54308,33.34361],[-5.53881,33.34945],[-5.55153,33.35752],[-5.55244,33.36302],[-5.57257,33.36921],[-5.57017,33.37526],[-5.58068,33.38727],[-5.58329,33.38258],[-5.59187,33.38251],[-5.59659,33.38874],[-5.60698,33.38222],[-5.61347,33.38655],[-5.61676,33.38229],[-5.62157,33.3838],[-5.62517,33.38989],[-5.62886,33.38616],[-5.64376,33.38956],[-5.6486,33.39352],[-5.65036,33.39858],[-5.65641,33.40028],[-5.67135,33.39441],[-5.72314,33.41226],[-5.73696,33.42152],[-5.74805,33.4169],[-5.75483,33.42473],[-5.75455,33.42846],[-5.76246,33.43102],[-5.77378,33.44092],[-5.77045,33.44568],[-5.77302,33.44884],[-5.78265,33.45407],[-5.78568,33.46059],[-5.78164,33.46539],[-5.78267,33.4684],[-5.78791,33.47097],[-5.78543,33.47516],[-5.78781,33.47623],[-5.78744,33.47827],[-5.79096,33.47802],[-5.79308,33.48037],[-5.80083,33.47648],[-5.81294,33.48246],[-5.81658,33.48649],[-5.81639,33.48904],[-5.82148,33.48849],[-5.82399,33.49056],[-5.82178,33.49304],[-5.81682,33.49346],[-5.81461,33.49884],[-5.77972,33.51494],[-5.78345,33.53593],[-5.78044,33.55424],[-5.78611,33.57237],[-5.80431,33.60632],[-5.79177,33.61088],[-5.7776,33.6521],[-5.78546,33.66722],[-5.76319,33.69123],[-5.74171,33.70628],[-5.73229,33.75291],[-5.72044,33.76954],[-5.71459,33.78569],[-5.72257,33.79139],[-5.73407,33.80451],[-5.76336,33.81487],[-5.75323,33.83745],[-5.76747,33.85078],[-5.77502,33.85364],[-5.78256,33.85305],[-5.78585,33.85816],[-5.79001,33.85566],[-5.80237,33.86575],[-5.80747,33.8749],[-5.79797,33.88706],[-5.80085,33.89169],[-5.79911,33.89318],[-5.77798,33.89586],[-5.78155,33.90404],[-5.77789,33.91655],[-5.77365,33.9179],[-5.774,33.92869],[-5.76293,33.92789],[-5.75289,33.93795],[-5.75705,33.94105],[-5.75258,33.94623],[-5.76775,33.96477],[-5.77614,33.98107],[-5.79652,33.99441],[-5.80094,34.0018],[-5.8134,34.0135],[-5.81023,34.0202],[-5.7987,34.02423],[-5.8123,34.04566],[-5.83197,34.04986],[-5.85425,34.06446],[-5.88311,34.10319]]]}},{"type":"Feature","properties":{"country":"MA","region":"Béni Mellal-Khénifra"},"geometry":{"type":"Polygon","coordinates":[[[-7.31667,31.67028],[-7.32114,31.69344],[-7.31375,31.69578],[-7.3026,31.69526],[-7.30706,31.70417],[-7.31856,31.71301],[-7.28509,31.73372],[-7.28204,31.74739],[-7.2738,31.74769],[-7.27212,31.73957],[-7.26537,31.73931],[-7.26348,31.75071],[-7.2656,31.76148],[-7.25797,31.76355],[-7.24806,31.76044],[-7.24176,31.76376],[-7.22945,31.76186],[-7.22932,31.77304],[-7.21746,31.76181],[-7.19794,31.76219],[-7.19811,31.75825],[-7.18729,31.75547],[-7.18438,31.75095],[-7.1691,31.74365],[-7.10323,31.75985],[-7.04889,31.76073],[-7.0243,31.77436],[-7.0433,31.78755],[-7.03703,31.81466],[-7.03352,31.82128],[-7.03596,31.82585],[-7.03481,31.8276],[-7.02879,31.82338],[-7.01847,31.82017],[-7.00207,31.82131],[-7.008,31.82857],[-7.01279,31.84676],[-7.02372,31.84617],[-7.02051,31.86069],[-7.04101,31.87208],[-7.05539,31.89348],[-7.05161,31.90426],[-7.06792,31.90752],[-7.06297,31.94098],[-7.06906,31.9654],[-7.05299,31.97254],[-7.05754,31.98257],[-7.0817,31.99678],[-7.08819,32.00584],[-7.11022,32.02033],[-7.11742,32.04595],[-7.11814,32.08565],[-7.12756,32.1016],[-7.12695,32.11291],[-7.13095,32.12911],[-7.12266,32.15342],[-7.12421,32.16192],[-7.11047,32.19103],[-7.10502,32.21333],[-7.11618,32.23195],[-7.10047,32.3053],[-7.10889,32.31324],[-7.11689,32.32563],[-7.11897,32.32637],[-7.12229,32.3236],[-7.12597,32.31464],[-7.12903,32.31479],[-7.13304,32.31927],[-7.13059,32.32478],[-7.10553,32.35298],[-7.04068,32.37365],[-7.05586,32.44423],[-6.99221,32.49946],[-7.00897,32.54888],[-7.01513,32.55661],[-6.99629,32.56049],[-6.98649,32.63569],[-6.99297,32.64339],[-7.01308,32.65582],[-7.03001,32.67671],[-7.04297,32.68434],[-7.05023,32.69673],[-7.05592,32.69871],[-7.05004,32.71702],[-7.04614,32.72305],[-7.04575,32.73358],[-7.02241,32.77042],[-7.03441,32.77013],[-7.02892,32.78859],[-7.01284,32.81085],[-6.99988,32.8478],[-7.00605,32.92233],[-7.0039,32.93124],[-6.99872,32.93837],[-7.00826,32.94743],[-7.00255,32.95612],[-6.9813,32.94978],[-6.96881,32.95262],[-6.96267,32.95931],[-6.94286,32.99175],[-6.94442,33.00891],[-6.9119,33.04327],[-6.90608,33.04277],[-6.90131,33.05361],[-6.89037,33.05741],[-6.87625,33.07198],[-6.87393,33.07982],[-6.8784,33.08658],[-6.8632,33.10757],[-6.87179,33.10732],[-6.88355,33.11204],[-6.88997,33.13779],[-6.88756,33.14917],[-6.86737,33.18592],[-6.8534,33.19869],[-6.85812,33.20656],[-6.85837,33.21948],[-6.86047,33.22078],[-6.85035,33.22453],[-6.84666,33.2288],[-6.84,33.229],[-6.83077,33.23653],[-6.80741,33.23829],[-6.79613,33.23364],[-6.79621,33.2284],[-6.7863,33.21722],[-6.76746,33.2188],[-6.7475,33.21688],[-6.74459,33.20873],[-6.73802,33.20397],[-6.72264,33.20262],[-6.71574,33.20585],[-6.70712,33.2048],[-6.69676,33.20913],[-6.68726,33.20989],[-6.65726,33.22165],[-6.61993,33.20655],[-6.62131,33.19976],[-6.61373,33.19449],[-6.60264,33.19463],[-6.58197,33.17956],[-6.57007,33.178],[-6.5673,33.17444],[-6.56332,33.17409],[-6.55304,33.16344],[-6.52134,33.1624],[-6.51699,33.16692],[-6.49837,33.16914],[-6.49194,33.17879],[-6.48628,33.17868],[-6.48448,33.17447],[-6.47954,33.17479],[-6.46747,33.18634],[-6.45375,33.19207],[-6.4511,33.20332],[-6.4444,33.20106],[-6.43281,33.20232],[-6.43278,33.20455],[-6.43877,33.20675],[-6.44025,33.21291],[-6.43914,33.2184],[-6.43002,33.2279],[-6.42615,33.22851],[-6.42073,33.22426],[-6.41352,33.2245],[-6.41112,33.2282],[-6.4123,33.23245],[-6.40777,33.23848],[-6.39445,33.23956],[-6.39555,33.24515],[-6.394,33.24829],[-6.38258,33.25286],[-6.3802,33.26049],[-6.3827,33.26367],[-6.37965,33.26476],[-6.38147,33.27488],[-6.39276,33.2746],[-6.39353,33.2783],[-6.3973,33.27973],[-6.39452,33.2844],[-6.39567,33.28932],[-6.3916,33.29426],[-6.40147,33.29022],[-6.40367,33.29251],[-6.40047,33.29584],[-6.4043,33.29867],[-6.40443,33.30422],[-6.40834,33.30636],[-6.40871,33.31006],[-6.4062,33.31357],[-6.41136,33.32046],[-6.41682,33.3225],[-6.40675,33.32853],[-6.40404,33.33197],[-6.40403,33.33802],[-6.39967,33.3428],[-6.39111,33.34647],[-6.39743,33.35383],[-6.41186,33.36128],[-6.41067,33.36427],[-6.40408,33.36471],[-6.40354,33.36971],[-6.40746,33.37285],[-6.40299,33.37348],[-6.3981,33.37771],[-6.40068,33.38562],[-6.39318,33.38228],[-6.3786,33.39242],[-6.37599,33.39516],[-6.37668,33.4088],[-6.36754,33.41425],[-6.36869,33.45047],[-6.36669,33.45771],[-6.37149,33.46483],[-6.36924,33.47126],[-6.37128,33.47399],[-6.37055,33.47893],[-6.36621,33.48315],[-6.3502,33.48107],[-6.34275,33.48236],[-6.33077,33.47914],[-6.31752,33.47093],[-6.31787,33.46815],[-6.31559,33.4668],[-6.30636,33.46783],[-6.29585,33.46548],[-6.28084,33.45743],[-6.29135,33.42663],[-6.28015,33.42527],[-6.2709,33.42882],[-6.25024,33.4183],[-6.22557,33.42568],[-6.22436,33.42831],[-6.21252,33.42487],[-6.20643,33.42814],[-6.20491,33.42503],[-6.20962,33.41545],[-6.2043,33.41004],[-6.20439,33.40388],[-6.1967,33.40271],[-6.19259,33.39954],[-6.19087,33.40142],[-6.18512,33.39605],[-6.18117,33.39653],[-6.18214,33.39376],[-6.17978,33.39125],[-6.17291,33.38853],[-6.16774,33.38829],[-6.16724,33.3911],[-6.16001,33.39171],[-6.15903,33.39368],[-6.15774,33.38892],[-6.16566,33.37989],[-6.16327,33.38019],[-6.15967,33.37487],[-6.15145,33.37883],[-6.14705,33.37801],[-6.14896,33.37645],[-6.14598,33.36654],[-6.15134,33.36561],[-6.153,33.35858],[-6.15319,33.35032],[-6.15059,33.34595],[-6.15199,33.34094],[-6.14609,33.33139],[-6.13639,33.32772],[-6.13935,33.32371],[-6.13686,33.31396],[-6.14038,33.31124],[-6.1345,33.30779],[-6.13707,33.30539],[-6.13283,33.30424],[-6.13497,33.30076],[-6.13145,33.30051],[-6.13274,33.29904],[-6.13098,33.29786],[-6.12047,33.29474],[-6.10369,33.30022],[-6.09609,33.29467],[-6.09004,33.30065],[-6.08163,33.30191],[-6.08107,33.29542],[-6.07592,33.29556],[-6.07327,33.29344],[-6.07738,33.2893],[-6.06438,33.28502],[-6.06596,33.28046],[-6.06227,33.27834],[-6.01471,33.30599],[-6.00929,33.3114],[-6.00886,33.32257],[-6.0037,33.32937],[-5.99741,33.32963],[-5.99375,33.32157],[-5.98994,33.31912],[-5.97781,33.31918],[-5.97973,33.32035],[-5.97566,33.3197],[-5.96332,33.33203],[-5.96037,33.32762],[-5.94777,33.3192],[-5.9355,33.33208],[-5.92605,33.32594],[-5.92381,33.31775],[-5.92199,33.32452],[-5.91325,33.32987],[-5.91114,33.32917],[-5.9169,33.3188],[-5.912,33.31717],[-5.9107,33.31397],[-5.88694,33.31529],[-5.87961,33.31048],[-5.86862,33.31275],[-5.86575,33.31084],[-5.86403,33.31361],[-5.85907,33.31],[-5.83229,33.31093],[-5.82994,33.3067],[-5.82645,33.30536],[-5.81214,33.30906],[-5.78812,33.32773],[-5.77417,33.33407],[-5.78374,33.33815],[-5.79437,33.33617],[-5.79575,33.34254],[-5.81706,33.36101],[-5.80754,33.37507],[-5.80611,33.39891],[-5.80969,33.41006],[-5.81621,33.41951],[-5.81621,33.42698],[-5.80669,33.43258],[-5.78676,33.4702],[-5.78267,33.4684],[-5.78164,33.46539],[-5.78568,33.46059],[-5.78265,33.45407],[-5.77045,33.44568],[-5.77378,33.44092],[-5.76246,33.43102],[-5.75455,33.42846],[-5.75483,33.42473],[-5.74805,33.4169],[-5.73696,33.42152],[-5.72314,33.41226],[-5.67135,33.39441],[-5.65641,33.40028],[-5.65036,33.39858],[-5.6486,33.39352],[-5.64376,33.38956],[-5.62886,33.38616],[-5.62517,33.38989],[-5.62157,33.3838],[-5.61676,33.38229],[-5.61347,33.38655],[-5.60698,33.38222],[-5.59659,33.38874],[-5.59187,33.38251],[-5.58329,33.38258],[-5.58068,33.38727],[-5.57017,33.37526],[-5.57257,33.36921],[-5.55244,33.36302],[-5.55153,33.35752],[-5.53881,33.34945],[-5.54308,33.34361],[-5.52473,33.33917],[-5.5182,33.32873],[-5.51998,33.32404],[-5.5166,33.31932],[-5.50639,33.32495],[-5.50715,33.31014],[-5.50106,33.30912],[-5.50017,33.30335],[-5.51244,33.2564],[-5.4893,33.23497],[-5.48601,33.19403],[-5.44773,33.16469],[-5.4182,33.15645],[-5.36742,33.15298],[-5.34104,33.15995],[-5.29709,33.1757],[-5.28852,33.17427],[-5.28198,33.16866],[-5.27966,33.16155],[-5.28367,33.12961],[-5.29888,33.09753],[-5.3297,33.08324],[-5.31928,33.0403],[-5.29064,33.02985],[-5.28814,33.00388],[-5.32988,32.99689],[-5.32407,32.98612],[-5.30849,32.98321],[-5.27326,32.96661],[-5.2516,32.94093],[-5.24123,32.92394],[-5.24869,32.90464],[-5.27429,32.861],[-5.25455,32.86937],[-5.24929,32.85651],[-5.26245,32.85419],[-5.28769,32.83972],[-5.29704,32.82102],[-5.31163,32.80709],[-5.30357,32.79516],[-5.31678,32.77761],[-5.31798,32.76418],[-5.313,32.74491],[-5.31463,32.71928],[-5.35871,32.71423],[-5.35017,32.70332],[-5.34571,32.69339],[-5.34003,32.69519],[-5.33017,32.68447],[-5.32163,32.68082],[-5.31667,32.68186],[-5.31548,32.64175],[-5.32304,32.63291],[-5.32177,32.61856],[-5.32663,32.61916],[-5.33159,32.61545],[-5.33352,32.61097],[-5.33667,32.61007],[-5.33704,32.60479],[-5.34427,32.60283],[-5.34223,32.59792],[-5.3443,32.58616],[-5.35343,32.56537],[-5.35524,32.53774],[-5.37047,32.53679],[-5.4021,32.54014],[-5.4269,32.53851],[-5.46256,32.52156],[-5.4974,32.50964],[-5.5212,32.4982],[-5.52565,32.49301],[-5.54258,32.4873],[-5.52166,32.46676],[-5.53763,32.4233],[-5.53925,32.41027],[-5.55363,32.38689],[-5.54929,32.35943],[-5.52947,32.31081],[-5.57097,32.24305],[-5.57357,32.24321],[-5.57489,32.24022],[-5.57198,32.2394],[-5.5712,32.23164],[-5.58179,32.22747],[-5.612,32.2233],[-5.63521,32.21723],[-5.67006,32.21242],[-5.68907,32.21236],[-5.70038,32.20586],[-5.71165,32.19558],[-5.71858,32.18506],[-5.72258,32.17361],[-5.73852,32.15284],[-5.74611,32.14631],[-5.7709,32.13324],[-5.79271,32.11817],[-5.79773,32.11584],[-5.85213,32.12331],[-5.85796,32.11798],[-5.86827,32.09805],[-5.86672,32.08659],[-5.8753,32.06284],[-5.88217,32.0291],[-5.88818,31.98342],[-5.82587,31.96374],[-5.80267,31.93889],[-5.79858,31.92805],[-5.82396,31.89373],[-5.82449,31.88315],[-5.81887,31.89531],[-5.81729,31.85757],[-5.8554,31.83931],[-5.89436,31.8321],[-5.92061,31.82112],[-5.94398,31.78644],[-5.95149,31.77052],[-5.96616,31.75111],[-5.98005,31.73997],[-6.00235,31.73015],[-6.01771,31.7202],[-6.06029,31.70571],[-6.12259,31.69121],[-6.26135,31.63622],[-6.31385,31.62001],[-6.35603,31.60307],[-6.39646,31.59114],[-6.42346,31.5788],[-6.43337,31.56962],[-6.44973,31.54763],[-6.45638,31.54608],[-6.47515,31.54888],[-6.48078,31.55553],[-6.48389,31.54341],[-6.49513,31.53582],[-6.5316,31.52351],[-6.56332,31.50785],[-6.63293,31.46149],[-6.66215,31.46166],[-6.70101,31.46948],[-6.70335,31.41835],[-6.71296,31.37572],[-6.71874,31.35774],[-6.73304,31.34882],[-6.8092,31.34334],[-6.92374,31.34501],[-6.97258,31.35118],[-6.99593,31.3493],[-7.00899,31.33899],[-7.03434,31.38719],[-7.03914,31.39027],[-7.06077,31.37034],[-7.10249,31.36492],[-7.11553,31.36829],[-7.12685,31.36647],[-7.13871,31.38075],[-7.15566,31.4283],[-7.17373,31.41689],[-7.18452,31.42896],[-7.18215,31.44196],[-7.17361,31.45379],[-7.17047,31.46685],[-7.15708,31.46752],[-7.14856,31.48253],[-7.13963,31.52913],[-7.13075,31.53678],[-7.13414,31.55772],[-7.19348,31.55954],[-7.20892,31.57735],[-7.22215,31.60846],[-7.26373,31.62147],[-7.26786,31.6327],[-7.2631,31.66246],[-7.26974,31.67334],[-7.31667,31.67028]]]}}]}